timestamp,location_id,road_name,road_type,lanes,free_flow_speed,traffic_volume,average_speed,road_occupancy,weather,temperature,rainfall,incident,construction,congestion_level
2026-06-01 00:00,SEG_01,AB Road Central (Palasia to Geeta Bhawan),Arterial,3,50,297,49.5,9.6,Clear,20.1,0.0,0,0,0
2026-06-01 00:00,SEG_02,Eastern Bypass Corridor (Rau to Kanadia),Highway,4,80,1116,72.2,18.4,Clear,20.1,0.0,0,0,0
2026-06-01 00:00,SEG_03,Ring Road Section 3 (Robot Square to Radisson),Arterial,3,55,233,54.2,4.6,Clear,20.1,0.0,0,0,0
2026-06-01 00:00,SEG_04,Super Corridor West (Airport to MR10),Expressway,4,85,666,54.4,22.0,Clear,20.1,0.0,1,0,1
2026-06-01 00:00,SEG_05,Bhawarkua Arterial (University to Tower Square),Collector,2,45,168,43.2,6.0,Clear,20.1,0.0,0,0,0
2026-06-01 00:00,SEG_06,MR-10 Expressway Link (Tigaria to Vijay Nagar),Expressway,3,70,341,69.6,8.3,Clear,20.1,0.0,0,0,0
2026-06-01 00:00,SEG_07,Annapurna Road Corridor (Ranjeet Hanuman to Mhow),Collector,2,40,199,38.7,12.2,Clear,20.1,0.0,0,0,0
2026-06-01 00:00,SEG_08,Vijay Nagar Central Junction (Brilliant to Scheme 54),Arterial,3,50,403,48.9,7.4,Clear,20.1,0.0,0,0,0
2026-06-01 02:00,SEG_01,AB Road Central (Palasia to Geeta Bhawan),Arterial,3,50,259,48.1,8.1,Clear,22.0,0.0,0,0,0
2026-06-01 02:00,SEG_02,Eastern Bypass Corridor (Rau to Kanadia),Highway,4,80,1202,71.5,22.5,Clear,22.0,0.0,0,0,0
2026-06-01 02:00,SEG_03,Ring Road Section 3 (Robot Square to Radisson),Arterial,3,55,370,53.8,7.9,Clear,22.0,0.0,0,0,0
2026-06-01 02:00,SEG_04,Super Corridor West (Airport to MR10),Expressway,4,85,674,82.5,10.4,Clear,22.0,0.0,0,0,0
2026-06-01 02:00,SEG_05,Bhawarkua Arterial (University to Tower Square),Collector,2,45,244,41.1,12.2,Clear,22.0,0.0,0,0,0
2026-06-01 02:00,SEG_06,MR-10 Expressway Link (Tigaria to Vijay Nagar),Expressway,3,70,347,69.8,5.8,Clear,22.0,0.0,0,0,0
2026-06-01 02:00,SEG_07,Annapurna Road Corridor (Ranjeet Hanuman to Mhow),Collector,2,40,194,38.4,8.8,Clear,22.0,0.0,0,0,0
2026-06-01 02:00,SEG_08,Vijay Nagar Central Junction (Brilliant to Scheme 54),Arterial,3,50,308,49.1,10.2,Clear,22.0,0.0,0,0,0
2026-06-01 04:00,SEG_01,AB Road Central (Palasia to Geeta Bhawan),Arterial,3,50,459,45.8,11.2,Clear,23.9,0.0,0,0,0
2026-06-01 04:00,SEG_02,Eastern Bypass Corridor (Rau to Kanadia),Highway,4,80,1382,68.8,22.7,Clear,23.9,0.0,0,0,0
2026-06-01 04:00,SEG_03,Ring Road Section 3 (Robot Square to Radisson),Arterial,3,55,433,53.8,8.5,Clear,23.9,0.0,0,0,0
2026-06-01 04:00,SEG_04,Super Corridor West (Airport to MR10),Expressway,4,85,778,80.6,12.2,Clear,23.9,0.0,0,0,0
2026-06-01 04:00,SEG_05,Bhawarkua Arterial (University to Tower Square),Collector,2,45,150,45,8.6,Clear,23.9,0.0,0,0,0
2026-06-01 04:00,SEG_06,MR-10 Expressway Link (Tigaria to Vijay Nagar),Expressway,3,70,363,69.9,9.4,Clear,23.9,0.0,0,0,0
2026-06-01 04:00,SEG_07,Annapurna Road Corridor (Ranjeet Hanuman to Mhow),Collector,2,40,164,37.5,11.2,Clear,23.9,0.0,0,0,0
2026-06-01 04:00,SEG_08,Vijay Nagar Central Junction (Brilliant to Scheme 54),Arterial,3,50,381,46.2,10.4,Clear,23.9,0.0,0,0,0
2026-06-01 06:00,SEG_01,AB Road Central (Palasia to Geeta Bhawan),Arterial,3,50,1562,31.1,51.7,Clear,29.7,0.0,0,0,1
2026-06-01 06:00,SEG_02,Eastern Bypass Corridor (Rau to Kanadia),Highway,4,80,2432,55.0,45.2,Clear,29.7,0.0,0,0,1
2026-06-01 06:00,SEG_03,Ring Road Section 3 (Robot Square to Radisson),Arterial,3,55,1275,40.2,39.4,Clear,29.7,0.0,0,0,1
2026-06-01 06:00,SEG_04,Super Corridor West (Airport to MR10),Expressway,4,85,2753,59.0,46.0,Clear,29.7,0.0,0,0,1
2026-06-01 06:00,SEG_05,Bhawarkua Arterial (University to Tower Square),Collector,2,45,651,35.7,34.3,Clear,29.7,0.0,0,0,0
2026-06-01 06:00,SEG_06,MR-10 Expressway Link (Tigaria to Vijay Nagar),Expressway,3,70,1486,52.3,38.6,Clear,29.7,0.0,0,0,1
2026-06-01 06:00,SEG_07,Annapurna Road Corridor (Ranjeet Hanuman to Mhow),Collector,2,40,601,31.8,32.9,Clear,29.7,0.0,0,0,0
2026-06-01 06:00,SEG_08,Vijay Nagar Central Junction (Brilliant to Scheme 54),Arterial,3,50,1579,31.5,50.6,Clear,29.7,0.0,0,0,1
2026-06-01 08:00,SEG_01,AB Road Central (Palasia to Geeta Bhawan),Arterial,3,50,2851,10.1,95.8,Clear,29.5,0.0,0,0,3
2026-06-01 08:00,SEG_02,Eastern Bypass Corridor (Rau to Kanadia),Highway,4,80,3877,30.7,73.4,Clear,29.5,0.0,0,0,2
2026-06-01 08:00,SEG_03,Ring Road Section 3 (Robot Square to Radisson),Arterial,3,55,2615,8.3,93.5,Clear,29.5,0.0,0,0,3
2026-06-01 08:00,SEG_04,Super Corridor West (Airport to MR10),Expressway,4,85,4949,16.8,88.7,Clear,29.5,0.0,0,0,3
2026-06-01 08:00,SEG_05,Bhawarkua Arterial (University to Tower Square),Collector,2,45,1340,15.2,79.4,Clear,29.5,0.0,0,0,2
2026-06-01 08:00,SEG_06,MR-10 Expressway Link (Tigaria to Vijay Nagar),Expressway,3,70,3294,14.6,94.6,Clear,29.5,0.0,0,0,3
2026-06-01 08:00,SEG_07,Annapurna Road Corridor (Ranjeet Hanuman to Mhow),Collector,2,40,1545,8.0,98.0,Clear,29.5,0.0,0,0,3
2026-06-01 08:00,SEG_08,Vijay Nagar Central Junction (Brilliant to Scheme 54),Arterial,3,50,2376,16.0,81.8,Clear,29.5,0.0,0,0,2
2026-06-01 10:00,SEG_01,AB Road Central (Palasia to Geeta Bhawan),Arterial,3,50,2518,15.2,83.0,Clear,34.3,0.0,0,0,3
2026-06-01 10:00,SEG_02,Eastern Bypass Corridor (Rau to Kanadia),Highway,4,80,4398,21.9,85.0,Clear,34.3,0.0,0,0,3
2026-06-01 10:00,SEG_03,Ring Road Section 3 (Robot Square to Radisson),Arterial,3,55,2543,10.2,91.1,Clear,34.3,0.0,0,0,3
2026-06-01 10:00,SEG_04,Super Corridor West (Airport to MR10),Expressway,4,85,4934,16.7,87.0,Clear,34.3,0.0,0,0,3
2026-06-01 10:00,SEG_05,Bhawarkua Arterial (University to Tower Square),Collector,2,45,1483,8.0,93.7,Clear,34.3,0.0,0,0,3
2026-06-01 10:00,SEG_06,MR-10 Expressway Link (Tigaria to Vijay Nagar),Expressway,3,70,2905,19.8,82.8,Clear,34.3,0.0,0,0,3
2026-06-01 10:00,SEG_07,Annapurna Road Corridor (Ranjeet Hanuman to Mhow),Collector,2,40,1411,8.1,90.5,Clear,34.3,0.0,0,0,3
2026-06-01 10:00,SEG_08,Vijay Nagar Central Junction (Brilliant to Scheme 54),Arterial,3,50,2586,10.9,88.8,Clear,34.3,0.0,0,0,3
2026-06-01 12:00,SEG_01,AB Road Central (Palasia to Geeta Bhawan),Arterial,3,50,2063,22.1,65.9,Clear,33.8,0.0,0,0,2
2026-06-01 12:00,SEG_02,Eastern Bypass Corridor (Rau to Kanadia),Highway,4,80,3454,38.7,62.4,Clear,33.8,0.0,0,0,2
2026-06-01 12:00,SEG_03,Ring Road Section 3 (Robot Square to Radisson),Arterial,3,55,1796,31.0,60.4,Clear,33.8,0.0,0,0,1
2026-06-01 12:00,SEG_04,Super Corridor West (Airport to MR10),Expressway,4,85,3032,55.1,52.3,Clear,33.8,0.0,0,0,1
2026-06-01 12:00,SEG_05,Bhawarkua Arterial (University to Tower Square),Collector,2,45,814,31.0,43.9,Clear,33.8,0.0,0,0,1
2026-06-01 12:00,SEG_06,MR-10 Expressway Link (Tigaria to Vijay Nagar),Expressway,3,70,2144,39.9,55.9,Clear,33.8,0.0,0,0,1
2026-06-01 12:00,SEG_07,Annapurna Road Corridor (Ranjeet Hanuman to Mhow),Collector,2,40,932,20.8,58.7,Clear,33.8,0.0,0,0,1
2026-06-01 12:00,SEG_08,Vijay Nagar Central Junction (Brilliant to Scheme 54),Arterial,3,50,1505,34.4,44.4,Clear,33.8,0.0,0,0,1
2026-06-01 14:00,SEG_01,AB Road Central (Palasia to Geeta Bhawan),Arterial,3,50,1429,36.8,42.6,Cloudy,28.7,0.0,0,0,1
2026-06-01 14:00,SEG_02,Eastern Bypass Corridor (Rau to Kanadia),Highway,4,80,3232,41.9,58.9,Cloudy,28.7,0.0,0,0,2
2026-06-01 14:00,SEG_03,Ring Road Section 3 (Robot Square to Radisson),Arterial,3,55,1847,29.5,60.0,Cloudy,28.7,0.0,0,0,2
2026-06-01 14:00,SEG_04,Super Corridor West (Airport to MR10),Expressway,4,85,2865,58.6,45.6,Cloudy,28.7,0.0,0,0,1
2026-06-01 14:00,SEG_05,Bhawarkua Arterial (University to Tower Square),Collector,2,45,916,29.3,53.7,Cloudy,28.7,0.0,0,0,1
2026-06-01 14:00,SEG_06,MR-10 Expressway Link (Tigaria to Vijay Nagar),Expressway,3,70,2296,36.7,60.9,Cloudy,28.7,0.0,0,0,2
2026-06-01 14:00,SEG_07,Annapurna Road Corridor (Ranjeet Hanuman to Mhow),Collector,2,40,1008,21.3,60.8,Cloudy,28.7,0.0,0,0,2
2026-06-01 14:00,SEG_08,Vijay Nagar Central Junction (Brilliant to Scheme 54),Arterial,3,50,1716,31.5,51.0,Cloudy,28.7,0.0,0,0,1
2026-06-01 16:00,SEG_01,AB Road Central (Palasia to Geeta Bhawan),Arterial,3,50,1754,28.2,54.9,Cloudy,26.8,0.0,0,0,1
2026-06-01 16:00,SEG_02,Eastern Bypass Corridor (Rau to Kanadia),Highway,4,80,3450,39.9,63.3,Cloudy,26.8,0.0,0,0,2
2026-06-01 16:00,SEG_03,Ring Road Section 3 (Robot Square to Radisson),Arterial,3,55,1803,27.4,64.8,Cloudy,26.8,0.0,0,0,2
2026-06-01 16:00,SEG_04,Super Corridor West (Airport to MR10),Expressway,4,85,3231,49.6,54.0,Cloudy,26.8,0.0,0,0,1
2026-06-01 16:00,SEG_05,Bhawarkua Arterial (University to Tower Square),Collector,2,45,963,26.5,54.3,Cloudy,26.8,0.0,0,0,1
2026-06-01 16:00,SEG_06,MR-10 Expressway Link (Tigaria to Vijay Nagar),Expressway,3,70,1978,41.0,56.0,Cloudy,26.8,0.0,0,0,1
2026-06-01 16:00,SEG_07,Annapurna Road Corridor (Ranjeet Hanuman to Mhow),Collector,2,40,916,23.5,55.3,Cloudy,26.8,0.0,0,0,1
2026-06-01 16:00,SEG_08,Vijay Nagar Central Junction (Brilliant to Scheme 54),Arterial,3,50,1597,31.5,52.0,Cloudy,26.8,0.0,0,0,1
2026-06-01 18:00,SEG_01,AB Road Central (Palasia to Geeta Bhawan),Arterial,3,50,2640,8.9,89.5,Cloudy,24.2,0.0,0,0,3
2026-06-01 18:00,SEG_02,Eastern Bypass Corridor (Rau to Kanadia),Highway,4,80,5362,14.9,98.0,Cloudy,24.2,0.0,0,0,3
2026-06-01 18:00,SEG_03,Ring Road Section 3 (Robot Square to Radisson),Arterial,3,55,2400,13.5,86.0,Cloudy,24.2,0.0,0,0,3
2026-06-01 18:00,SEG_04,Super Corridor West (Airport to MR10),Expressway,4,85,5315,14.2,94.4,Cloudy,24.2,0.0,0,0,3
2026-06-01 18:00,SEG_05,Bhawarkua Arterial (University to Tower Square),Collector,2,45,1723,8.0,98.0,Cloudy,24.2,0.0,0,0,3
2026-06-01 18:00,SEG_06,MR-10 Expressway Link (Tigaria to Vijay Nagar),Expressway,3,70,3237,13.6,93.0,Cloudy,24.2,0.0,0,0,3
2026-06-01 18:00,SEG_07,Annapurna Road Corridor (Ranjeet Hanuman to Mhow),Collector,2,40,1120,8.0,78.8,Cloudy,24.2,0.0,1,0,3
2026-06-01 18:00,SEG_08,Vijay Nagar Central Junction (Brilliant to Scheme 54),Arterial,3,50,2761,9.5,90.5,Cloudy,24.2,0.0,0,0,3
2026-06-01 20:00,SEG_01,AB Road Central (Palasia to Geeta Bhawan),Arterial,3,50,2523,11.6,84.9,Cloudy,23.0,1.0,0,0,3
2026-06-01 20:00,SEG_02,Eastern Bypass Corridor (Rau to Kanadia),Highway,4,80,4693,12.6,91.0,Cloudy,23.0,1.0,0,0,3
2026-06-01 20:00,SEG_03,Ring Road Section 3 (Robot Square to Radisson),Arterial,3,55,2769,10.6,98.0,Cloudy,23.0,1.0,0,0,3
2026-06-01 20:00,SEG_04,Super Corridor West (Airport to MR10),Expressway,4,85,5654,15.8,98.0,Cloudy,23.0,1.0,0,0,3
2026-06-01 20:00,SEG_05,Bhawarkua Arterial (University to Tower Square),Collector,2,45,1586,9.7,95.9,Cloudy,23.0,1.0,0,0,3
2026-06-01 20:00,SEG_06,MR-10 Expressway Link (Tigaria to Vijay Nagar),Expressway,3,70,3082,15.7,89.5,Cloudy,23.0,1.0,0,0,3
2026-06-01 20:00,SEG_07,Annapurna Road Corridor (Ranjeet Hanuman to Mhow),Collector,2,40,1432,8.0,91.8,Cloudy,23.0,1.0,0,0,3
2026-06-01 20:00,SEG_08,Vijay Nagar Central Junction (Brilliant to Scheme 54),Arterial,3,50,2520,11.8,83.5,Cloudy,23.0,1.0,0,0,3
2026-06-01 22:00,SEG_01,AB Road Central (Palasia to Geeta Bhawan),Arterial,3,50,1336,36.3,43.0,Cloudy,22.4,0.6,0,0,1
2026-06-01 22:00,SEG_02,Eastern Bypass Corridor (Rau to Kanadia),Highway,4,80,3120,46.4,55.9,Cloudy,22.4,0.6,0,0,1
2026-06-01 22:00,SEG_03,Ring Road Section 3 (Robot Square to Radisson),Arterial,3,55,1056,45.3,34.9,Cloudy,22.4,0.6,0,0,0
2026-06-01 22:00,SEG_04,Super Corridor West (Airport to MR10),Expressway,4,85,2559,62.1,39.3,Cloudy,22.4,0.6,0,0,1
2026-06-01 22:00,SEG_05,Bhawarkua Arterial (University to Tower Square),Collector,2,45,669,34.0,37.9,Cloudy,22.4,0.6,0,0,1
2026-06-01 22:00,SEG_06,MR-10 Expressway Link (Tigaria to Vijay Nagar),Expressway,3,70,1449,52.1,38.2,Cloudy,22.4,0.6,0,0,1
2026-06-01 22:00,SEG_07,Annapurna Road Corridor (Ranjeet Hanuman to Mhow),Collector,2,40,580,29.9,36.1,Cloudy,22.4,0.6,0,0,0
2026-06-01 22:00,SEG_08,Vijay Nagar Central Junction (Brilliant to Scheme 54),Arterial,3,50,1192,38.4,34.0,Cloudy,22.4,0.6,0,0,0
2026-06-02 00:00,SEG_01,AB Road Central (Palasia to Geeta Bhawan),Arterial,3,50,345,36.8,14.7,Clear,23.0,0.0,0,1,0
2026-06-02 00:00,SEG_02,Eastern Bypass Corridor (Rau to Kanadia),Highway,4,80,1113,72.7,19.0,Clear,23.0,0.0,0,0,0
2026-06-02 00:00,SEG_03,Ring Road Section 3 (Robot Square to Radisson),Arterial,3,55,399,54.5,8.3,Clear,23.0,0.0,0,0,0
2026-06-02 00:00,SEG_04,Super Corridor West (Airport to MR10),Expressway,4,85,460,84.2,6.4,Clear,23.0,0.0,0,0,0
2026-06-02 00:00,SEG_05,Bhawarkua Arterial (University to Tower Square),Collector,2,45,169,42.5,9.7,Clear,23.0,0.0,0,0,0
2026-06-02 00:00,SEG_06,MR-10 Expressway Link (Tigaria to Vijay Nagar),Expressway,3,70,449,69.3,6.8,Clear,23.0,0.0,0,0,0
2026-06-02 00:00,SEG_07,Annapurna Road Corridor (Ranjeet Hanuman to Mhow),Collector,2,40,128,32.5,11.8,Clear,23.0,0.0,0,1,0
2026-06-02 00:00,SEG_08,Vijay Nagar Central Junction (Brilliant to Scheme 54),Arterial,3,50,373,48.8,7.1,Clear,23.0,0.0,0,0,0
2026-06-02 02:00,SEG_01,AB Road Central (Palasia to Geeta Bhawan),Arterial,3,50,301,37.4,15.4,Cloudy,22.9,0.0,0,1,0
2026-06-02 02:00,SEG_02,Eastern Bypass Corridor (Rau to Kanadia),Highway,4,80,1231,73.6,21.3,Cloudy,22.9,0.0,0,0,0
2026-06-02 02:00,SEG_03,Ring Road Section 3 (Robot Square to Radisson),Arterial,3,55,279,55,8.1,Cloudy,22.9,0.0,0,0,0
2026-06-02 02:00,SEG_04,Super Corridor West (Airport to MR10),Expressway,4,85,671,81.3,11.6,Cloudy,22.9,0.0,0,0,0
2026-06-02 02:00,SEG_05,Bhawarkua Arterial (University to Tower Square),Collector,2,45,199,44.4,7.5,Cloudy,22.9,0.0,0,0,0
2026-06-02 02:00,SEG_06,MR-10 Expressway Link (Tigaria to Vijay Nagar),Expressway,3,70,531,68.2,9.8,Cloudy,22.9,0.0,0,0,0
2026-06-02 02:00,SEG_07,Annapurna Road Corridor (Ranjeet Hanuman to Mhow),Collector,2,40,181,28.3,20.6,Cloudy,22.9,0.0,0,1,0
2026-06-02 02:00,SEG_08,Vijay Nagar Central Junction (Brilliant to Scheme 54),Arterial,3,50,278,48.3,9.9,Cloudy,22.9,0.0,0,0,0
2026-06-02 04:00,SEG_01,AB Road Central (Palasia to Geeta Bhawan),Arterial,3,50,282,39.2,15.2,Cloudy,22.1,1.4,0,1,0
2026-06-02 04:00,SEG_02,Eastern Bypass Corridor (Rau to Kanadia),Highway,4,80,1325,69.6,20.7,Cloudy,22.1,1.4,0,0,0
2026-06-02 04:00,SEG_03,Ring Road Section 3 (Robot Square to Radisson),Arterial,3,55,361,52.9,10.4,Cloudy,22.1,1.4,0,0,0
2026-06-02 04:00,SEG_04,Super Corridor West (Airport to MR10),Expressway,4,85,668,83.1,7.6,Cloudy,22.1,1.4,0,0,0
2026-06-02 04:00,SEG_05,Bhawarkua Arterial (University to Tower Square),Collector,2,45,157,42.5,8.8,Cloudy,22.1,1.4,0,0,0
2026-06-02 04:00,SEG_06,MR-10 Expressway Link (Tigaria to Vijay Nagar),Expressway,3,70,458,67.3,11.7,Cloudy,22.1,1.4,0,0,0
2026-06-02 04:00,SEG_07,Annapurna Road Corridor (Ranjeet Hanuman to Mhow),Collector,2,40,232,28.1,19.1,Cloudy,22.1,1.4,0,1,0
2026-06-02 04:00,SEG_08,Vijay Nagar Central Junction (Brilliant to Scheme 54),Arterial,3,50,256,31.9,17.2,Cloudy,22.1,1.4,1,0,1
2026-06-02 06:00,SEG_01,AB Road Central (Palasia to Geeta Bhawan),Arterial,3,50,1329,25.2,50.4,Foggy,18.2,0.0,0,1,2
2026-06-02 06:00,SEG_02,Eastern Bypass Corridor (Rau to Kanadia),Highway,4,80,2347,49.8,42.0,Foggy,18.2,0.0,0,0,1
2026-06-02 06:00,SEG_03,Ring Road Section 3 (Robot Square to Radisson),Arterial,3,55,1413,32.5,46.6,Foggy,18.2,0.0,0,0,1
2026-06-02 06:00,SEG_04,Super Corridor West (Airport to MR10),Expressway,4,85,2426,56.2,40.5,Foggy,18.2,0.0,0,0,1
2026-06-02 06:00,SEG_05,Bhawarkua Arterial (University to Tower Square),Collector,2,45,787,28.2,48.0,Foggy,18.2,0.0,0,0,1
2026-06-02 06:00,SEG_06,MR-10 Expressway Link (Tigaria to Vijay Nagar),Expressway,3,70,1456,46.8,42.4,Foggy,18.2,0.0,0,0,1
2026-06-02 06:00,SEG_07,Annapurna Road Corridor (Ranjeet Hanuman to Mhow),Collector,2,40,753,19.3,53.8,Foggy,18.2,0.0,0,1,2
2026-06-02 06:00,SEG_08,Vijay Nagar Central Junction (Brilliant to Scheme 54),Arterial,3,50,1439,31.4,44.3,Foggy,18.2,0.0,0,0,1
2026-06-02 08:00,SEG_01,AB Road Central (Palasia to Geeta Bhawan),Arterial,3,50,2278,13.7,76.6,Clear,29.3,0.0,0,1,3
2026-06-02 08:00,SEG_02,Eastern Bypass Corridor (Rau to Kanadia),Highway,4,80,4795,15.1,95.3,Clear,29.3,0.0,0,0,3
2026-06-02 08:00,SEG_03,Ring Road Section 3 (Robot Square to Radisson),Arterial,3,55,2627,11.6,91.8,Clear,29.3,0.0,0,0,3
2026-06-02 08:00,SEG_04,Super Corridor West (Airport to MR10),Expressway,4,85,5010,18.0,86.7,Clear,29.3,0.0,0,0,3
2026-06-02 08:00,SEG_05,Bhawarkua Arterial (University to Tower Square),Collector,2,45,1270,16.4,74.6,Clear,29.3,0.0,0,0,2
2026-06-02 08:00,SEG_06,MR-10 Expressway Link (Tigaria to Vijay Nagar),Expressway,3,70,2866,23.0,80.0,Clear,29.3,0.0,0,0,2
2026-06-02 08:00,SEG_07,Annapurna Road Corridor (Ranjeet Hanuman to Mhow),Collector,2,40,1100,8.0,76.9,Clear,29.3,0.0,1,1,3
2026-06-02 08:00,SEG_08,Vijay Nagar Central Junction (Brilliant to Scheme 54),Arterial,3,50,2276,20.1,74.1,Clear,29.3,0.0,0,0,2
2026-06-02 10:00,SEG_01,AB Road Central (Palasia to Geeta Bhawan),Arterial,3,50,2573,10.4,87.2,Cloudy,20.0,0.0,0,1,3
2026-06-02 10:00,SEG_02,Eastern Bypass Corridor (Rau to Kanadia),Highway,4,80,4896,14.7,95.1,Cloudy,20.0,0.0,0,0,3
2026-06-02 10:00,SEG_03,Ring Road Section 3 (Robot Square to Radisson),Arterial,3,55,2261,16.8,81.0,Cloudy,20.0,0.0,0,0,2
2026-06-02 10:00,SEG_04,Super Corridor West (Airport to MR10),Expressway,4,85,5083,14.5,94.3,Cloudy,20.0,0.0,0,0,3
2026-06-02 10:00,SEG_05,Bhawarkua Arterial (University to Tower Square),Collector,2,45,1522,8.0,92.0,Cloudy,20.0,0.0,0,0,3
2026-06-02 10:00,SEG_06,MR-10 Expressway Link (Tigaria to Vijay Nagar),Expressway,3,70,3289,14.6,93.4,Cloudy,20.0,0.0,0,0,3
2026-06-02 10:00,SEG_07,Annapurna Road Corridor (Ranjeet Hanuman to Mhow),Collector,2,40,1306,8.0,88.9,Cloudy,20.0,0.0,0,1,3
2026-06-02 10:00,SEG_08,Vijay Nagar Central Junction (Brilliant to Scheme 54),Arterial,3,50,2755,9.2,95.0,Cloudy,20.0,0.0,0,0,3
2026-06-02 12:00,SEG_01,AB Road Central (Palasia to Geeta Bhawan),Arterial,3,50,1695,22.7,56.3,Clear,34.8,0.0,0,1,2
2026-06-02 12:00,SEG_02,Eastern Bypass Corridor (Rau to Kanadia),Highway,4,80,3028,49.0,56.7,Clear,34.8,0.0,0,0,1
2026-06-02 12:00,SEG_03,Ring Road Section 3 (Robot Square to Radisson),Arterial,3,55,1507,35.4,50.9,Clear,34.8,0.0,0,0,1
2026-06-02 12:00,SEG_04,Super Corridor West (Airport to MR10),Expressway,4,85,3128,54.8,49.4,Clear,34.8,0.0,0,0,1
2026-06-02 12:00,SEG_05,Bhawarkua Arterial (University to Tower Square),Collector,2,45,937,27.3,55.6,Clear,34.8,0.0,0,0,1
2026-06-02 12:00,SEG_06,MR-10 Expressway Link (Tigaria to Vijay Nagar),Expressway,3,70,2110,39.8,59.3,Clear,34.8,0.0,0,0,1
2026-06-02 12:00,SEG_07,Annapurna Road Corridor (Ranjeet Hanuman to Mhow),Collector,2,40,924,16.8,62.8,Clear,34.8,0.0,0,1,2
2026-06-02 12:00,SEG_08,Vijay Nagar Central Junction (Brilliant to Scheme 54),Arterial,3,50,1908,26.6,59.7,Clear,34.8,0.0,0,0,2
2026-06-02 14:00,SEG_01,AB Road Central (Palasia to Geeta Bhawan),Arterial,3,50,1655,25.1,56.2,Clear,33.4,0.0,0,1,2
2026-06-02 14:00,SEG_02,Eastern Bypass Corridor (Rau to Kanadia),Highway,4,80,2917,49.9,53.6,Clear,33.4,0.0,0,0,1
2026-06-02 14:00,SEG_03,Ring Road Section 3 (Robot Square to Radisson),Arterial,3,55,1700,32.5,59.1,Clear,33.4,0.0,0,0,1
2026-06-02 14:00,SEG_04,Super Corridor West (Airport to MR10),Expressway,4,85,2996,55.4,51.3,Clear,33.4,0.0,0,0,1
2026-06-02 14:00,SEG_05,Bhawarkua Arterial (University to Tower Square),Collector,2,45,1013,24.7,59.9,Clear,33.4,0.0,0,0,1
2026-06-02 14:00,SEG_06,MR-10 Expressway Link (Tigaria to Vijay Nagar),Expressway,3,70,2033,41.7,57.0,Clear,33.4,0.0,0,0,1
2026-06-02 14:00,SEG_07,Annapurna Road Corridor (Ranjeet Hanuman to Mhow),Collector,2,40,872,20.3,59.0,Clear,33.4,0.0,0,1,2
2026-06-02 14:00,SEG_08,Vijay Nagar Central Junction (Brilliant to Scheme 54),Arterial,3,50,1823,29.0,58.5,Clear,33.4,0.0,0,0,1
2026-06-02 16:00,SEG_01,AB Road Central (Palasia to Geeta Bhawan),Arterial,3,50,1739,20.0,60.9,Rainy,20.2,6.8,0,1,2
2026-06-02 16:00,SEG_02,Eastern Bypass Corridor (Rau to Kanadia),Highway,4,80,2541,44.9,50.6,Rainy,20.2,6.8,0,0,1
2026-06-02 16:00,SEG_03,Ring Road Section 3 (Robot Square to Radisson),Arterial,3,55,1506,28.2,53.4,Rainy,20.2,6.8,0,0,1
2026-06-02 16:00,SEG_04,Super Corridor West (Airport to MR10),Expressway,4,85,2759,49.3,46.7,Rainy,20.2,6.8,0,0,1
2026-06-02 16:00,SEG_05,Bhawarkua Arterial (University to Tower Square),Collector,2,45,834,23.8,54.2,Rainy,20.2,6.8,0,0,1
2026-06-02 16:00,SEG_06,MR-10 Expressway Link (Tigaria to Vijay Nagar),Expressway,3,70,1704,39.0,46.1,Rainy,20.2,6.8,0,0,1
2026-06-02 16:00,SEG_07,Annapurna Road Corridor (Ranjeet Hanuman to Mhow),Collector,2,40,917,13.2,64.8,Rainy,20.2,6.8,0,1,2
2026-06-02 16:00,SEG_08,Vijay Nagar Central Junction (Brilliant to Scheme 54),Arterial,3,50,1550,26.8,50.7,Rainy,20.2,6.8,0,0,1
2026-06-02 18:00,SEG_01,AB Road Central (Palasia to Geeta Bhawan),Arterial,3,50,2615,8.8,92.4,Cloudy,23.8,0.0,0,1,3
2026-06-02 18:00,SEG_02,Eastern Bypass Corridor (Rau to Kanadia),Highway,4,80,4849,13.5,94.6,Cloudy,23.8,0.0,0,0,3
2026-06-02 18:00,SEG_03,Ring Road Section 3 (Robot Square to Radisson),Arterial,3,55,2796,10.3,97.3,Cloudy,23.8,0.0,0,0,3
2026-06-02 18:00,SEG_04,Super Corridor West (Airport to MR10),Expressway,4,85,5451,15.7,94.8,Cloudy,23.8,0.0,0,0,3
2026-06-02 18:00,SEG_05,Bhawarkua Arterial (University to Tower Square),Collector,2,45,1582,9.0,95.7,Cloudy,23.8,0.0,0,0,3
2026-06-02 18:00,SEG_06,MR-10 Expressway Link (Tigaria to Vijay Nagar),Expressway,3,70,3550,13.2,97.2,Cloudy,23.8,0.0,0,0,3
2026-06-02 18:00,SEG_07,Annapurna Road Corridor (Ranjeet Hanuman to Mhow),Collector,2,40,1395,8.0,90.2,Cloudy,23.8,0.0,0,1,3
2026-06-02 18:00,SEG_08,Vijay Nagar Central Junction (Brilliant to Scheme 54),Arterial,3,50,2748,9.2,95.1,Cloudy,23.8,0.0,0,0,3
2026-06-02 20:00,SEG_01,AB Road Central (Palasia to Geeta Bhawan),Arterial,3,50,2837,8.0,97.0,Clear,26.7,0.0,0,1,3
2026-06-02 20:00,SEG_02,Eastern Bypass Corridor (Rau to Kanadia),Highway,4,80,4872,16.3,91.1,Clear,26.7,0.0,0,0,3
2026-06-02 20:00,SEG_03,Ring Road Section 3 (Robot Square to Radisson),Arterial,3,55,3024,11.8,98.0,Clear,26.7,0.0,0,0,3
2026-06-02 20:00,SEG_04,Super Corridor West (Airport to MR10),Expressway,4,85,5406,13.4,96.3,Clear,26.7,0.0,0,0,3
2026-06-02 20:00,SEG_05,Bhawarkua Arterial (University to Tower Square),Collector,2,45,1530,8.4,95.0,Clear,26.7,0.0,0,0,3
2026-06-02 20:00,SEG_06,MR-10 Expressway Link (Tigaria to Vijay Nagar),Expressway,3,70,3332,10.7,97.6,Clear,26.7,0.0,0,0,3
2026-06-02 20:00,SEG_07,Annapurna Road Corridor (Ranjeet Hanuman to Mhow),Collector,2,40,1511,8.0,98.0,Clear,26.7,0.0,0,1,3
2026-06-02 20:00,SEG_08,Vijay Nagar Central Junction (Brilliant to Scheme 54),Arterial,3,50,2907,8.0,98.0,Clear,26.7,0.0,0,0,3
2026-06-02 22:00,SEG_01,AB Road Central (Palasia to Geeta Bhawan),Arterial,3,50,1258,29.4,44.6,Clear,22.8,0.0,0,1,1
2026-06-02 22:00,SEG_02,Eastern Bypass Corridor (Rau to Kanadia),Highway,4,80,3353,42.1,59.5,Clear,22.8,0.0,0,0,2
2026-06-02 22:00,SEG_03,Ring Road Section 3 (Robot Square to Radisson),Arterial,3,55,1150,41.9,39.4,Clear,22.8,0.0,0,0,1
2026-06-02 22:00,SEG_04,Super Corridor West (Airport to MR10),Expressway,4,85,2138,69.3,34.9,Clear,22.8,0.0,0,0,0
2026-06-02 22:00,SEG_05,Bhawarkua Arterial (University to Tower Square),Collector,2,45,670,36.5,34.0,Clear,22.8,0.0,0,0,0
2026-06-02 22:00,SEG_06,MR-10 Expressway Link (Tigaria to Vijay Nagar),Expressway,3,70,1453,54.9,35.9,Clear,22.8,0.0,0,0,1
2026-06-02 22:00,SEG_07,Annapurna Road Corridor (Ranjeet Hanuman to Mhow),Collector,2,40,730,20.0,52.4,Clear,22.8,0.0,0,1,2
2026-06-02 22:00,SEG_08,Vijay Nagar Central Junction (Brilliant to Scheme 54),Arterial,3,50,1166,37.6,37.3,Clear,22.8,0.0,0,0,1
2026-06-03 00:00,SEG_01,AB Road Central (Palasia to Geeta Bhawan),Arterial,3,50,420,39.0,14.4,Clear,20.9,0.0,0,1,0
2026-06-03 00:00,SEG_02,Eastern Bypass Corridor (Rau to Kanadia),Highway,4,80,1322,70.2,20.1,Clear,20.9,0.0,0,0,0
2026-06-03 00:00,SEG_03,Ring Road Section 3 (Robot Square to Radisson),Arterial,3,55,305,35.7,18.2,Clear,20.9,0.0,1,0,1
2026-06-03 00:00,SEG_04,Super Corridor West (Airport to MR10),Expressway,4,85,572,83.8,7.7,Clear,20.9,0.0,0,0,0
2026-06-03 00:00,SEG_05,Bhawarkua Arterial (University to Tower Square),Collector,2,45,222,43.3,8.3,Clear,20.9,0.0,0,0,0
2026-06-03 00:00,SEG_06,MR-10 Expressway Link (Tigaria to Vijay Nagar),Expressway,3,70,450,68.6,11.8,Clear,20.9,0.0,0,0,0
2026-06-03 00:00,SEG_07,Annapurna Road Corridor (Ranjeet Hanuman to Mhow),Collector,2,40,182,28.4,18.3,Clear,20.9,0.0,0,1,0
2026-06-03 00:00,SEG_08,Vijay Nagar Central Junction (Brilliant to Scheme 54),Arterial,3,50,346,50,5.5,Clear,20.9,0.0,0,0,0
2026-06-03 02:00,SEG_01,AB Road Central (Palasia to Geeta Bhawan),Arterial,3,50,258,38.4,13.0,Clear,23.2,0.0,0,1,0
2026-06-03 02:00,SEG_02,Eastern Bypass Corridor (Rau to Kanadia),Highway,4,80,1457,70.2,21.4,Clear,23.2,0.0,0,0,0
2026-06-03 02:00,SEG_03,Ring Road Section 3 (Robot Square to Radisson),Arterial,3,55,395,53.8,11.8,Clear,23.2,0.0,0,0,0
2026-06-03 02:00,SEG_04,Super Corridor West (Airport to MR10),Expressway,4,85,558,82.3,7.7,Clear,23.2,0.0,0,0,0
2026-06-03 02:00,SEG_05,Bhawarkua Arterial (University to Tower Square),Collector,2,45,174,44.5,7.0,Clear,23.2,0.0,0,0,0
2026-06-03 02:00,SEG_06,MR-10 Expressway Link (Tigaria to Vijay Nagar),Expressway,3,70,359,69.6,4.8,Clear,23.2,0.0,0,0,0
2026-06-03 02:00,SEG_07,Annapurna Road Corridor (Ranjeet Hanuman to Mhow),Collector,2,40,145,30.7,15.2,Clear,23.2,0.0,0,1,0
2026-06-03 02:00,SEG_08,Vijay Nagar Central Junction (Brilliant to Scheme 54),Arterial,3,50,359,47.8,10.9,Clear,23.2,0.0,0,0,0
2026-06-03 04:00,SEG_01,AB Road Central (Palasia to Geeta Bhawan),Arterial,3,50,459,37.4,17.7,Cloudy,24.5,0.0,0,1,0
2026-06-03 04:00,SEG_02,Eastern Bypass Corridor (Rau to Kanadia),Highway,4,80,1272,73.1,19.3,Cloudy,24.5,0.0,0,0,0
2026-06-03 04:00,SEG_03,Ring Road Section 3 (Robot Square to Radisson),Arterial,3,55,391,54.1,13.0,Cloudy,24.5,0.0,0,0,0
2026-06-03 04:00,SEG_04,Super Corridor West (Airport to MR10),Expressway,4,85,808,79.4,14.8,Cloudy,24.5,0.0,0,0,0
2026-06-03 04:00,SEG_05,Bhawarkua Arterial (University to Tower Square),Collector,2,45,224,44.0,9.1,Cloudy,24.5,0.0,0,0,0
2026-06-03 04:00,SEG_06,MR-10 Expressway Link (Tigaria to Vijay Nagar),Expressway,3,70,351,68.6,7.0,Cloudy,24.5,0.0,0,0,0
2026-06-03 04:00,SEG_07,Annapurna Road Corridor (Ranjeet Hanuman to Mhow),Collector,2,40,147,31.5,12.4,Cloudy,24.5,0.0,0,1,0
2026-06-03 04:00,SEG_08,Vijay Nagar Central Junction (Brilliant to Scheme 54),Arterial,3,50,331,49.5,9.7,Cloudy,24.5,0.0,0,0,0
2026-06-03 06:00,SEG_01,AB Road Central (Palasia to Geeta Bhawan),Arterial,3,50,1103,32.0,36.8,Clear,26.3,0.0,0,1,1
2026-06-03 06:00,SEG_02,Eastern Bypass Corridor (Rau to Kanadia),Highway,4,80,2411,56.2,44.3,Clear,26.3,0.0,0,0,1
2026-06-03 06:00,SEG_03,Ring Road Section 3 (Robot Square to Radisson),Arterial,3,55,1108,43.7,34.4,Clear,26.3,0.0,0,0,0
2026-06-03 06:00,SEG_04,Super Corridor West (Airport to MR10),Expressway,4,85,2448,63.7,36.0,Clear,26.3,0.0,0,0,1
2026-06-03 06:00,SEG_05,Bhawarkua Arterial (University to Tower Square),Collector,2,45,661,33.9,35.5,Clear,26.3,0.0,0,0,1
2026-06-03 06:00,SEG_06,MR-10 Expressway Link (Tigaria to Vijay Nagar),Expressway,3,70,1406,53.9,37.0,Clear,26.3,0.0,0,0,0
2026-06-03 06:00,SEG_07,Annapurna Road Corridor (Ranjeet Hanuman to Mhow),Collector,2,40,718,20.4,52.0,Clear,26.3,0.0,0,1,2
2026-06-03 06:00,SEG_08,Vijay Nagar Central Junction (Brilliant to Scheme 54),Arterial,3,50,1074,42.0,30.9,Clear,26.3,0.0,0,0,0
2026-06-03 08:00,SEG_01,AB Road Central (Palasia to Geeta Bhawan),Arterial,3,50,2135,8.0,80.7,Clear,31.8,0.0,1,1,3
2026-06-03 08:00,SEG_02,Eastern Bypass Corridor (Rau to Kanadia),Highway,4,80,4800,12.8,95.9,Clear,31.8,0.0,0,0,3
2026-06-03 08:00,SEG_03,Ring Road Section 3 (Robot Square to Radisson),Arterial,3,55,2321,15.5,81.1,Clear,31.8,0.0,0,0,3
2026-06-03 08:00,SEG_04,Super Corridor West (Airport to MR10),Expressway,4,85,4553,26.5,77.8,Clear,31.8,0.0,0,0,2
2026-06-03 08:00,SEG_05,Bhawarkua Arterial (University to Tower Square),Collector,2,45,1509,9.0,93.6,Clear,31.8,0.0,0,0,3
2026-06-03 08:00,SEG_06,MR-10 Expressway Link (Tigaria to Vijay Nagar),Expressway,3,70,3101,13.4,90.0,Clear,31.8,0.0,0,0,3
2026-06-03 08:00,SEG_07,Annapurna Road Corridor (Ranjeet Hanuman to Mhow),Collector,2,40,1421,8.0,92.6,Clear,31.8,0.0,0,1,3
2026-06-03 08:00,SEG_08,Vijay Nagar Central Junction (Brilliant to Scheme 54),Arterial,3,50,2831,10.7,93.5,Clear,31.8,0.0,0,0,3
2026-06-03 10:00,SEG_01,AB Road Central (Palasia to Geeta Bhawan),Arterial,3,50,2836,8.0,94.8,Clear,33.7,0.0,0,1,3
2026-06-03 10:00,SEG_02,Eastern Bypass Corridor (Rau to Kanadia),Highway,4,80,4099,26.5,77.3,Clear,33.7,0.0,0,0,2
2026-06-03 10:00,SEG_03,Ring Road Section 3 (Robot Square to Radisson),Arterial,3,55,2228,16.7,81.4,Clear,33.7,0.0,0,0,2
2026-06-03 10:00,SEG_04,Super Corridor West (Airport to MR10),Expressway,4,85,5319,15.2,94.5,Clear,33.7,0.0,0,0,3
2026-06-03 10:00,SEG_05,Bhawarkua Arterial (University to Tower Square),Collector,2,45,1599,9.3,96.2,Clear,33.7,0.0,0,0,3
2026-06-03 10:00,SEG_06,MR-10 Expressway Link (Tigaria to Vijay Nagar),Expressway,3,70,2900,18.5,80.5,Clear,33.7,0.0,0,0,3
2026-06-03 10:00,SEG_07,Annapurna Road Corridor (Ranjeet Hanuman to Mhow),Collector,2,40,1391,8.0,89.3,Clear,33.7,0.0,0,1,3
2026-06-03 10:00,SEG_08,Vijay Nagar Central Junction (Brilliant to Scheme 54),Arterial,3,50,2409,15.9,77.6,Clear,33.7,0.0,0,0,2
2026-06-03 12:00,SEG_01,AB Road Central (Palasia to Geeta Bhawan),Arterial,3,50,1642,25.7,55.9,Clear,33.1,0.0,0,1,2
2026-06-03 12:00,SEG_02,Eastern Bypass Corridor (Rau to Kanadia),Highway,4,80,2509,54.7,46.1,Clear,33.1,0.0,0,0,1
2026-06-03 12:00,SEG_03,Ring Road Section 3 (Robot Square to Radisson),Arterial,3,55,1785,28.6,61.2,Clear,33.1,0.0,0,0,2
2026-06-03 12:00,SEG_04,Super Corridor West (Airport to MR10),Expressway,4,85,2910,57.2,46.6,Clear,33.1,0.0,0,0,1
2026-06-03 12:00,SEG_05,Bhawarkua Arterial (University to Tower Square),Collector,2,45,1032,23.8,61.8,Clear,33.1,0.0,0,0,2
2026-06-03 12:00,SEG_06,MR-10 Expressway Link (Tigaria to Vijay Nagar),Expressway,3,70,2224,38.4,60.7,Clear,33.1,0.0,0,0,1
2026-06-03 12:00,SEG_07,Annapurna Road Corridor (Ranjeet Hanuman to Mhow),Collector,2,40,903,17.6,59.8,Clear,33.1,0.0,0,1,2
2026-06-03 12:00,SEG_08,Vijay Nagar Central Junction (Brilliant to Scheme 54),Arterial,3,50,1525,33.5,45.2,Clear,33.1,0.0,0,0,1
2026-06-03 14:00,SEG_01,AB Road Central (Palasia to Geeta Bhawan),Arterial,3,50,1734,24.6,60.3,Clear,31.5,0.0,0,1,2
2026-06-03 14:00,SEG_02,Eastern Bypass Corridor (Rau to Kanadia),Highway,4,80,2595,52.7,46.1,Clear,31.5,0.0,0,0,1
2026-06-03 14:00,SEG_03,Ring Road Section 3 (Robot Square to Radisson),Arterial,3,55,1577,35.2,49.4,Clear,31.5,0.0,0,0,1
2026-06-03 14:00,SEG_04,Super Corridor West (Airport to MR10),Expressway,4,85,3149,51.5,52.2,Clear,31.5,0.0,0,0,1
2026-06-03 14:00,SEG_05,Bhawarkua Arterial (University to Tower Square),Collector,2,45,935,27.4,52.0,Clear,31.5,0.0,0,0,1
2026-06-03 14:00,SEG_06,MR-10 Expressway Link (Tigaria to Vijay Nagar),Expressway,3,70,2153,38.6,60.8,Clear,31.5,0.0,0,0,1
2026-06-03 14:00,SEG_07,Annapurna Road Corridor (Ranjeet Hanuman to Mhow),Collector,2,40,966,16.2,64.9,Clear,31.5,0.0,0,1,2
2026-06-03 14:00,SEG_08,Vijay Nagar Central Junction (Brilliant to Scheme 54),Arterial,3,50,1995,23.2,63.5,Clear,31.5,0.0,0,0,2
2026-06-03 16:00,SEG_01,AB Road Central (Palasia to Geeta Bhawan),Arterial,3,50,1631,26.1,53.2,Clear,32.5,0.0,0,1,2
2026-06-03 16:00,SEG_02,Eastern Bypass Corridor (Rau to Kanadia),Highway,4,80,3029,45.6,55.4,Clear,32.5,0.0,0,0,1
2026-06-03 16:00,SEG_03,Ring Road Section 3 (Robot Square to Radisson),Arterial,3,55,1701,30.6,54.6,Clear,32.5,0.0,0,0,1
2026-06-03 16:00,SEG_04,Super Corridor West (Airport to MR10),Expressway,4,85,2919,58.2,46.2,Clear,32.5,0.0,0,0,1
2026-06-03 16:00,SEG_05,Bhawarkua Arterial (University to Tower Square),Collector,2,45,904,28.8,52.5,Clear,32.5,0.0,0,0,1
2026-06-03 16:00,SEG_06,MR-10 Expressway Link (Tigaria to Vijay Nagar),Expressway,3,70,1798,47.6,44.4,Clear,32.5,0.0,0,0,1
2026-06-03 16:00,SEG_07,Annapurna Road Corridor (Ranjeet Hanuman to Mhow),Collector,2,40,819,10.0,62.0,Clear,32.5,0.0,1,1,3
2026-06-03 16:00,SEG_08,Vijay Nagar Central Junction (Brilliant to Scheme 54),Arterial,3,50,1863,27.4,56.7,Clear,32.5,0.0,0,0,1
2026-06-03 18:00,SEG_01,AB Road Central (Palasia to Geeta Bhawan),Arterial,3,50,2421,11.9,80.4,Clear,27.2,0.0,0,1,3
2026-06-03 18:00,SEG_02,Eastern Bypass Corridor (Rau to Kanadia),Highway,4,80,4729,9.4,92.8,Clear,27.2,0.0,1,0,3
2026-06-03 18:00,SEG_03,Ring Road Section 3 (Robot Square to Radisson),Arterial,3,55,2339,14.4,82.9,Clear,27.2,0.0,0,0,3
2026-06-03 18:00,SEG_04,Super Corridor West (Airport to MR10),Expressway,4,85,5002,15.2,90.5,Clear,27.2,0.0,0,0,3
2026-06-03 18:00,SEG_05,Bhawarkua Arterial (University to Tower Square),Collector,2,45,1625,8.0,97.2,Clear,27.2,0.0,0,0,3
2026-06-03 18:00,SEG_06,MR-10 Expressway Link (Tigaria to Vijay Nagar),Expressway,3,70,3582,10.7,98.0,Clear,27.2,0.0,0,0,3
2026-06-03 18:00,SEG_07,Annapurna Road Corridor (Ranjeet Hanuman to Mhow),Collector,2,40,1397,8.0,92.9,Clear,27.2,0.0,0,1,3
2026-06-03 18:00,SEG_08,Vijay Nagar Central Junction (Brilliant to Scheme 54),Arterial,3,50,2442,16.3,78.2,Clear,27.2,0.0,0,0,2
2026-06-03 20:00,SEG_01,AB Road Central (Palasia to Geeta Bhawan),Arterial,3,50,2966,8.1,97.8,Cloudy,22.9,0.0,0,1,3
2026-06-03 20:00,SEG_02,Eastern Bypass Corridor (Rau to Kanadia),Highway,4,80,4174,23.0,83.6,Cloudy,22.9,0.0,0,0,3
2026-06-03 20:00,SEG_03,Ring Road Section 3 (Robot Square to Radisson),Arterial,3,55,2791,8.9,98.0,Cloudy,22.9,0.0,0,0,3
2026-06-03 20:00,SEG_04,Super Corridor West (Airport to MR10),Expressway,4,85,4679,25.3,81.2,Cloudy,22.9,0.0,0,0,3
2026-06-03 20:00,SEG_05,Bhawarkua Arterial (University to Tower Square),Collector,2,45,1344,14.4,82.9,Cloudy,22.9,0.0,0,0,3
2026-06-03 20:00,SEG_06,MR-10 Expressway Link (Tigaria to Vijay Nagar),Expressway,3,70,3377,12.6,97.8,Cloudy,22.9,0.0,0,0,3
2026-06-03 20:00,SEG_07,Annapurna Road Corridor (Ranjeet Hanuman to Mhow),Collector,2,40,1471,8.0,95.5,Cloudy,22.9,0.0,0,1,3
2026-06-03 20:00,SEG_08,Vijay Nagar Central Junction (Brilliant to Scheme 54),Arterial,3,50,2968,8.0,98.0,Cloudy,22.9,0.0,0,0,3
2026-06-03 22:00,SEG_01,AB Road Central (Palasia to Geeta Bhawan),Arterial,3,50,1350,26.6,49.9,Clear,23.2,0.0,0,1,1
2026-06-03 22:00,SEG_02,Eastern Bypass Corridor (Rau to Kanadia),Highway,4,80,3101,47.6,58.5,Clear,23.2,0.0,0,0,1
2026-06-03 22:00,SEG_03,Ring Road Section 3 (Robot Square to Radisson),Arterial,3,55,1131,43.8,36.1,Clear,23.2,0.0,0,0,0
2026-06-03 22:00,SEG_04,Super Corridor West (Airport to MR10),Expressway,4,85,2683,61.0,40.1,Clear,23.2,0.0,0,0,1
2026-06-03 22:00,SEG_05,Bhawarkua Arterial (University to Tower Square),Collector,2,45,672,34.1,37.2,Clear,23.2,0.0,0,0,1
2026-06-03 22:00,SEG_06,MR-10 Expressway Link (Tigaria to Vijay Nagar),Expressway,3,70,1668,49.0,44.9,Clear,23.2,0.0,0,0,1
2026-06-03 22:00,SEG_07,Annapurna Road Corridor (Ranjeet Hanuman to Mhow),Collector,2,40,700,23.1,45.1,Clear,23.2,0.0,0,1,1
2026-06-03 22:00,SEG_08,Vijay Nagar Central Junction (Brilliant to Scheme 54),Arterial,3,50,1235,37.8,37.5,Clear,23.2,0.0,0,0,1
2026-06-04 00:00,SEG_01,AB Road Central (Palasia to Geeta Bhawan),Arterial,3,50,373,39.3,16.1,Clear,21.0,0.0,0,1,0
2026-06-04 00:00,SEG_02,Eastern Bypass Corridor (Rau to Kanadia),Highway,4,80,1207,74.0,18.5,Clear,21.0,0.0,0,0,0
2026-06-04 00:00,SEG_03,Ring Road Section 3 (Robot Square to Radisson),Arterial,3,55,264,53.1,6.8,Clear,21.0,0.0,0,0,0
2026-06-04 00:00,SEG_04,Super Corridor West (Airport to MR10),Expressway,4,85,508,84.7,7.6,Clear,21.0,0.0,0,0,0
2026-06-04 00:00,SEG_05,Bhawarkua Arterial (University to Tower Square),Collector,2,45,249,42.9,9.9,Clear,21.0,0.0,0,0,0
2026-06-04 00:00,SEG_06,MR-10 Expressway Link (Tigaria to Vijay Nagar),Expressway,3,70,328,66.6,8.5,Clear,21.0,0.0,0,0,0
2026-06-04 00:00,SEG_07,Annapurna Road Corridor (Ranjeet Hanuman to Mhow),Collector,2,40,176,30.7,13.7,Clear,21.0,0.0,0,1,0
2026-06-04 00:00,SEG_08,Vijay Nagar Central Junction (Brilliant to Scheme 54),Arterial,3,50,343,48.6,10.5,Clear,21.0,0.0,0,0,0
2026-06-04 02:00,SEG_01,AB Road Central (Palasia to Geeta Bhawan),Arterial,3,50,382,37.0,20.2,Cloudy,19.8,0.0,0,1,0
2026-06-04 02:00,SEG_02,Eastern Bypass Corridor (Rau to Kanadia),Highway,4,80,1405,72.2,21.9,Cloudy,19.8,0.0,0,0,0
2026-06-04 02:00,SEG_03,Ring Road Section 3 (Robot Square to Radisson),Arterial,3,55,385,51.4,9.8,Cloudy,19.8,0.0,0,0,0
2026-06-04 02:00,SEG_04,Super Corridor West (Airport to MR10),Expressway,4,85,624,84.3,10.3,Cloudy,19.8,0.0,0,0,0
2026-06-04 02:00,SEG_05,Bhawarkua Arterial (University to Tower Square),Collector,2,45,225,43.4,8.5,Cloudy,19.8,0.0,0,0,0
2026-06-04 02:00,SEG_06,MR-10 Expressway Link (Tigaria to Vijay Nagar),Expressway,3,70,374,66.8,11.6,Cloudy,19.8,0.0,0,0,0
2026-06-04 02:00,SEG_07,Annapurna Road Corridor (Ranjeet Hanuman to Mhow),Collector,2,40,149,30.9,16.8,Cloudy,19.8,0.0,0,1,0
2026-06-04 02:00,SEG_08,Vijay Nagar Central Junction (Brilliant to Scheme 54),Arterial,3,50,389,46.3,12.5,Cloudy,19.8,0.0,0,0,0
2026-06-04 04:00,SEG_01,AB Road Central (Palasia to Geeta Bhawan),Arterial,3,50,405,37.5,18.9,Clear,25.6,0.0,0,1,0
2026-06-04 04:00,SEG_02,Eastern Bypass Corridor (Rau to Kanadia),Highway,4,80,1289,72.8,21.6,Clear,25.6,0.0,0,0,0
2026-06-04 04:00,SEG_03,Ring Road Section 3 (Robot Square to Radisson),Arterial,3,55,276,53.5,7.7,Clear,25.6,0.0,0,0,0
2026-06-04 04:00,SEG_04,Super Corridor West (Airport to MR10),Expressway,4,85,567,83.8,8.9,Clear,25.6,0.0,0,0,0
2026-06-04 04:00,SEG_05,Bhawarkua Arterial (University to Tower Square),Collector,2,45,254,42.3,13.2,Clear,25.6,0.0,0,0,0
2026-06-04 04:00,SEG_06,MR-10 Expressway Link (Tigaria to Vijay Nagar),Expressway,3,70,374,67.1,6.4,Clear,25.6,0.0,0,0,0
2026-06-04 04:00,SEG_07,Annapurna Road Corridor (Ranjeet Hanuman to Mhow),Collector,2,40,157,29.4,18.6,Clear,25.6,0.0,0,1,0
2026-06-04 04:00,SEG_08,Vijay Nagar Central Junction (Brilliant to Scheme 54),Arterial,3,50,279,48.2,9.3,Clear,25.6,0.0,0,0,0
2026-06-04 06:00,SEG_01,AB Road Central (Palasia to Geeta Bhawan),Arterial,3,50,1297,30.9,43.5,Clear,28.1,0.0,0,1,1
2026-06-04 06:00,SEG_02,Eastern Bypass Corridor (Rau to Kanadia),Highway,4,80,2498,53.9,44.9,Clear,28.1,0.0,0,0,1
2026-06-04 06:00,SEG_03,Ring Road Section 3 (Robot Square to Radisson),Arterial,3,55,1432,37.1,48.7,Clear,28.1,0.0,0,0,1
2026-06-04 06:00,SEG_04,Super Corridor West (Airport to MR10),Expressway,4,85,2621,61.8,41.0,Clear,28.1,0.0,0,0,1
2026-06-04 06:00,SEG_05,Bhawarkua Arterial (University to Tower Square),Collector,2,45,722,33.5,36.9,Clear,28.1,0.0,0,0,1
2026-06-04 06:00,SEG_06,MR-10 Expressway Link (Tigaria to Vijay Nagar),Expressway,3,70,1643,51.9,42.5,Clear,28.1,0.0,0,0,1
2026-06-04 06:00,SEG_07,Annapurna Road Corridor (Ranjeet Hanuman to Mhow),Collector,2,40,654,24.6,42.2,Clear,28.1,0.0,0,1,1
2026-06-04 06:00,SEG_08,Vijay Nagar Central Junction (Brilliant to Scheme 54),Arterial,3,50,1568,32.8,48.4,Clear,28.1,0.0,0,0,1
2026-06-04 08:00,SEG_01,AB Road Central (Palasia to Geeta Bhawan),Arterial,3,50,2471,11.6,84.2,Clear,29.5,0.0,0,1,3
2026-06-04 08:00,SEG_02,Eastern Bypass Corridor (Rau to Kanadia),Highway,4,80,4354,23.0,84.8,Clear,29.5,0.0,0,0,3
2026-06-04 08:00,SEG_03,Ring Road Section 3 (Robot Square to Radisson),Arterial,3,55,2257,17.7,80.6,Clear,29.5,0.0,0,0,2
2026-06-04 08:00,SEG_04,Super Corridor West (Airport to MR10),Expressway,4,85,4870,20.5,89.4,Clear,29.5,0.0,0,0,3
2026-06-04 08:00,SEG_05,Bhawarkua Arterial (University to Tower Square),Collector,2,45,1508,8.9,88.9,Clear,29.5,0.0,0,0,3
2026-06-04 08:00,SEG_06,MR-10 Expressway Link (Tigaria to Vijay Nagar),Expressway,3,70,3238,13.7,92.4,Clear,29.5,0.0,0,0,3
2026-06-04 08:00,SEG_07,Annapurna Road Corridor (Ranjeet Hanuman to Mhow),Collector,2,40,1394,8.0,92.1,Clear,29.5,0.0,0,1,3
2026-06-04 08:00,SEG_08,Vijay Nagar Central Junction (Brilliant to Scheme 54),Arterial,3,50,2610,9.2,91.7,Clear,29.5,0.0,0,0,3
2026-06-04 10:00,SEG_01,AB Road Central (Palasia to Geeta Bhawan),Arterial,3,50,2333,13.3,81.4,Clear,31.3,0.0,0,1,3
2026-06-04 10:00,SEG_02,Eastern Bypass Corridor (Rau to Kanadia),Highway,4,80,5140,12.6,96.3,Clear,31.3,0.0,0,0,3
2026-06-04 10:00,SEG_03,Ring Road Section 3 (Robot Square to Radisson),Arterial,3,55,2205,19.1,76.0,Clear,31.3,0.0,0,0,2
2026-06-04 10:00,SEG_04,Super Corridor West (Airport to MR10),Expressway,4,85,4799,20.7,87.2,Clear,31.3,0.0,0,0,3
2026-06-04 10:00,SEG_05,Bhawarkua Arterial (University to Tower Square),Collector,2,45,1516,8.5,90.5,Clear,31.3,0.0,0,0,3
2026-06-04 10:00,SEG_06,MR-10 Expressway Link (Tigaria to Vijay Nagar),Expressway,3,70,2889,22.5,79.4,Clear,31.3,0.0,0,0,3
2026-06-04 10:00,SEG_07,Annapurna Road Corridor (Ranjeet Hanuman to Mhow),Collector,2,40,1193,10.1,79.5,Clear,31.3,0.0,0,1,3
2026-06-04 10:00,SEG_08,Vijay Nagar Central Junction (Brilliant to Scheme 54),Arterial,3,50,2952,8.0,98.0,Clear,31.3,0.0,0,0,3
2026-06-04 12:00,SEG_01,AB Road Central (Palasia to Geeta Bhawan),Arterial,3,50,1977,18.7,66.4,Clear,35.9,0.0,0,1,2
2026-06-04 12:00,SEG_02,Eastern Bypass Corridor (Rau to Kanadia),Highway,4,80,3034,45.9,55.5,Clear,35.9,0.0,0,0,1
2026-06-04 12:00,SEG_03,Ring Road Section 3 (Robot Square to Radisson),Arterial,3,55,1522,35.9,47.5,Clear,35.9,0.0,0,0,1
2026-06-04 12:00,SEG_04,Super Corridor West (Airport to MR10),Expressway,4,85,3369,49.5,56.3,Clear,35.9,0.0,0,0,1
2026-06-04 12:00,SEG_05,Bhawarkua Arterial (University to Tower Square),Collector,2,45,904,29.1,48.1,Clear,35.9,0.0,0,0,1
2026-06-04 12:00,SEG_06,MR-10 Expressway Link (Tigaria to Vijay Nagar),Expressway,3,70,1976,44.8,51.0,Clear,35.9,0.0,0,0,1
2026-06-04 12:00,SEG_07,Annapurna Road Corridor (Ranjeet Hanuman to Mhow),Collector,2,40,1020,14.1,71.8,Clear,35.9,0.0,0,1,2
2026-06-04 12:00,SEG_08,Vijay Nagar Central Junction (Brilliant to Scheme 54),Arterial,3,50,1691,28.9,54.4,Clear,35.9,0.0,0,0,1
2026-06-04 14:00,SEG_01,AB Road Central (Palasia to Geeta Bhawan),Arterial,3,50,2013,20.5,65.4,Clear,34.1,0.0,0,1,2
2026-06-04 14:00,SEG_02,Eastern Bypass Corridor (Rau to Kanadia),Highway,4,80,3505,38.3,67.9,Clear,34.1,0.0,0,0,2
2026-06-04 14:00,SEG_03,Ring Road Section 3 (Robot Square to Radisson),Arterial,3,55,1908,24.5,66.8,Clear,34.1,0.0,0,0,2
2026-06-04 14:00,SEG_04,Super Corridor West (Airport to MR10),Expressway,4,85,3185,53.9,52.3,Clear,34.1,0.0,0,0,1
2026-06-04 14:00,SEG_05,Bhawarkua Arterial (University to Tower Square),Collector,2,45,1009,24.9,56.4,Clear,34.1,0.0,0,0,1
2026-06-04 14:00,SEG_06,MR-10 Expressway Link (Tigaria to Vijay Nagar),Expressway,3,70,1750,46.9,44.1,Clear,34.1,0.0,0,0,1
2026-06-04 14:00,SEG_07,Annapurna Road Corridor (Ranjeet Hanuman to Mhow),Collector,2,40,966,17.7,61.5,Clear,34.1,0.0,0,1,2
2026-06-04 14:00,SEG_08,Vijay Nagar Central Junction (Brilliant to Scheme 54),Arterial,3,50,1975,25.1,60.7,Clear,34.1,0.0,0,0,2
2026-06-04 16:00,SEG_01,AB Road Central (Palasia to Geeta Bhawan),Arterial,3,50,1562,26.7,55.2,Cloudy,25.7,0.5,0,1,2
2026-06-04 16:00,SEG_02,Eastern Bypass Corridor (Rau to Kanadia),Highway,4,80,2646,32.2,57.6,Cloudy,25.7,0.5,1,0,2
2026-06-04 16:00,SEG_03,Ring Road Section 3 (Robot Square to Radisson),Arterial,3,55,1373,37.7,44.8,Cloudy,25.7,0.5,0,0,1
2026-06-04 16:00,SEG_04,Super Corridor West (Airport to MR10),Expressway,4,85,3639,42.5,64.8,Cloudy,25.7,0.5,0,0,2
2026-06-04 16:00,SEG_05,Bhawarkua Arterial (University to Tower Square),Collector,2,45,918,26.4,51.1,Cloudy,25.7,0.5,0,0,1
2026-06-04 16:00,SEG_06,MR-10 Expressway Link (Tigaria to Vijay Nagar),Expressway,3,70,2172,38.9,58.2,Cloudy,25.7,0.5,0,0,1
2026-06-04 16:00,SEG_07,Annapurna Road Corridor (Ranjeet Hanuman to Mhow),Collector,2,40,908,17.0,62.9,Cloudy,25.7,0.5,0,1,2
2026-06-04 16:00,SEG_08,Vijay Nagar Central Junction (Brilliant to Scheme 54),Arterial,3,50,1739,30.5,51.4,Cloudy,25.7,0.5,0,0,1
2026-06-04 18:00,SEG_01,AB Road Central (Palasia to Geeta Bhawan),Arterial,3,50,2774,8.0,92.7,Clear,26.2,0.0,0,1,3
2026-06-04 18:00,SEG_02,Eastern Bypass Corridor (Rau to Kanadia),Highway,4,80,4460,19.0,84.1,Clear,26.2,0.0,0,0,3
2026-06-04 18:00,SEG_03,Ring Road Section 3 (Robot Square to Radisson),Arterial,3,55,2713,10.0,95.2,Clear,26.2,0.0,0,0,3
2026-06-04 18:00,SEG_04,Super Corridor West (Airport to MR10),Expressway,4,85,4601,26.3,80.2,Clear,26.2,0.0,0,0,3
2026-06-04 18:00,SEG_05,Bhawarkua Arterial (University to Tower Square),Collector,2,45,1679,8.0,98.0,Clear,26.2,0.0,0,0,3
2026-06-04 18:00,SEG_06,MR-10 Expressway Link (Tigaria to Vijay Nagar),Expressway,3,70,3126,12.2,93.1,Clear,26.2,0.0,0,0,3
2026-06-04 18:00,SEG_07,Annapurna Road Corridor (Ranjeet Hanuman to Mhow),Collector,2,40,1227,10.9,84.1,Clear,26.2,0.0,0,1,3
2026-06-04 18:00,SEG_08,Vijay Nagar Central Junction (Brilliant to Scheme 54),Arterial,3,50,2798,8.5,96.1,Clear,26.2,0.0,0,0,3
2026-06-04 20:00,SEG_01,AB Road Central (Palasia to Geeta Bhawan),Arterial,3,50,2633,8.0,88.5,Rainy,21.9,23.4,0,1,3
2026-06-04 20:00,SEG_02,Eastern Bypass Corridor (Rau to Kanadia),Highway,4,80,4409,15.1,84.6,Rainy,21.9,23.4,0,0,3
2026-06-04 20:00,SEG_03,Ring Road Section 3 (Robot Square to Radisson),Arterial,3,55,2042,19.2,73.2,Rainy,21.9,23.4,0,0,2
2026-06-04 20:00,SEG_04,Super Corridor West (Airport to MR10),Expressway,4,85,4897,14.8,91.8,Rainy,21.9,23.4,0,0,3
2026-06-04 20:00,SEG_05,Bhawarkua Arterial (University to Tower Square),Collector,2,45,1366,10.0,86.5,Rainy,21.9,23.4,0,0,3
2026-06-04 20:00,SEG_06,MR-10 Expressway Link (Tigaria to Vijay Nagar),Expressway,3,70,2981,13.2,84.3,Rainy,21.9,23.4,0,0,3
2026-06-04 20:00,SEG_07,Annapurna Road Corridor (Ranjeet Hanuman to Mhow),Collector,2,40,1357,8.0,89.1,Rainy,21.9,23.4,0,1,3
2026-06-04 20:00,SEG_08,Vijay Nagar Central Junction (Brilliant to Scheme 54),Arterial,3,50,2259,13.9,77.6,Rainy,21.9,23.4,0,0,2
2026-06-04 22:00,SEG_01,AB Road Central (Palasia to Geeta Bhawan),Arterial,3,50,1385,28.7,45.9,Clear,24.1,0.0,0,1,1
2026-06-04 22:00,SEG_02,Eastern Bypass Corridor (Rau to Kanadia),Highway,4,80,2677,51.8,47.1,Clear,24.1,0.0,0,0,1
2026-06-04 22:00,SEG_03,Ring Road Section 3 (Robot Square to Radisson),Arterial,3,55,1181,43.4,37.2,Clear,24.1,0.0,0,0,1
2026-06-04 22:00,SEG_04,Super Corridor West (Airport to MR10),Expressway,4,85,2465,64.8,39.7,Clear,24.1,0.0,0,0,1
2026-06-04 22:00,SEG_05,Bhawarkua Arterial (University to Tower Square),Collector,2,45,771,30.6,43.0,Clear,24.1,0.0,0,0,1
2026-06-04 22:00,SEG_06,MR-10 Expressway Link (Tigaria to Vijay Nagar),Expressway,3,70,1682,48.4,45.2,Clear,24.1,0.0,0,0,1
2026-06-04 22:00,SEG_07,Annapurna Road Corridor (Ranjeet Hanuman to Mhow),Collector,2,40,791,22.5,51.6,Clear,24.1,0.0,0,1,2
2026-06-04 22:00,SEG_08,Vijay Nagar Central Junction (Brilliant to Scheme 54),Arterial,3,50,1149,40.1,36.1,Clear,24.1,0.0,0,0,0
2026-06-05 00:00,SEG_01,AB Road Central (Palasia to Geeta Bhawan),Arterial,3,50,282,49.3,9.3,Cloudy,19.4,0.0,0,0,0
2026-06-05 00:00,SEG_02,Eastern Bypass Corridor (Rau to Kanadia),Highway,4,80,1215,72.6,19.4,Cloudy,19.4,0.0,0,0,0
2026-06-05 00:00,SEG_03,Ring Road Section 3 (Robot Square to Radisson),Arterial,3,55,396,50.8,15.0,Cloudy,19.4,0.0,0,0,0
2026-06-05 00:00,SEG_04,Super Corridor West (Airport to MR10),Expressway,4,85,797,81.3,9.8,Cloudy,19.4,0.0,0,0,0
2026-06-05 00:00,SEG_05,Bhawarkua Arterial (University to Tower Square),Collector,2,45,197,43.7,11.0,Cloudy,19.4,0.0,0,0,0
2026-06-05 00:00,SEG_06,MR-10 Expressway Link (Tigaria to Vijay Nagar),Expressway,3,70,393,67.0,9.3,Cloudy,19.4,0.0,0,0,0
2026-06-05 00:00,SEG_07,Annapurna Road Corridor (Ranjeet Hanuman to Mhow),Collector,2,40,170,38.7,10.9,Cloudy,19.4,0.0,0,0,0
2026-06-05 00:00,SEG_08,Vijay Nagar Central Junction (Brilliant to Scheme 54),Arterial,3,50,432,48.1,9.7,Cloudy,19.4,0.0,0,0,0
2026-06-05 02:00,SEG_01,AB Road Central (Palasia to Geeta Bhawan),Arterial,3,50,451,46.3,12.0,Clear,21.8,0.0,0,0,0
2026-06-05 02:00,SEG_02,Eastern Bypass Corridor (Rau to Kanadia),Highway,4,80,1299,72.1,22.0,Clear,21.8,0.0,0,0,0
2026-06-05 02:00,SEG_03,Ring Road Section 3 (Robot Square to Radisson),Arterial,3,55,304,54.1,8.0,Clear,21.8,0.0,0,0,0
2026-06-05 02:00,SEG_04,Super Corridor West (Airport to MR10),Expressway,4,85,570,83.8,7.4,Clear,21.8,0.0,0,0,0
2026-06-05 02:00,SEG_05,Bhawarkua Arterial (University to Tower Square),Collector,2,45,244,41.2,10.5,Clear,21.8,0.0,0,0,0
2026-06-05 02:00,SEG_06,MR-10 Expressway Link (Tigaria to Vijay Nagar),Expressway,3,70,539,67.7,11.2,Clear,21.8,0.0,0,0,0
2026-06-05 02:00,SEG_07,Annapurna Road Corridor (Ranjeet Hanuman to Mhow),Collector,2,40,208,36.4,12.6,Clear,21.8,0.0,0,0,0
2026-06-05 02:00,SEG_08,Vijay Nagar Central Junction (Brilliant to Scheme 54),Arterial,3,50,337,49.0,8.4,Clear,21.8,0.0,0,0,0
2026-06-05 04:00,SEG_01,AB Road Central (Palasia to Geeta Bhawan),Arterial,3,50,338,47.6,12.4,Clear,23.0,0.0,0,0,0
2026-06-05 04:00,SEG_02,Eastern Bypass Corridor (Rau to Kanadia),Highway,4,80,1161,74.1,20.6,Clear,23.0,0.0,0,0,0
2026-06-05 04:00,SEG_03,Ring Road Section 3 (Robot Square to Radisson),Arterial,3,55,243,52.7,7.6,Clear,23.0,0.0,0,0,0
2026-06-05 04:00,SEG_04,Super Corridor West (Airport to MR10),Expressway,4,85,763,81.1,10.4,Clear,23.0,0.0,0,0,0
2026-06-05 04:00,SEG_05,Bhawarkua Arterial (University to Tower Square),Collector,2,45,219,44.0,12.1,Clear,23.0,0.0,0,0,0
2026-06-05 04:00,SEG_06,MR-10 Expressway Link (Tigaria to Vijay Nagar),Expressway,3,70,483,65.5,11.0,Clear,23.0,0.0,0,0,0
2026-06-05 04:00,SEG_07,Annapurna Road Corridor (Ranjeet Hanuman to Mhow),Collector,2,40,156,23.9,21.2,Clear,23.0,0.0,1,0,1
2026-06-05 04:00,SEG_08,Vijay Nagar Central Junction (Brilliant to Scheme 54),Arterial,3,50,359,49.8,6.0,Clear,23.0,0.0,0,0,0
2026-06-05 06:00,SEG_01,AB Road Central (Palasia to Geeta Bhawan),Arterial,3,50,1300,37.1,36.4,Clear,26.2,0.0,0,0,1
2026-06-05 06:00,SEG_02,Eastern Bypass Corridor (Rau to Kanadia),Highway,4,80,2167,60.9,34.7,Clear,26.2,0.0,0,0,1
2026-06-05 06:00,SEG_03,Ring Road Section 3 (Robot Square to Radisson),Arterial,3,55,1372,38.5,45.8,Clear,26.2,0.0,0,0,1
2026-06-05 06:00,SEG_04,Super Corridor West (Airport to MR10),Expressway,4,85,2629,59.3,41.4,Clear,26.2,0.0,0,0,1
2026-06-05 06:00,SEG_05,Bhawarkua Arterial (University to Tower Square),Collector,2,45,790,30.8,45.9,Clear,26.2,0.0,0,0,1
2026-06-05 06:00,SEG_06,MR-10 Expressway Link (Tigaria to Vijay Nagar),Expressway,3,70,1523,52.3,41.7,Clear,26.2,0.0,0,0,1
2026-06-05 06:00,SEG_07,Annapurna Road Corridor (Ranjeet Hanuman to Mhow),Collector,2,40,589,30.9,36.3,Clear,26.2,0.0,0,0,0
2026-06-05 06:00,SEG_08,Vijay Nagar Central Junction (Brilliant to Scheme 54),Arterial,3,50,1487,32.3,45.5,Clear,26.2,0.0,0,0,1
2026-06-05 08:00,SEG_01,AB Road Central (Palasia to Geeta Bhawan),Arterial,3,50,2670,10.4,90.6,Cloudy,18.0,0.0,0,0,3
2026-06-05 08:00,SEG_02,Eastern Bypass Corridor (Rau to Kanadia),Highway,4,80,4119,26.9,76.0,Cloudy,18.0,0.0,0,0,2
2026-06-05 08:00,SEG_03,Ring Road Section 3 (Robot Square to Radisson),Arterial,3,55,2317,17.0,80.1,Cloudy,18.0,0.0,0,0,3
2026-06-05 08:00,SEG_04,Super Corridor West (Airport to MR10),Expressway,4,85,4081,35.3,69.3,Cloudy,18.0,0.0,0,0,2
2026-06-05 08:00,SEG_05,Bhawarkua Arterial (University to Tower Square),Collector,2,45,1235,17.6,72.9,Cloudy,18.0,0.0,0,0,2
2026-06-05 08:00,SEG_06,MR-10 Expressway Link (Tigaria to Vijay Nagar),Expressway,3,70,2653,27.3,72.6,Cloudy,18.0,0.0,0,0,2
2026-06-05 08:00,SEG_07,Annapurna Road Corridor (Ranjeet Hanuman to Mhow),Collector,2,40,1237,10.6,84.4,Cloudy,18.0,0.0,0,0,3
2026-06-05 08:00,SEG_08,Vijay Nagar Central Junction (Brilliant to Scheme 54),Arterial,3,50,3017,8.0,98.0,Cloudy,18.0,0.0,0,0,3
2026-06-05 10:00,SEG_01,AB Road Central (Palasia to Geeta Bhawan),Arterial,3,50,2391,15.9,79.2,Clear,32.4,0.0,0,0,2
2026-06-05 10:00,SEG_02,Eastern Bypass Corridor (Rau to Kanadia),Highway,4,80,3874,31.6,73.8,Clear,32.4,0.0,0,0,2
2026-06-05 10:00,SEG_03,Ring Road Section 3 (Robot Square to Radisson),Arterial,3,55,2120,23.0,71.6,Clear,32.4,0.0,0,0,2
2026-06-05 10:00,SEG_04,Super Corridor West (Airport to MR10),Expressway,4,85,5216,14.6,95.1,Clear,32.4,0.0,0,0,3
2026-06-05 10:00,SEG_05,Bhawarkua Arterial (University to Tower Square),Collector,2,45,1640,8.0,98.0,Clear,32.4,0.0,0,0,3
2026-06-05 10:00,SEG_06,MR-10 Expressway Link (Tigaria to Vijay Nagar),Expressway,3,70,2748,26.3,74.7,Clear,32.4,0.0,0,0,2
2026-06-05 10:00,SEG_07,Annapurna Road Corridor (Ranjeet Hanuman to Mhow),Collector,2,40,1366,8.0,89.3,Clear,32.4,0.0,0,0,3
2026-06-05 10:00,SEG_08,Vijay Nagar Central Junction (Brilliant to Scheme 54),Arterial,3,50,2705,9.3,91.7,Clear,32.4,0.0,0,0,3
2026-06-05 12:00,SEG_01,AB Road Central (Palasia to Geeta Bhawan),Arterial,3,50,1866,28.1,58.2,Clear,34.7,0.0,0,0,1
2026-06-05 12:00,SEG_02,Eastern Bypass Corridor (Rau to Kanadia),Highway,4,80,2919,50.1,51.7,Clear,34.7,0.0,0,0,1
2026-06-05 12:00,SEG_03,Ring Road Section 3 (Robot Square to Radisson),Arterial,3,55,1654,32.9,56.1,Clear,34.7,0.0,0,0,1
2026-06-05 12:00,SEG_04,Super Corridor West (Airport to MR10),Expressway,4,85,3213,51.4,52.8,Clear,34.7,0.0,0,0,1
2026-06-05 12:00,SEG_05,Bhawarkua Arterial (University to Tower Square),Collector,2,45,1010,25.2,59.8,Clear,34.7,0.0,0,0,1
2026-06-05 12:00,SEG_06,MR-10 Expressway Link (Tigaria to Vijay Nagar),Expressway,3,70,2085,41.2,53.0,Clear,34.7,0.0,0,0,1
2026-06-05 12:00,SEG_07,Annapurna Road Corridor (Ranjeet Hanuman to Mhow),Collector,2,40,953,22.3,56.1,Clear,34.7,0.0,0,0,1
2026-06-05 12:00,SEG_08,Vijay Nagar Central Junction (Brilliant to Scheme 54),Arterial,3,50,1960,26.4,64.7,Clear,34.7,0.0,0,0,2
2026-06-05 14:00,SEG_01,AB Road Central (Palasia to Geeta Bhawan),Arterial,3,50,1631,32.0,50.8,Clear,31.2,0.0,0,0,1
2026-06-05 14:00,SEG_02,Eastern Bypass Corridor (Rau to Kanadia),Highway,4,80,2883,49.8,51.9,Clear,31.2,0.0,0,0,1
2026-06-05 14:00,SEG_03,Ring Road Section 3 (Robot Square to Radisson),Arterial,3,55,1445,36.3,50.2,Clear,31.2,0.0,0,0,1
2026-06-05 14:00,SEG_04,Super Corridor West (Airport to MR10),Expressway,4,85,3172,51.4,52.6,Clear,31.2,0.0,0,0,1
2026-06-05 14:00,SEG_05,Bhawarkua Arterial (University to Tower Square),Collector,2,45,881,28.7,51.0,Clear,31.2,0.0,0,0,1
2026-06-05 14:00,SEG_06,MR-10 Expressway Link (Tigaria to Vijay Nagar),Expressway,3,70,1881,43.6,52.3,Clear,31.2,0.0,0,0,1
2026-06-05 14:00,SEG_07,Annapurna Road Corridor (Ranjeet Hanuman to Mhow),Collector,2,40,932,24.3,54.6,Clear,31.2,0.0,0,0,1
2026-06-05 14:00,SEG_08,Vijay Nagar Central Junction (Brilliant to Scheme 54),Arterial,3,50,1509,35.6,43.4,Clear,31.2,0.0,0,0,1
2026-06-05 16:00,SEG_01,AB Road Central (Palasia to Geeta Bhawan),Arterial,3,50,1755,29.8,53.0,Clear,29.7,0.0,0,0,1
2026-06-05 16:00,SEG_02,Eastern Bypass Corridor (Rau to Kanadia),Highway,4,80,2976,46.7,56.0,Clear,29.7,0.0,0,0,1
2026-06-05 16:00,SEG_03,Ring Road Section 3 (Robot Square to Radisson),Arterial,3,55,1609,34.7,50.7,Clear,29.7,0.0,0,0,1
2026-06-05 16:00,SEG_04,Super Corridor West (Airport to MR10),Expressway,4,85,3093,54.9,50.6,Clear,29.7,0.0,0,0,1
2026-06-05 16:00,SEG_05,Bhawarkua Arterial (University to Tower Square),Collector,2,45,989,26.0,55.6,Clear,29.7,0.0,0,0,1
2026-06-05 16:00,SEG_06,MR-10 Expressway Link (Tigaria to Vijay Nagar),Expressway,3,70,2221,38.4,58.3,Clear,29.7,0.0,0,0,1
2026-06-05 16:00,SEG_07,Annapurna Road Corridor (Ranjeet Hanuman to Mhow),Collector,2,40,840,23.6,51.4,Clear,29.7,0.0,0,0,1
2026-06-05 16:00,SEG_08,Vijay Nagar Central Junction (Brilliant to Scheme 54),Arterial,3,50,1649,31.0,49.3,Clear,29.7,0.0,0,0,1
2026-06-05 18:00,SEG_01,AB Road Central (Palasia to Geeta Bhawan),Arterial,3,50,2915,11.0,95.2,Clear,26.7,0.0,0,0,3
2026-06-05 18:00,SEG_02,Eastern Bypass Corridor (Rau to Kanadia),Highway,4,80,4447,18.8,83.8,Clear,26.7,0.0,0,0,3
2026-06-05 18:00,SEG_03,Ring Road Section 3 (Robot Square to Radisson),Arterial,3,55,2299,17.8,83.1,Clear,26.7,0.0,0,0,2
2026-06-05 18:00,SEG_04,Super Corridor West (Airport to MR10),Expressway,4,85,5162,15.0,94.4,Clear,26.7,0.0,0,0,3
2026-06-05 18:00,SEG_05,Bhawarkua Arterial (University to Tower Square),Collector,2,45,1260,8.4,80.4,Clear,26.7,0.0,1,0,3
2026-06-05 18:00,SEG_06,MR-10 Expressway Link (Tigaria to Vijay Nagar),Expressway,3,70,3074,15.2,89.4,Clear,26.7,0.0,0,0,3
2026-06-05 18:00,SEG_07,Annapurna Road Corridor (Ranjeet Hanuman to Mhow),Collector,2,40,1495,8.0,97.6,Clear,26.7,0.0,0,0,3
2026-06-05 18:00,SEG_08,Vijay Nagar Central Junction (Brilliant to Scheme 54),Arterial,3,50,2884,8.0,97.5,Clear,26.7,0.0,0,0,3
2026-06-05 20:00,SEG_01,AB Road Central (Palasia to Geeta Bhawan),Arterial,3,50,2619,10.1,91.6,Clear,27.0,0.0,0,0,3
2026-06-05 20:00,SEG_02,Eastern Bypass Corridor (Rau to Kanadia),Highway,4,80,4561,16.2,92.1,Clear,27.0,0.0,0,0,3
2026-06-05 20:00,SEG_03,Ring Road Section 3 (Robot Square to Radisson),Arterial,3,55,2629,10.3,92.3,Clear,27.0,0.0,0,0,3
2026-06-05 20:00,SEG_04,Super Corridor West (Airport to MR10),Expressway,4,85,5527,13.9,95.6,Clear,27.0,0.0,0,0,3
2026-06-05 20:00,SEG_05,Bhawarkua Arterial (University to Tower Square),Collector,2,45,1303,14.0,79.3,Clear,27.0,0.0,0,0,2
2026-06-05 20:00,SEG_06,MR-10 Expressway Link (Tigaria to Vijay Nagar),Expressway,3,70,3193,11.7,94.2,Clear,27.0,0.0,0,0,3
2026-06-05 20:00,SEG_07,Annapurna Road Corridor (Ranjeet Hanuman to Mhow),Collector,2,40,1599,9.1,98.0,Clear,27.0,0.0,0,0,3
2026-06-05 20:00,SEG_08,Vijay Nagar Central Junction (Brilliant to Scheme 54),Arterial,3,50,3245,8.0,98.0,Clear,27.0,0.0,0,0,3
2026-06-05 22:00,SEG_01,AB Road Central (Palasia to Geeta Bhawan),Arterial,3,50,1525,33.5,47.4,Clear,23.6,0.0,0,0,1
2026-06-05 22:00,SEG_02,Eastern Bypass Corridor (Rau to Kanadia),Highway,4,80,2778,51.8,51.9,Clear,23.6,0.0,0,0,1
2026-06-05 22:00,SEG_03,Ring Road Section 3 (Robot Square to Radisson),Arterial,3,55,1116,44.6,33.3,Clear,23.6,0.0,0,0,0
2026-06-05 22:00,SEG_04,Super Corridor West (Airport to MR10),Expressway,4,85,2488,39.2,50.9,Clear,23.6,0.0,1,0,2
2026-06-05 22:00,SEG_05,Bhawarkua Arterial (University to Tower Square),Collector,2,45,778,31.2,41.0,Clear,23.6,0.0,0,0,1
2026-06-05 22:00,SEG_06,MR-10 Expressway Link (Tigaria to Vijay Nagar),Expressway,3,70,1518,51.2,37.9,Clear,23.6,0.0,0,0,1
2026-06-05 22:00,SEG_07,Annapurna Road Corridor (Ranjeet Hanuman to Mhow),Collector,2,40,727,28.4,43.1,Clear,23.6,0.0,0,0,1
2026-06-05 22:00,SEG_08,Vijay Nagar Central Junction (Brilliant to Scheme 54),Arterial,3,50,1316,35.4,42.4,Clear,23.6,0.0,0,0,1
2026-06-06 00:00,SEG_01,AB Road Central (Palasia to Geeta Bhawan),Arterial,3,50,535,32.0,23.2,Clear,20.5,0.0,1,0,1
2026-06-06 00:00,SEG_02,Eastern Bypass Corridor (Rau to Kanadia),Highway,4,80,1527,67.6,28.5,Clear,20.5,0.0,0,0,0
2026-06-06 00:00,SEG_03,Ring Road Section 3 (Robot Square to Radisson),Arterial,3,55,436,51.8,15.2,Clear,20.5,0.0,0,0,0
2026-06-06 00:00,SEG_04,Super Corridor West (Airport to MR10),Expressway,4,85,786,82.3,9.2,Clear,20.5,0.0,0,0,0
2026-06-06 00:00,SEG_05,Bhawarkua Arterial (University to Tower Square),Collector,2,45,279,27.2,23.4,Clear,20.5,0.0,1,0,1
2026-06-06 00:00,SEG_06,MR-10 Expressway Link (Tigaria to Vijay Nagar),Expressway,3,70,478,44.1,24.3,Clear,20.5,0.0,1,0,1
2026-06-06 00:00,SEG_07,Annapurna Road Corridor (Ranjeet Hanuman to Mhow),Collector,2,40,319,35.1,18.1,Clear,20.5,0.0,0,0,0
2026-06-06 00:00,SEG_08,Vijay Nagar Central Junction (Brilliant to Scheme 54),Arterial,3,50,532,48.5,11.2,Clear,20.5,0.0,0,0,0
2026-06-06 02:00,SEG_01,AB Road Central (Palasia to Geeta Bhawan),Arterial,3,50,378,31.7,21.2,Cloudy,22.5,1.5,1,0,1
2026-06-06 02:00,SEG_02,Eastern Bypass Corridor (Rau to Kanadia),Highway,4,80,1671,66.9,29.3,Cloudy,22.5,1.5,0,0,0
2026-06-06 02:00,SEG_03,Ring Road Section 3 (Robot Square to Radisson),Arterial,3,55,528,52.4,15.2,Cloudy,22.5,1.5,0,0,0
2026-06-06 02:00,SEG_04,Super Corridor West (Airport to MR10),Expressway,4,85,971,78.6,13.3,Cloudy,22.5,1.5,0,0,0
2026-06-06 02:00,SEG_05,Bhawarkua Arterial (University to Tower Square),Collector,2,45,223,43.6,12.2,Cloudy,22.5,1.5,0,0,0
2026-06-06 02:00,SEG_06,MR-10 Expressway Link (Tigaria to Vijay Nagar),Expressway,3,70,693,64.2,16.7,Cloudy,22.5,1.5,0,0,0
2026-06-06 02:00,SEG_07,Annapurna Road Corridor (Ranjeet Hanuman to Mhow),Collector,2,40,271,35.8,18.4,Cloudy,22.5,1.5,0,0,0
2026-06-06 02:00,SEG_08,Vijay Nagar Central Junction (Brilliant to Scheme 54),Arterial,3,50,625,46.0,17.8,Cloudy,22.5,1.5,0,0,0
2026-06-06 04:00,SEG_01,AB Road Central (Palasia to Geeta Bhawan),Arterial,3,50,678,46.9,18.3,Clear,26.9,0.0,0,0,0
2026-06-06 04:00,SEG_02,Eastern Bypass Corridor (Rau to Kanadia),Highway,4,80,1524,70.8,26.1,Clear,26.9,0.0,0,0,0
2026-06-06 04:00,SEG_03,Ring Road Section 3 (Robot Square to Radisson),Arterial,3,55,338,51.4,8.0,Clear,26.9,0.0,0,0,0
2026-06-06 04:00,SEG_04,Super Corridor West (Airport to MR10),Expressway,4,85,1100,79.0,15.5,Clear,26.9,0.0,0,0,0
2026-06-06 04:00,SEG_05,Bhawarkua Arterial (University to Tower Square),Collector,2,45,287,42.8,12.5,Clear,26.9,0.0,0,0,0
2026-06-06 04:00,SEG_06,MR-10 Expressway Link (Tigaria to Vijay Nagar),Expressway,3,70,543,67.8,12.0,Clear,26.9,0.0,0,0,0
2026-06-06 04:00,SEG_07,Annapurna Road Corridor (Ranjeet Hanuman to Mhow),Collector,2,40,251,38.6,10.0,Clear,26.9,0.0,0,0,0
2026-06-06 04:00,SEG_08,Vijay Nagar Central Junction (Brilliant to Scheme 54),Arterial,3,50,581,44.7,14.7,Clear,26.9,0.0,0,0,0
2026-06-06 06:00,SEG_01,AB Road Central (Palasia to Geeta Bhawan),Arterial,3,50,1461,35.6,41.7,Clear,27.8,0.0,0,0,1
2026-06-06 06:00,SEG_02,Eastern Bypass Corridor (Rau to Kanadia),Highway,4,80,2753,53.5,48.7,Clear,27.8,0.0,0,0,1
2026-06-06 06:00,SEG_03,Ring Road Section 3 (Robot Square to Radisson),Arterial,3,55,1534,33.4,53.2,Clear,27.8,0.0,0,0,1
2026-06-06 06:00,SEG_04,Super Corridor West (Airport to MR10),Expressway,4,85,2753,56.9,47.3,Clear,27.8,0.0,0,0,1
2026-06-06 06:00,SEG_05,Bhawarkua Arterial (University to Tower Square),Collector,2,45,704,34.1,35.7,Clear,27.8,0.0,0,0,1
2026-06-06 06:00,SEG_06,MR-10 Expressway Link (Tigaria to Vijay Nagar),Expressway,3,70,1666,49.8,42.1,Clear,27.8,0.0,0,0,1
2026-06-06 06:00,SEG_07,Annapurna Road Corridor (Ranjeet Hanuman to Mhow),Collector,2,40,655,30.9,36.1,Clear,27.8,0.0,0,0,1
2026-06-06 06:00,SEG_08,Vijay Nagar Central Junction (Brilliant to Scheme 54),Arterial,3,50,1362,35.2,41.8,Clear,27.8,0.0,0,0,1
2026-06-06 08:00,SEG_01,AB Road Central (Palasia to Geeta Bhawan),Arterial,3,50,1724,31.6,54.3,Clear,29.6,0.0,0,0,1
2026-06-06 08:00,SEG_02,Eastern Bypass Corridor (Rau to Kanadia),Highway,4,80,2406,58.0,40.6,Clear,29.6,0.0,0,0,1
2026-06-06 08:00,SEG_03,Ring Road Section 3 (Robot Square to Radisson),Arterial,3,55,1203,42.9,35.4,Clear,29.6,0.0,0,0,1
2026-06-06 08:00,SEG_04,Super Corridor West (Airport to MR10),Expressway,4,85,3208,49.8,53.8,Clear,29.6,0.0,0,0,1
2026-06-06 08:00,SEG_05,Bhawarkua Arterial (University to Tower Square),Collector,2,45,801,31.4,41.4,Clear,29.6,0.0,0,0,1
2026-06-06 08:00,SEG_06,MR-10 Expressway Link (Tigaria to Vijay Nagar),Expressway,3,70,1606,51.2,40.8,Clear,29.6,0.0,0,0,1
2026-06-06 08:00,SEG_07,Annapurna Road Corridor (Ranjeet Hanuman to Mhow),Collector,2,40,764,26.0,49.4,Clear,29.6,0.0,0,0,1
2026-06-06 08:00,SEG_08,Vijay Nagar Central Junction (Brilliant to Scheme 54),Arterial,3,50,1351,21.7,49.5,Clear,29.6,0.0,1,0,2
2026-06-06 10:00,SEG_01,AB Road Central (Palasia to Geeta Bhawan),Arterial,3,50,1553,20.1,59.0,Clear,34.6,0.0,1,0,2
2026-06-06 10:00,SEG_02,Eastern Bypass Corridor (Rau to Kanadia),Highway,4,80,2510,54.5,44.8,Clear,34.6,0.0,0,0,1
2026-06-06 10:00,SEG_03,Ring Road Section 3 (Robot Square to Radisson),Arterial,3,55,1318,37.6,46.1,Clear,34.6,0.0,0,0,1
2026-06-06 10:00,SEG_04,Super Corridor West (Airport to MR10),Expressway,4,85,3055,53.6,53.4,Clear,34.6,0.0,0,0,1
2026-06-06 10:00,SEG_05,Bhawarkua Arterial (University to Tower Square),Collector,2,45,671,35.9,32.8,Clear,34.6,0.0,0,0,0
2026-06-06 10:00,SEG_06,MR-10 Expressway Link (Tigaria to Vijay Nagar),Expressway,3,70,1737,47.0,44.3,Clear,34.6,0.0,0,0,1
2026-06-06 10:00,SEG_07,Annapurna Road Corridor (Ranjeet Hanuman to Mhow),Collector,2,40,745,28.6,42.7,Clear,34.6,0.0,0,0,1
2026-06-06 10:00,SEG_08,Vijay Nagar Central Junction (Brilliant to Scheme 54),Arterial,3,50,1285,38.6,38.3,Clear,34.6,0.0,0,0,1
2026-06-06 12:00,SEG_01,AB Road Central (Palasia to Geeta Bhawan),Arterial,3,50,2059,25.2,63.3,Clear,32.7,0.0,0,0,2
2026-06-06 12:00,SEG_02,Eastern Bypass Corridor (Rau to Kanadia),Highway,4,80,3371,39.5,64.1,Clear,32.7,0.0,0,0,2
2026-06-06 12:00,SEG_03,Ring Road Section 3 (Robot Square to Radisson),Arterial,3,55,2163,21.4,73.6,Clear,32.7,0.0,0,0,2
2026-06-06 12:00,SEG_04,Super Corridor West (Airport to MR10),Expressway,4,85,3518,46.3,60.3,Clear,32.7,0.0,0,0,1
2026-06-06 12:00,SEG_05,Bhawarkua Arterial (University to Tower Square),Collector,2,45,1191,18.6,70.5,Clear,32.7,0.0,0,0,2
2026-06-06 12:00,SEG_06,MR-10 Expressway Link (Tigaria to Vijay Nagar),Expressway,3,70,2483,32.4,65.5,Clear,32.7,0.0,0,0,2
2026-06-06 12:00,SEG_07,Annapurna Road Corridor (Ranjeet Hanuman to Mhow),Collector,2,40,1028,17.9,68.0,Clear,32.7,0.0,0,0,2
2026-06-06 12:00,SEG_08,Vijay Nagar Central Junction (Brilliant to Scheme 54),Arterial,3,50,2097,22.9,66.1,Clear,32.7,0.0,0,0,2
2026-06-06 14:00,SEG_01,AB Road Central (Palasia to Geeta Bhawan),Arterial,3,50,1958,26.7,60.7,Cloudy,26.6,1.4,0,0,2
2026-06-06 14:00,SEG_02,Eastern Bypass Corridor (Rau to Kanadia),Highway,4,80,3307,42.3,62.8,Cloudy,26.6,1.4,0,0,2
2026-06-06 14:00,SEG_03,Ring Road Section 3 (Robot Square to Radisson),Arterial,3,55,1795,27.8,59.8,Cloudy,26.6,1.4,0,0,2
2026-06-06 14:00,SEG_04,Super Corridor West (Airport to MR10),Expressway,4,85,3603,42.9,62.4,Cloudy,26.6,1.4,0,0,2
2026-06-06 14:00,SEG_05,Bhawarkua Arterial (University to Tower Square),Collector,2,45,1065,23.4,59.1,Cloudy,26.6,1.4,0,0,2
2026-06-06 14:00,SEG_06,MR-10 Expressway Link (Tigaria to Vijay Nagar),Expressway,3,70,2237,38.7,59.9,Cloudy,26.6,1.4,0,0,1
2026-06-06 14:00,SEG_07,Annapurna Road Corridor (Ranjeet Hanuman to Mhow),Collector,2,40,1151,17.3,73.9,Cloudy,26.6,1.4,0,0,2
2026-06-06 14:00,SEG_08,Vijay Nagar Central Junction (Brilliant to Scheme 54),Arterial,3,50,2064,24.9,65.4,Cloudy,26.6,1.4,0,0,2
2026-06-06 16:00,SEG_01,AB Road Central (Palasia to Geeta Bhawan),Arterial,3,50,1334,37.8,36.8,Clear,29.7,0.0,0,0,1
2026-06-06 16:00,SEG_02,Eastern Bypass Corridor (Rau to Kanadia),Highway,4,80,2867,51.8,53.7,Clear,29.7,0.0,0,0,1
2026-06-06 16:00,SEG_03,Ring Road Section 3 (Robot Square to Radisson),Arterial,3,55,1267,41.4,42.4,Clear,29.7,0.0,0,0,1
2026-06-06 16:00,SEG_04,Super Corridor West (Airport to MR10),Expressway,4,85,2634,62.0,43.7,Clear,29.7,0.0,0,0,1
2026-06-06 16:00,SEG_05,Bhawarkua Arterial (University to Tower Square),Collector,2,45,816,29.5,47.1,Clear,29.7,0.0,0,0,1
2026-06-06 16:00,SEG_06,MR-10 Expressway Link (Tigaria to Vijay Nagar),Expressway,3,70,1921,42.4,52.8,Clear,29.7,0.0,0,0,1
2026-06-06 16:00,SEG_07,Annapurna Road Corridor (Ranjeet Hanuman to Mhow),Collector,2,40,843,23.8,55.4,Clear,29.7,0.0,0,0,1
2026-06-06 16:00,SEG_08,Vijay Nagar Central Junction (Brilliant to Scheme 54),Arterial,3,50,1610,32.0,47.4,Clear,29.7,0.0,0,0,1
2026-06-06 18:00,SEG_01,AB Road Central (Palasia to Geeta Bhawan),Arterial,3,50,2241,18.3,71.9,Clear,26.9,0.0,0,0,2
2026-06-06 18:00,SEG_02,Eastern Bypass Corridor (Rau to Kanadia),Highway,4,80,4663,13.7,88.8,Clear,26.9,0.0,0,0,3
2026-06-06 18:00,SEG_03,Ring Road Section 3 (Robot Square to Radisson),Arterial,3,55,2476,13.0,89.9,Clear,26.9,0.0,0,0,3
2026-06-06 18:00,SEG_04,Super Corridor West (Airport to MR10),Expressway,4,85,4900,18.7,85.2,Clear,26.9,0.0,0,0,3
2026-06-06 18:00,SEG_05,Bhawarkua Arterial (University to Tower Square),Collector,2,45,1200,20.4,71.5,Clear,26.9,0.0,0,0,2
2026-06-06 18:00,SEG_06,MR-10 Expressway Link (Tigaria to Vijay Nagar),Expressway,3,70,3201,14.5,92.0,Clear,26.9,0.0,0,0,3
2026-06-06 18:00,SEG_07,Annapurna Road Corridor (Ranjeet Hanuman to Mhow),Collector,2,40,1408,8.0,90.1,Clear,26.9,0.0,0,0,3
2026-06-06 18:00,SEG_08,Vijay Nagar Central Junction (Brilliant to Scheme 54),Arterial,3,50,2394,17.0,81.3,Clear,26.9,0.0,0,0,2
2026-06-06 20:00,SEG_01,AB Road Central (Palasia to Geeta Bhawan),Arterial,3,50,2263,17.3,78.1,Rainy,22.0,31.8,0,0,2
2026-06-06 20:00,SEG_02,Eastern Bypass Corridor (Rau to Kanadia),Highway,4,80,3657,27.6,73.5,Rainy,22.0,31.8,0,0,2
2026-06-06 20:00,SEG_03,Ring Road Section 3 (Robot Square to Radisson),Arterial,3,55,2134,18.6,73.2,Rainy,22.0,31.8,0,0,2
2026-06-06 20:00,SEG_04,Super Corridor West (Airport to MR10),Expressway,4,85,4477,22.7,79.4,Rainy,22.0,31.8,0,0,3
2026-06-06 20:00,SEG_05,Bhawarkua Arterial (University to Tower Square),Collector,2,45,1078,17.1,64.2,Rainy,22.0,31.8,0,0,2
2026-06-06 20:00,SEG_06,MR-10 Expressway Link (Tigaria to Vijay Nagar),Expressway,3,70,2654,23.6,75.4,Rainy,22.0,31.8,0,0,2
2026-06-06 20:00,SEG_07,Annapurna Road Corridor (Ranjeet Hanuman to Mhow),Collector,2,40,1115,13.5,76.1,Rainy,22.0,31.8,0,0,2
2026-06-06 20:00,SEG_08,Vijay Nagar Central Junction (Brilliant to Scheme 54),Arterial,3,50,2368,12.0,83.5,Rainy,22.0,31.8,0,0,3
2026-06-06 22:00,SEG_01,AB Road Central (Palasia to Geeta Bhawan),Arterial,3,50,1527,33.0,48.7,Clear,22.1,0.0,0,0,1
2026-06-06 22:00,SEG_02,Eastern Bypass Corridor (Rau to Kanadia),Highway,4,80,3426,40.2,64.1,Clear,22.1,0.0,0,0,2
2026-06-06 22:00,SEG_03,Ring Road Section 3 (Robot Square to Radisson),Arterial,3,55,1270,38.8,43.9,Clear,22.1,0.0,0,0,1
2026-06-06 22:00,SEG_04,Super Corridor West (Airport to MR10),Expressway,4,85,2352,63.4,39.0,Clear,22.1,0.0,0,0,1
2026-06-06 22:00,SEG_05,Bhawarkua Arterial (University to Tower Square),Collector,2,45,882,28.0,48.9,Clear,22.1,0.0,0,0,1
2026-06-06 22:00,SEG_06,MR-10 Expressway Link (Tigaria to Vijay Nagar),Expressway,3,70,1539,50.6,39.2,Clear,22.1,0.0,0,0,1
2026-06-06 22:00,SEG_07,Annapurna Road Corridor (Ranjeet Hanuman to Mhow),Collector,2,40,709,29.0,40.1,Clear,22.1,0.0,0,0,1
2026-06-06 22:00,SEG_08,Vijay Nagar Central Junction (Brilliant to Scheme 54),Arterial,3,50,1217,36.8,39.5,Clear,22.1,0.0,0,0,1
2026-06-07 00:00,SEG_01,AB Road Central (Palasia to Geeta Bhawan),Arterial,3,50,520,47.2,12.1,Clear,21.6,0.0,0,0,0
2026-06-07 00:00,SEG_02,Eastern Bypass Corridor (Rau to Kanadia),Highway,4,80,1673,66.3,28.3,Clear,21.6,0.0,0,0,0
2026-06-07 00:00,SEG_03,Ring Road Section 3 (Robot Square to Radisson),Arterial,3,55,398,53.7,11.6,Clear,21.6,0.0,0,0,0
2026-06-07 00:00,SEG_04,Super Corridor West (Airport to MR10),Expressway,4,85,742,83.7,10.2,Clear,21.6,0.0,0,0,0
2026-06-07 00:00,SEG_05,Bhawarkua Arterial (University to Tower Square),Collector,2,45,303,41.8,15.5,Clear,21.6,0.0,0,0,0
2026-06-07 00:00,SEG_06,MR-10 Expressway Link (Tigaria to Vijay Nagar),Expressway,3,70,707,64.7,14.0,Clear,21.6,0.0,0,0,0
2026-06-07 00:00,SEG_07,Annapurna Road Corridor (Ranjeet Hanuman to Mhow),Collector,2,40,323,38.4,17.9,Clear,21.6,0.0,0,0,0
2026-06-07 00:00,SEG_08,Vijay Nagar Central Junction (Brilliant to Scheme 54),Arterial,3,50,565,47.7,12.7,Clear,21.6,0.0,0,0,0
2026-06-07 02:00,SEG_01,AB Road Central (Palasia to Geeta Bhawan),Arterial,3,50,553,43.1,17.3,Foggy,19.9,0.0,0,0,0
2026-06-07 02:00,SEG_02,Eastern Bypass Corridor (Rau to Kanadia),Highway,4,80,1794,56.9,36.7,Foggy,19.9,0.0,0,0,0
2026-06-07 02:00,SEG_03,Ring Road Section 3 (Robot Square to Radisson),Arterial,3,55,539,44.7,18.8,Foggy,19.9,0.0,0,0,0
2026-06-07 02:00,SEG_04,Super Corridor West (Airport to MR10),Expressway,4,85,846,72.5,16.3,Foggy,19.9,0.0,0,0,0
2026-06-07 02:00,SEG_05,Bhawarkua Arterial (University to Tower Square),Collector,2,45,279,35.9,19.4,Foggy,19.9,0.0,0,0,0
2026-06-07 02:00,SEG_06,MR-10 Expressway Link (Tigaria to Vijay Nagar),Expressway,3,70,725,57.1,18.3,Foggy,19.9,0.0,0,0,0
2026-06-07 02:00,SEG_07,Annapurna Road Corridor (Ranjeet Hanuman to Mhow),Collector,2,40,233,33.2,15.8,Foggy,19.9,0.0,0,0,0
2026-06-07 02:00,SEG_08,Vijay Nagar Central Junction (Brilliant to Scheme 54),Arterial,3,50,515,40.5,16.4,Foggy,19.9,0.0,0,0,0
2026-06-07 04:00,SEG_01,AB Road Central (Palasia to Geeta Bhawan),Arterial,3,50,416,46.9,13.3,Clear,25.8,0.0,0,0,0
2026-06-07 04:00,SEG_02,Eastern Bypass Corridor (Rau to Kanadia),Highway,4,80,1834,66.5,29.4,Clear,25.8,0.0,0,0,0
2026-06-07 04:00,SEG_03,Ring Road Section 3 (Robot Square to Radisson),Arterial,3,55,426,50.8,15.4,Clear,25.8,0.0,0,0,0
2026-06-07 04:00,SEG_04,Super Corridor West (Airport to MR10),Expressway,4,85,844,82.4,10.1,Clear,25.8,0.0,0,0,0
2026-06-07 04:00,SEG_05,Bhawarkua Arterial (University to Tower Square),Collector,2,45,274,41.4,16.3,Clear,25.8,0.0,0,0,0
2026-06-07 04:00,SEG_06,MR-10 Expressway Link (Tigaria to Vijay Nagar),Expressway,3,70,700,66.2,15.8,Clear,25.8,0.0,0,0,0
2026-06-07 04:00,SEG_07,Annapurna Road Corridor (Ranjeet Hanuman to Mhow),Collector,2,40,209,36.9,14.3,Clear,25.8,0.0,0,0,0
2026-06-07 04:00,SEG_08,Vijay Nagar Central Junction (Brilliant to Scheme 54),Arterial,3,50,561,48.0,16.4,Clear,25.8,0.0,0,0,0
2026-06-07 06:00,SEG_01,AB Road Central (Palasia to Geeta Bhawan),Arterial,3,50,1679,32.1,51.5,Clear,27.8,0.0,0,0,1
2026-06-07 06:00,SEG_02,Eastern Bypass Corridor (Rau to Kanadia),Highway,4,80,2461,55.8,44.2,Clear,27.8,0.0,0,0,1
2026-06-07 06:00,SEG_03,Ring Road Section 3 (Robot Square to Radisson),Arterial,3,55,1338,38.2,41.6,Clear,27.8,0.0,0,0,1
2026-06-07 06:00,SEG_04,Super Corridor West (Airport to MR10),Expressway,4,85,3165,51.4,52.1,Clear,27.8,0.0,0,0,1
2026-06-07 06:00,SEG_05,Bhawarkua Arterial (University to Tower Square),Collector,2,45,742,34.2,40.6,Clear,27.8,0.0,0,0,1
2026-06-07 06:00,SEG_06,MR-10 Expressway Link (Tigaria to Vijay Nagar),Expressway,3,70,1738,46.2,47.8,Clear,27.8,0.0,0,0,1
2026-06-07 06:00,SEG_07,Annapurna Road Corridor (Ranjeet Hanuman to Mhow),Collector,2,40,736,28.5,44.1,Clear,27.8,0.0,0,0,1
2026-06-07 06:00,SEG_08,Vijay Nagar Central Junction (Brilliant to Scheme 54),Arterial,3,50,1227,37.6,39.9,Clear,27.8,0.0,0,0,1
2026-06-07 08:00,SEG_01,AB Road Central (Palasia to Geeta Bhawan),Arterial,3,50,1384,35.8,43.1,Clear,30.7,0.0,0,0,1
2026-06-07 08:00,SEG_02,Eastern Bypass Corridor (Rau to Kanadia),Highway,4,80,2698,52.6,49.2,Clear,30.7,0.0,0,0,1
2026-06-07 08:00,SEG_03,Ring Road Section 3 (Robot Square to Radisson),Arterial,3,55,1473,36.5,46.8,Clear,30.7,0.0,0,0,1
2026-06-07 08:00,SEG_04,Super Corridor West (Airport to MR10),Expressway,4,85,2304,65.9,38.4,Clear,30.7,0.0,0,0,1
2026-06-07 08:00,SEG_05,Bhawarkua Arterial (University to Tower Square),Collector,2,45,780,31.0,41.7,Clear,30.7,0.0,0,0,1
2026-06-07 08:00,SEG_06,MR-10 Expressway Link (Tigaria to Vijay Nagar),Expressway,3,70,1962,44.6,51.9,Clear,30.7,0.0,0,0,1
2026-06-07 08:00,SEG_07,Annapurna Road Corridor (Ranjeet Hanuman to Mhow),Collector,2,40,801,26.8,50.9,Clear,30.7,0.0,0,0,1
2026-06-07 08:00,SEG_08,Vijay Nagar Central Junction (Brilliant to Scheme 54),Arterial,3,50,1356,34.5,43.5,Clear,30.7,0.0,0,0,1
2026-06-07 10:00,SEG_01,AB Road Central (Palasia to Geeta Bhawan),Arterial,3,50,1483,35.4,47.0,Clear,32.0,0.0,0,0,1
2026-06-07 10:00,SEG_02,Eastern Bypass Corridor (Rau to Kanadia),Highway,4,80,2646,54.8,48.8,Clear,32.0,0.0,0,0,1
2026-06-07 10:00,SEG_03,Ring Road Section 3 (Robot Square to Radisson),Arterial,3,55,1183,40.7,40.1,Clear,32.0,0.0,0,0,1
2026-06-07 10:00,SEG_04,Super Corridor West (Airport to MR10),Expressway,4,85,2799,57.4,43.4,Clear,32.0,0.0,0,0,1
2026-06-07 10:00,SEG_05,Bhawarkua Arterial (University to Tower Square),Collector,2,45,804,32.3,42.8,Clear,32.0,0.0,0,0,1
2026-06-07 10:00,SEG_06,MR-10 Expressway Link (Tigaria to Vijay Nagar),Expressway,3,70,1563,51.4,42.3,Clear,32.0,0.0,0,0,1
2026-06-07 10:00,SEG_07,Annapurna Road Corridor (Ranjeet Hanuman to Mhow),Collector,2,40,818,27.3,48.3,Clear,32.0,0.0,0,0,1
2026-06-07 10:00,SEG_08,Vijay Nagar Central Junction (Brilliant to Scheme 54),Arterial,3,50,1576,30.9,52.0,Clear,32.0,0.0,0,0,1
2026-06-07 12:00,SEG_01,AB Road Central (Palasia to Geeta Bhawan),Arterial,3,50,2091,22.5,66.6,Clear,32.8,0.0,0,0,2
2026-06-07 12:00,SEG_02,Eastern Bypass Corridor (Rau to Kanadia),Highway,4,80,3940,30.2,72.8,Clear,32.8,0.0,0,0,2
2026-06-07 12:00,SEG_03,Ring Road Section 3 (Robot Square to Radisson),Arterial,3,55,1867,28.4,60.9,Clear,32.8,0.0,0,0,2
2026-06-07 12:00,SEG_04,Super Corridor West (Airport to MR10),Expressway,4,85,4143,33.0,73.1,Clear,32.8,0.0,0,0,2
2026-06-07 12:00,SEG_05,Bhawarkua Arterial (University to Tower Square),Collector,2,45,1164,19.4,66.3,Clear,32.8,0.0,0,0,2
2026-06-07 12:00,SEG_06,MR-10 Expressway Link (Tigaria to Vijay Nagar),Expressway,3,70,2062,22.6,66.3,Clear,32.8,0.0,1,0,3
2026-06-07 12:00,SEG_07,Annapurna Road Corridor (Ranjeet Hanuman to Mhow),Collector,2,40,1040,18.0,67.7,Clear,32.8,0.0,0,0,2
2026-06-07 12:00,SEG_08,Vijay Nagar Central Junction (Brilliant to Scheme 54),Arterial,3,50,1922,26.5,59.0,Clear,32.8,0.0,0,0,2
2026-06-07 14:00,SEG_01,AB Road Central (Palasia to Geeta Bhawan),Arterial,3,50,2085,24.8,65.0,Cloudy,27.7,1.1,0,0,2
2026-06-07 14:00,SEG_02,Eastern Bypass Corridor (Rau to Kanadia),Highway,4,80,3807,34.2,73.7,Cloudy,27.7,1.1,0,0,2
2026-06-07 14:00,SEG_03,Ring Road Section 3 (Robot Square to Radisson),Arterial,3,55,1860,26.1,65.6,Cloudy,27.7,1.1,0,0,2
2026-06-07 14:00,SEG_04,Super Corridor West (Airport to MR10),Expressway,4,85,3811,41.5,62.1,Cloudy,27.7,1.1,0,0,2
2026-06-07 14:00,SEG_05,Bhawarkua Arterial (University to Tower Square),Collector,2,45,1185,17.3,74.5,Cloudy,27.7,1.1,0,0,2
2026-06-07 14:00,SEG_06,MR-10 Expressway Link (Tigaria to Vijay Nagar),Expressway,3,70,2349,19.0,71.3,Cloudy,27.7,1.1,1,0,3
2026-06-07 14:00,SEG_07,Annapurna Road Corridor (Ranjeet Hanuman to Mhow),Collector,2,40,1057,17.1,69.3,Cloudy,27.7,1.1,0,0,2
2026-06-07 14:00,SEG_08,Vijay Nagar Central Junction (Brilliant to Scheme 54),Arterial,3,50,2085,23.5,65.5,Cloudy,27.7,1.1,0,0,2
2026-06-07 16:00,SEG_01,AB Road Central (Palasia to Geeta Bhawan),Arterial,3,50,1492,32.6,44.4,Clear,29.5,0.0,0,0,1
2026-06-07 16:00,SEG_02,Eastern Bypass Corridor (Rau to Kanadia),Highway,4,80,2160,59.8,38.0,Clear,29.5,0.0,0,0,1
2026-06-07 16:00,SEG_03,Ring Road Section 3 (Robot Square to Radisson),Arterial,3,55,1314,37.4,43.5,Clear,29.5,0.0,0,0,1
2026-06-07 16:00,SEG_04,Super Corridor West (Airport to MR10),Expressway,4,85,2726,57.2,46.0,Clear,29.5,0.0,0,0,1
2026-06-07 16:00,SEG_05,Bhawarkua Arterial (University to Tower Square),Collector,2,45,938,25.8,52.1,Clear,29.5,0.0,0,0,1
2026-06-07 16:00,SEG_06,MR-10 Expressway Link (Tigaria to Vijay Nagar),Expressway,3,70,1792,46.0,45.7,Clear,29.5,0.0,0,0,1
2026-06-07 16:00,SEG_07,Annapurna Road Corridor (Ranjeet Hanuman to Mhow),Collector,2,40,815,24.2,48.9,Clear,29.5,0.0,0,0,1
2026-06-07 16:00,SEG_08,Vijay Nagar Central Junction (Brilliant to Scheme 54),Arterial,3,50,1246,37.3,39.2,Clear,29.5,0.0,0,0,1
2026-06-07 18:00,SEG_01,AB Road Central (Palasia to Geeta Bhawan),Arterial,3,50,2314,16.6,76.1,Clear,29.0,0.0,0,0,2
2026-06-07 18:00,SEG_02,Eastern Bypass Corridor (Rau to Kanadia),Highway,4,80,4205,22.6,83.5,Clear,29.0,0.0,0,0,3
2026-06-07 18:00,SEG_03,Ring Road Section 3 (Robot Square to Radisson),Arterial,3,55,2093,21.0,72.5,Clear,29.0,0.0,0,0,2
2026-06-07 18:00,SEG_04,Super Corridor West (Airport to MR10),Expressway,4,85,5131,16.5,89.0,Clear,29.0,0.0,0,0,3
2026-06-07 18:00,SEG_05,Bhawarkua Arterial (University to Tower Square),Collector,2,45,1287,14.1,77.9,Clear,29.0,0.0,0,0,2
2026-06-07 18:00,SEG_06,MR-10 Expressway Link (Tigaria to Vijay Nagar),Expressway,3,70,3044,15.0,86.7,Clear,29.0,0.0,0,0,3
2026-06-07 18:00,SEG_07,Annapurna Road Corridor (Ranjeet Hanuman to Mhow),Collector,2,40,1107,18.2,72.2,Clear,29.0,0.0,0,0,2
2026-06-07 18:00,SEG_08,Vijay Nagar Central Junction (Brilliant to Scheme 54),Arterial,3,50,2384,16.0,76.3,Clear,29.0,0.0,0,0,2
2026-06-07 20:00,SEG_01,AB Road Central (Palasia to Geeta Bhawan),Arterial,3,50,2598,11.7,87.4,Clear,24.3,0.0,0,0,3
2026-06-07 20:00,SEG_02,Eastern Bypass Corridor (Rau to Kanadia),Highway,4,80,4725,14.5,93.3,Clear,24.3,0.0,0,0,3
2026-06-07 20:00,SEG_03,Ring Road Section 3 (Robot Square to Radisson),Arterial,3,55,2139,20.1,75.9,Clear,24.3,0.0,0,0,2
2026-06-07 20:00,SEG_04,Super Corridor West (Airport to MR10),Expressway,4,85,4690,25.5,79.6,Clear,24.3,0.0,0,0,3
2026-06-07 20:00,SEG_05,Bhawarkua Arterial (University to Tower Square),Collector,2,45,1294,16.7,78.8,Clear,24.3,0.0,0,0,2
2026-06-07 20:00,SEG_06,MR-10 Expressway Link (Tigaria to Vijay Nagar),Expressway,3,70,2591,30.4,68.1,Clear,24.3,0.0,0,0,2
2026-06-07 20:00,SEG_07,Annapurna Road Corridor (Ranjeet Hanuman to Mhow),Collector,2,40,1189,12.9,77.5,Clear,24.3,0.0,0,0,2
2026-06-07 20:00,SEG_08,Vijay Nagar Central Junction (Brilliant to Scheme 54),Arterial,3,50,2554,12.2,83.4,Clear,24.3,0.0,0,0,3
2026-06-07 22:00,SEG_01,AB Road Central (Palasia to Geeta Bhawan),Arterial,3,50,1295,35.3,37.8,Clear,23.4,0.0,0,0,1
2026-06-07 22:00,SEG_02,Eastern Bypass Corridor (Rau to Kanadia),Highway,4,80,3320,41.8,59.5,Clear,23.4,0.0,0,0,2
2026-06-07 22:00,SEG_03,Ring Road Section 3 (Robot Square to Radisson),Arterial,3,55,1545,32.8,50.5,Clear,23.4,0.0,0,0,1
2026-06-07 22:00,SEG_04,Super Corridor West (Airport to MR10),Expressway,4,85,2753,58.7,45.7,Clear,23.4,0.0,0,0,1
2026-06-07 22:00,SEG_05,Bhawarkua Arterial (University to Tower Square),Collector,2,45,797,30.2,44.2,Clear,23.4,0.0,0,0,1
2026-06-07 22:00,SEG_06,MR-10 Expressway Link (Tigaria to Vijay Nagar),Expressway,3,70,2012,42.4,54.6,Clear,23.4,0.0,0,0,1
2026-06-07 22:00,SEG_07,Annapurna Road Corridor (Ranjeet Hanuman to Mhow),Collector,2,40,623,31.6,37.0,Clear,23.4,0.0,0,0,0
2026-06-07 22:00,SEG_08,Vijay Nagar Central Junction (Brilliant to Scheme 54),Arterial,3,50,1339,38.3,38.6,Clear,23.4,0.0,0,0,1
2026-06-08 00:00,SEG_01,AB Road Central (Palasia to Geeta Bhawan),Arterial,3,50,376,50,10.7,Clear,23.1,0.0,0,0,0
2026-06-08 00:00,SEG_02,Eastern Bypass Corridor (Rau to Kanadia),Highway,4,80,1364,71.4,24.8,Clear,23.1,0.0,0,0,0
2026-06-08 00:00,SEG_03,Ring Road Section 3 (Robot Square to Radisson),Arterial,3,55,265,52.0,11.0,Clear,23.1,0.0,0,0,0
2026-06-08 00:00,SEG_04,Super Corridor West (Airport to MR10),Expressway,4,85,799,83.1,8.7,Clear,23.1,0.0,0,0,0
2026-06-08 00:00,SEG_05,Bhawarkua Arterial (University to Tower Square),Collector,2,45,212,42.9,11.2,Clear,23.1,0.0,0,0,0
2026-06-08 00:00,SEG_06,MR-10 Expressway Link (Tigaria to Vijay Nagar),Expressway,3,70,512,68.8,13.2,Clear,23.1,0.0,0,0,0
2026-06-08 00:00,SEG_07,Annapurna Road Corridor (Ranjeet Hanuman to Mhow),Collector,2,40,201,40,8.9,Clear,23.1,0.0,0,0,0
2026-06-08 00:00,SEG_08,Vijay Nagar Central Junction (Brilliant to Scheme 54),Arterial,3,50,278,49.9,5.3,Clear,23.1,0.0,0,0,0
2026-06-08 02:00,SEG_01,AB Road Central (Palasia to Geeta Bhawan),Arterial,3,50,455,48.1,10.6,Cloudy,23.0,0.0,0,0,0
2026-06-08 02:00,SEG_02,Eastern Bypass Corridor (Rau to Kanadia),Highway,4,80,1255,72.5,22.9,Cloudy,23.0,0.0,0,0,0
2026-06-08 02:00,SEG_03,Ring Road Section 3 (Robot Square to Radisson),Arterial,3,55,347,51.6,9.8,Cloudy,23.0,0.0,0,0,0
2026-06-08 02:00,SEG_04,Super Corridor West (Airport to MR10),Expressway,4,85,671,81.9,11.0,Cloudy,23.0,0.0,0,0,0
2026-06-08 02:00,SEG_05,Bhawarkua Arterial (University to Tower Square),Collector,2,45,226,44.4,10.1,Cloudy,23.0,0.0,0,0,0
2026-06-08 02:00,SEG_06,MR-10 Expressway Link (Tigaria to Vijay Nagar),Expressway,3,70,288,67.6,8.4,Cloudy,23.0,0.0,0,0,0
2026-06-08 02:00,SEG_07,Annapurna Road Corridor (Ranjeet Hanuman to Mhow),Collector,2,40,141,40,7.6,Cloudy,23.0,0.0,0,0,0
2026-06-08 02:00,SEG_08,Vijay Nagar Central Junction (Brilliant to Scheme 54),Arterial,3,50,327,49.9,5.3,Cloudy,23.0,0.0,0,0,0
2026-06-08 04:00,SEG_01,AB Road Central (Palasia to Geeta Bhawan),Arterial,3,50,377,40.7,17.0,Rainy,23.7,28.4,0,0,0
2026-06-08 04:00,SEG_02,Eastern Bypass Corridor (Rau to Kanadia),Highway,4,80,1134,59.5,26.9,Rainy,23.7,28.4,0,0,0
2026-06-08 04:00,SEG_03,Ring Road Section 3 (Robot Square to Radisson),Arterial,3,55,381,41.4,16.5,Rainy,23.7,28.4,0,0,0
2026-06-08 04:00,SEG_04,Super Corridor West (Airport to MR10),Expressway,4,85,690,68.7,17.7,Rainy,23.7,28.4,0,0,0
2026-06-08 04:00,SEG_05,Bhawarkua Arterial (University to Tower Square),Collector,2,45,206,35.8,16.5,Rainy,23.7,28.4,0,0,0
2026-06-08 04:00,SEG_06,MR-10 Expressway Link (Tigaria to Vijay Nagar),Expressway,3,70,480,53.8,18.7,Rainy,23.7,28.4,0,0,0
2026-06-08 04:00,SEG_07,Annapurna Road Corridor (Ranjeet Hanuman to Mhow),Collector,2,40,130,31.7,12.7,Rainy,23.7,28.4,0,0,0
2026-06-08 04:00,SEG_08,Vijay Nagar Central Junction (Brilliant to Scheme 54),Arterial,3,50,318,38.9,14.1,Rainy,23.7,28.4,0,0,0
2026-06-08 06:00,SEG_01,AB Road Central (Palasia to Geeta Bhawan),Arterial,3,50,1247,38.7,36.7,Cloudy,23.6,0.5,0,0,1
2026-06-08 06:00,SEG_02,Eastern Bypass Corridor (Rau to Kanadia),Highway,4,80,2304,58.0,38.9,Cloudy,23.6,0.5,0,0,1
2026-06-08 06:00,SEG_03,Ring Road Section 3 (Robot Square to Radisson),Arterial,3,55,1067,43.4,33.9,Cloudy,23.6,0.5,0,0,0
2026-06-08 06:00,SEG_04,Super Corridor West (Airport to MR10),Expressway,4,85,2126,67.0,32.7,Cloudy,23.6,0.5,0,0,0
2026-06-08 06:00,SEG_05,Bhawarkua Arterial (University to Tower Square),Collector,2,45,703,35.8,38.8,Cloudy,23.6,0.5,0,0,1
2026-06-08 06:00,SEG_06,MR-10 Expressway Link (Tigaria to Vijay Nagar),Expressway,3,70,1650,49.6,45.1,Cloudy,23.6,0.5,0,0,1
2026-06-08 06:00,SEG_07,Annapurna Road Corridor (Ranjeet Hanuman to Mhow),Collector,2,40,718,29.1,41.1,Cloudy,23.6,0.5,0,0,1
2026-06-08 06:00,SEG_08,Vijay Nagar Central Junction (Brilliant to Scheme 54),Arterial,3,50,1604,32.3,48.3,Cloudy,23.6,0.5,0,0,1
2026-06-08 08:00,SEG_01,AB Road Central (Palasia to Geeta Bhawan),Arterial,3,50,2503,12.7,82.3,Rainy,24.1,15.1,0,0,3
2026-06-08 08:00,SEG_02,Eastern Bypass Corridor (Rau to Kanadia),Highway,4,80,4394,18.3,86.2,Rainy,24.1,15.1,0,0,3
2026-06-08 08:00,SEG_03,Ring Road Section 3 (Robot Square to Radisson),Arterial,3,55,1852,23.9,67.6,Rainy,24.1,15.1,0,0,2
2026-06-08 08:00,SEG_04,Super Corridor West (Airport to MR10),Expressway,4,85,4108,29.8,76.2,Rainy,24.1,15.1,0,0,2
2026-06-08 08:00,SEG_05,Bhawarkua Arterial (University to Tower Square),Collector,2,45,1411,9.9,84.8,Rainy,24.1,15.1,0,0,3
2026-06-08 08:00,SEG_06,MR-10 Expressway Link (Tigaria to Vijay Nagar),Expressway,3,70,2688,19.5,80.0,Rainy,24.1,15.1,0,0,2
2026-06-08 08:00,SEG_07,Annapurna Road Corridor (Ranjeet Hanuman to Mhow),Collector,2,40,1237,9.1,82.6,Rainy,24.1,15.1,0,0,3
2026-06-08 08:00,SEG_08,Vijay Nagar Central Junction (Brilliant to Scheme 54),Arterial,3,50,2169,9.1,79.1,Rainy,24.1,15.1,1,0,3
2026-06-08 10:00,SEG_01,AB Road Central (Palasia to Geeta Bhawan),Arterial,3,50,2756,8.0,95.8,Clear,33.7,0.0,0,0,3
2026-06-08 10:00,SEG_02,Eastern Bypass Corridor (Rau to Kanadia),Highway,4,80,4249,21.6,84.2,Clear,33.7,0.0,0,0,3
2026-06-08 10:00,SEG_03,Ring Road Section 3 (Robot Square to Radisson),Arterial,3,55,2350,15.0,83.5,Clear,33.7,0.0,0,0,3
2026-06-08 10:00,SEG_04,Super Corridor West (Airport to MR10),Expressway,4,85,4386,30.0,79.4,Clear,33.7,0.0,0,0,2
2026-06-08 10:00,SEG_05,Bhawarkua Arterial (University to Tower Square),Collector,2,45,1341,14.7,81.5,Clear,33.7,0.0,0,0,2
2026-06-08 10:00,SEG_06,MR-10 Expressway Link (Tigaria to Vijay Nagar),Expressway,3,70,3158,13.2,88.3,Clear,33.7,0.0,0,0,3
2026-06-08 10:00,SEG_07,Annapurna Road Corridor (Ranjeet Hanuman to Mhow),Collector,2,40,1189,15.8,74.0,Clear,33.7,0.0,0,0,2
2026-06-08 10:00,SEG_08,Vijay Nagar Central Junction (Brilliant to Scheme 54),Arterial,3,50,2890,8.7,96.8,Clear,33.7,0.0,0,0,3
2026-06-08 12:00,SEG_01,AB Road Central (Palasia to Geeta Bhawan),Arterial,3,50,1700,29.1,55.8,Clear,32.6,0.0,0,0,1
2026-06-08 12:00,SEG_02,Eastern Bypass Corridor (Rau to Kanadia),Highway,4,80,3382,42.6,61.5,Clear,32.6,0.0,0,0,2
2026-06-08 12:00,SEG_03,Ring Road Section 3 (Robot Square to Radisson),Arterial,3,55,1583,32.2,54.8,Clear,32.6,0.0,0,0,1
2026-06-08 12:00,SEG_04,Super Corridor West (Airport to MR10),Expressway,4,85,3143,53.2,49.4,Clear,32.6,0.0,0,0,1
2026-06-08 12:00,SEG_05,Bhawarkua Arterial (University to Tower Square),Collector,2,45,1032,24.1,60.5,Clear,32.6,0.0,0,0,2
2026-06-08 12:00,SEG_06,MR-10 Expressway Link (Tigaria to Vijay Nagar),Expressway,3,70,1963,42.8,51.2,Clear,32.6,0.0,0,0,1
2026-06-08 12:00,SEG_07,Annapurna Road Corridor (Ranjeet Hanuman to Mhow),Collector,2,40,795,25.2,50.5,Clear,32.6,0.0,0,0,1
2026-06-08 12:00,SEG_08,Vijay Nagar Central Junction (Brilliant to Scheme 54),Arterial,3,50,1789,29.7,57.9,Clear,32.6,0.0,0,0,1
2026-06-08 14:00,SEG_01,AB Road Central (Palasia to Geeta Bhawan),Arterial,3,50,1660,31.6,53.4,Clear,32.6,0.0,0,0,1
2026-06-08 14:00,SEG_02,Eastern Bypass Corridor (Rau to Kanadia),Highway,4,80,3022,46.2,57.7,Clear,32.6,0.0,0,0,1
2026-06-08 14:00,SEG_03,Ring Road Section 3 (Robot Square to Radisson),Arterial,3,55,1367,38.3,41.5,Clear,32.6,0.0,0,0,1
2026-06-08 14:00,SEG_04,Super Corridor West (Airport to MR10),Expressway,4,85,3248,52.5,53.7,Clear,32.6,0.0,0,0,1
2026-06-08 14:00,SEG_05,Bhawarkua Arterial (University to Tower Square),Collector,2,45,1030,25.4,57.9,Clear,32.6,0.0,0,0,1
2026-06-08 14:00,SEG_06,MR-10 Expressway Link (Tigaria to Vijay Nagar),Expressway,3,70,1983,42.1,52.8,Clear,32.6,0.0,0,0,1
2026-06-08 14:00,SEG_07,Annapurna Road Corridor (Ranjeet Hanuman to Mhow),Collector,2,40,865,25.0,54.5,Clear,32.6,0.0,0,0,1
2026-06-08 14:00,SEG_08,Vijay Nagar Central Junction (Brilliant to Scheme 54),Arterial,3,50,1872,27.2,59.0,Clear,32.6,0.0,0,0,1
2026-06-08 16:00,SEG_01,AB Road Central (Palasia to Geeta Bhawan),Arterial,3,50,1915,26.2,60.2,Clear,32.8,0.0,0,0,2
2026-06-08 16:00,SEG_02,Eastern Bypass Corridor (Rau to Kanadia),Highway,4,80,2778,50.7,47.4,Clear,32.8,0.0,0,0,1
2026-06-08 16:00,SEG_03,Ring Road Section 3 (Robot Square to Radisson),Arterial,3,55,1613,33.0,53.4,Clear,32.8,0.0,0,0,1
2026-06-08 16:00,SEG_04,Super Corridor West (Airport to MR10),Expressway,4,85,3137,53.5,51.7,Clear,32.8,0.0,0,0,1
2026-06-08 16:00,SEG_05,Bhawarkua Arterial (University to Tower Square),Collector,2,45,1068,23.3,60.0,Clear,32.8,0.0,0,0,2
2026-06-08 16:00,SEG_06,MR-10 Expressway Link (Tigaria to Vijay Nagar),Expressway,3,70,2049,42.8,54.1,Clear,32.8,0.0,0,0,1
2026-06-08 16:00,SEG_07,Annapurna Road Corridor (Ranjeet Hanuman to Mhow),Collector,2,40,908,22.5,58.8,Clear,32.8,0.0,0,0,1
2026-06-08 16:00,SEG_08,Vijay Nagar Central Junction (Brilliant to Scheme 54),Arterial,3,50,1711,30.2,51.3,Clear,32.8,0.0,0,0,1
2026-06-08 18:00,SEG_01,AB Road Central (Palasia to Geeta Bhawan),Arterial,3,50,2701,8.4,93.0,Clear,26.3,0.0,0,0,3
2026-06-08 18:00,SEG_02,Eastern Bypass Corridor (Rau to Kanadia),Highway,4,80,4124,26.8,78.5,Clear,26.3,0.0,0,0,2
2026-06-08 18:00,SEG_03,Ring Road Section 3 (Robot Square to Radisson),Arterial,3,55,2448,13.8,83.6,Clear,26.3,0.0,0,0,3
2026-06-08 18:00,SEG_04,Super Corridor West (Airport to MR10),Expressway,4,85,4665,24.6,79.5,Clear,26.3,0.0,0,0,3
2026-06-08 18:00,SEG_05,Bhawarkua Arterial (University to Tower Square),Collector,2,45,1421,9.2,90.6,Clear,26.3,0.0,0,0,3
2026-06-08 18:00,SEG_06,MR-10 Expressway Link (Tigaria to Vijay Nagar),Expressway,3,70,2999,9.1,90.5,Clear,26.3,0.0,1,0,3
2026-06-08 18:00,SEG_07,Annapurna Road Corridor (Ranjeet Hanuman to Mhow),Collector,2,40,1239,14.2,81.1,Clear,26.3,0.0,0,0,2
2026-06-08 18:00,SEG_08,Vijay Nagar Central Junction (Brilliant to Scheme 54),Arterial,3,50,2665,10.9,91.0,Clear,26.3,0.0,0,0,3
2026-06-08 20:00,SEG_01,AB Road Central (Palasia to Geeta Bhawan),Arterial,3,50,2684,9.1,91.4,Clear,25.6,0.0,0,0,3
2026-06-08 20:00,SEG_02,Eastern Bypass Corridor (Rau to Kanadia),Highway,4,80,4351,19.9,86.9,Clear,25.6,0.0,0,0,3
2026-06-08 20:00,SEG_03,Ring Road Section 3 (Robot Square to Radisson),Arterial,3,55,2549,8.3,92.3,Clear,25.6,0.0,0,0,3
2026-06-08 20:00,SEG_04,Super Corridor West (Airport to MR10),Expressway,4,85,4906,19.0,85.3,Clear,25.6,0.0,0,0,3
2026-06-08 20:00,SEG_05,Bhawarkua Arterial (University to Tower Square),Collector,2,45,1410,12.2,87.4,Clear,25.6,0.0,0,0,3
2026-06-08 20:00,SEG_06,MR-10 Expressway Link (Tigaria to Vijay Nagar),Expressway,3,70,3513,12.1,95.4,Clear,25.6,0.0,0,0,3
2026-06-08 20:00,SEG_07,Annapurna Road Corridor (Ranjeet Hanuman to Mhow),Collector,2,40,1346,9.4,87.2,Clear,25.6,0.0,0,0,3
2026-06-08 20:00,SEG_08,Vijay Nagar Central Junction (Brilliant to Scheme 54),Arterial,3,50,2906,9.8,93.1,Clear,25.6,0.0,0,0,3
2026-06-08 22:00,SEG_01,AB Road Central (Palasia to Geeta Bhawan),Arterial,3,50,1307,38.6,37.7,Clear,22.7,0.0,0,0,1
2026-06-08 22:00,SEG_02,Eastern Bypass Corridor (Rau to Kanadia),Highway,4,80,2857,50.2,49.1,Clear,22.7,0.0,0,0,1
2026-06-08 22:00,SEG_03,Ring Road Section 3 (Robot Square to Radisson),Arterial,3,55,1109,42.3,34.6,Clear,22.7,0.0,0,0,0
2026-06-08 22:00,SEG_04,Super Corridor West (Airport to MR10),Expressway,4,85,2326,66.4,35.8,Clear,22.7,0.0,0,0,1
2026-06-08 22:00,SEG_05,Bhawarkua Arterial (University to Tower Square),Collector,2,45,681,35.4,35.7,Clear,22.7,0.0,0,0,0
2026-06-08 22:00,SEG_06,MR-10 Expressway Link (Tigaria to Vijay Nagar),Expressway,3,70,1697,49.1,42.4,Clear,22.7,0.0,0,0,1
2026-06-08 22:00,SEG_07,Annapurna Road Corridor (Ranjeet Hanuman to Mhow),Collector,2,40,628,31.6,38.0,Clear,22.7,0.0,0,0,0
2026-06-08 22:00,SEG_08,Vijay Nagar Central Junction (Brilliant to Scheme 54),Arterial,3,50,1455,35.5,41.8,Clear,22.7,0.0,0,0,1
2026-06-09 00:00,SEG_01,AB Road Central (Palasia to Geeta Bhawan),Arterial,3,50,326,49.4,5.9,Clear,21.6,0.0,0,0,0
2026-06-09 00:00,SEG_02,Eastern Bypass Corridor (Rau to Kanadia),Highway,4,80,1325,69.8,24.8,Clear,21.6,0.0,0,0,0
2026-06-09 00:00,SEG_03,Ring Road Section 3 (Robot Square to Radisson),Arterial,3,55,301,51.8,6.7,Clear,21.6,0.0,0,0,0
2026-06-09 00:00,SEG_04,Super Corridor West (Airport to MR10),Expressway,4,85,676,82.3,10.7,Clear,21.6,0.0,0,0,0
2026-06-09 00:00,SEG_05,Bhawarkua Arterial (University to Tower Square),Collector,2,45,221,43.8,9.9,Clear,21.6,0.0,0,0,0
2026-06-09 00:00,SEG_06,MR-10 Expressway Link (Tigaria to Vijay Nagar),Expressway,3,70,357,67.4,5.5,Clear,21.6,0.0,0,0,0
2026-06-09 00:00,SEG_07,Annapurna Road Corridor (Ranjeet Hanuman to Mhow),Collector,2,40,192,37.3,8.3,Clear,21.6,0.0,0,0,0
2026-06-09 00:00,SEG_08,Vijay Nagar Central Junction (Brilliant to Scheme 54),Arterial,3,50,279,50,8.1,Clear,21.6,0.0,0,0,0
2026-06-09 02:00,SEG_01,AB Road Central (Palasia to Geeta Bhawan),Arterial,3,50,375,46.5,8.7,Clear,22.4,0.0,0,0,0
2026-06-09 02:00,SEG_02,Eastern Bypass Corridor (Rau to Kanadia),Highway,4,80,1263,71.2,23.6,Clear,22.4,0.0,0,0,0
2026-06-09 02:00,SEG_03,Ring Road Section 3 (Robot Square to Radisson),Arterial,3,55,298,55,7.8,Clear,22.4,0.0,0,0,0
2026-06-09 02:00,SEG_04,Super Corridor West (Airport to MR10),Expressway,4,85,571,81.2,7.4,Clear,22.4,0.0,0,0,0
2026-06-09 02:00,SEG_05,Bhawarkua Arterial (University to Tower Square),Collector,2,45,257,44.3,13.3,Clear,22.4,0.0,0,0,0
2026-06-09 02:00,SEG_06,MR-10 Expressway Link (Tigaria to Vijay Nagar),Expressway,3,70,451,67.7,11.7,Clear,22.4,0.0,0,0,0
2026-06-09 02:00,SEG_07,Annapurna Road Corridor (Ranjeet Hanuman to Mhow),Collector,2,40,224,38.0,12.5,Clear,22.4,0.0,0,0,0
2026-06-09 02:00,SEG_08,Vijay Nagar Central Junction (Brilliant to Scheme 54),Arterial,3,50,244,49.7,8.8,Clear,22.4,0.0,0,0,0
2026-06-09 04:00,SEG_01,AB Road Central (Palasia to Geeta Bhawan),Arterial,3,50,405,32.3,20.3,Cloudy,21.9,0.0,1,0,1
2026-06-09 04:00,SEG_02,Eastern Bypass Corridor (Rau to Kanadia),Highway,4,80,1164,71.2,22.1,Cloudy,21.9,0.0,0,0,0
2026-06-09 04:00,SEG_03,Ring Road Section 3 (Robot Square to Radisson),Arterial,3,55,323,52.4,12.3,Cloudy,21.9,0.0,0,0,0
2026-06-09 04:00,SEG_04,Super Corridor West (Airport to MR10),Expressway,4,85,791,80.2,13.1,Cloudy,21.9,0.0,0,0,0
2026-06-09 04:00,SEG_05,Bhawarkua Arterial (University to Tower Square),Collector,2,45,226,42.2,12.4,Cloudy,21.9,0.0,0,0,0
2026-06-09 04:00,SEG_06,MR-10 Expressway Link (Tigaria to Vijay Nagar),Expressway,3,70,316,69.3,7.6,Cloudy,21.9,0.0,0,0,0
2026-06-09 04:00,SEG_07,Annapurna Road Corridor (Ranjeet Hanuman to Mhow),Collector,2,40,202,36.6,12.1,Cloudy,21.9,0.0,0,0,0
2026-06-09 04:00,SEG_08,Vijay Nagar Central Junction (Brilliant to Scheme 54),Arterial,3,50,381,49.8,11.2,Cloudy,21.9,0.0,0,0,0
2026-06-09 06:00,SEG_01,AB Road Central (Palasia to Geeta Bhawan),Arterial,3,50,1445,35.2,41.2,Clear,29.9,0.0,0,0,1
2026-06-09 06:00,SEG_02,Eastern Bypass Corridor (Rau to Kanadia),Highway,4,80,2498,55.8,43.5,Clear,29.9,0.0,0,0,1
2026-06-09 06:00,SEG_03,Ring Road Section 3 (Robot Square to Radisson),Arterial,3,55,1258,41.1,39.6,Clear,29.9,0.0,0,0,1
2026-06-09 06:00,SEG_04,Super Corridor West (Airport to MR10),Expressway,4,85,2448,63.6,37.9,Clear,29.9,0.0,0,0,1
2026-06-09 06:00,SEG_05,Bhawarkua Arterial (University to Tower Square),Collector,2,45,729,32.1,40.6,Clear,29.9,0.0,0,0,1
2026-06-09 06:00,SEG_06,MR-10 Expressway Link (Tigaria to Vijay Nagar),Expressway,3,70,1591,49.8,42.6,Clear,29.9,0.0,0,0,1
2026-06-09 06:00,SEG_07,Annapurna Road Corridor (Ranjeet Hanuman to Mhow),Collector,2,40,694,27.7,40.1,Clear,29.9,0.0,0,0,1
2026-06-09 06:00,SEG_08,Vijay Nagar Central Junction (Brilliant to Scheme 54),Arterial,3,50,1308,36.2,38.4,Clear,29.9,0.0,0,0,1
2026-06-09 08:00,SEG_01,AB Road Central (Palasia to Geeta Bhawan),Arterial,3,50,2551,13.7,82.6,Clear,30.5,0.0,0,0,3
2026-06-09 08:00,SEG_02,Eastern Bypass Corridor (Rau to Kanadia),Highway,4,80,4795,14.5,94.4,Clear,30.5,0.0,0,0,3
2026-06-09 08:00,SEG_03,Ring Road Section 3 (Robot Square to Radisson),Arterial,3,55,2492,11.5,88.4,Clear,30.5,0.0,0,0,3
2026-06-09 08:00,SEG_04,Super Corridor West (Airport to MR10),Expressway,4,85,4693,23.4,83.9,Clear,30.5,0.0,0,0,3
2026-06-09 08:00,SEG_05,Bhawarkua Arterial (University to Tower Square),Collector,2,45,1361,13.0,84.9,Clear,30.5,0.0,0,0,3
2026-06-09 08:00,SEG_06,MR-10 Expressway Link (Tigaria to Vijay Nagar),Expressway,3,70,2649,28.4,75.8,Clear,30.5,0.0,0,0,2
2026-06-09 08:00,SEG_07,Annapurna Road Corridor (Ranjeet Hanuman to Mhow),Collector,2,40,1241,10.8,83.6,Clear,30.5,0.0,0,0,3
2026-06-09 08:00,SEG_08,Vijay Nagar Central Junction (Brilliant to Scheme 54),Arterial,3,50,2563,13.1,87.6,Clear,30.5,0.0,0,0,3
2026-06-09 10:00,SEG_01,AB Road Central (Palasia to Geeta Bhawan),Arterial,3,50,2498,14.9,81.5,Clear,32.3,0.0,0,0,3
2026-06-09 10:00,SEG_02,Eastern Bypass Corridor (Rau to Kanadia),Highway,4,80,4623,13.3,89.2,Clear,32.3,0.0,0,0,3
2026-06-09 10:00,SEG_03,Ring Road Section 3 (Robot Square to Radisson),Arterial,3,55,2213,17.8,79.0,Clear,32.3,0.0,0,0,2
2026-06-09 10:00,SEG_04,Super Corridor West (Airport to MR10),Expressway,4,85,4565,25.6,81.2,Clear,32.3,0.0,0,0,3
2026-06-09 10:00,SEG_05,Bhawarkua Arterial (University to Tower Square),Collector,2,45,1535,8.0,94.9,Clear,32.3,0.0,0,0,3
2026-06-09 10:00,SEG_06,MR-10 Expressway Link (Tigaria to Vijay Nagar),Expressway,3,70,3357,10.9,93.7,Clear,32.3,0.0,0,0,3
2026-06-09 10:00,SEG_07,Annapurna Road Corridor (Ranjeet Hanuman to Mhow),Collector,2,40,1115,16.7,68.2,Clear,32.3,0.0,0,0,2
2026-06-09 10:00,SEG_08,Vijay Nagar Central Junction (Brilliant to Scheme 54),Arterial,3,50,2624,9.8,86.9,Clear,32.3,0.0,0,0,3
2026-06-09 12:00,SEG_01,AB Road Central (Palasia to Geeta Bhawan),Arterial,3,50,1568,31.3,51.5,Cloudy,30.5,0.0,0,0,1
2026-06-09 12:00,SEG_02,Eastern Bypass Corridor (Rau to Kanadia),Highway,4,80,2728,51.4,49.0,Cloudy,30.5,0.0,0,0,1
2026-06-09 12:00,SEG_03,Ring Road Section 3 (Robot Square to Radisson),Arterial,3,55,1802,28.7,63.9,Cloudy,30.5,0.0,0,0,2
2026-06-09 12:00,SEG_04,Super Corridor West (Airport to MR10),Expressway,4,85,3207,52.1,53.8,Cloudy,30.5,0.0,0,0,1
2026-06-09 12:00,SEG_05,Bhawarkua Arterial (University to Tower Square),Collector,2,45,962,25.7,54.7,Cloudy,30.5,0.0,0,0,1
2026-06-09 12:00,SEG_06,MR-10 Expressway Link (Tigaria to Vijay Nagar),Expressway,3,70,2142,38.8,56.3,Cloudy,30.5,0.0,0,0,1
2026-06-09 12:00,SEG_07,Annapurna Road Corridor (Ranjeet Hanuman to Mhow),Collector,2,40,772,28.4,44.3,Cloudy,30.5,0.0,0,0,1
2026-06-09 12:00,SEG_08,Vijay Nagar Central Junction (Brilliant to Scheme 54),Arterial,3,50,1574,34.5,47.2,Cloudy,30.5,0.0,0,0,1
2026-06-09 14:00,SEG_01,AB Road Central (Palasia to Geeta Bhawan),Arterial,3,50,1413,20.8,52.7,Clear,32.9,0.0,1,0,2
2026-06-09 14:00,SEG_02,Eastern Bypass Corridor (Rau to Kanadia),Highway,4,80,2959,49.1,52.6,Clear,32.9,0.0,0,0,1
2026-06-09 14:00,SEG_03,Ring Road Section 3 (Robot Square to Radisson),Arterial,3,55,1516,34.2,52.1,Clear,32.9,0.0,0,0,1
2026-06-09 14:00,SEG_04,Super Corridor West (Airport to MR10),Expressway,4,85,3709,41.9,64.9,Clear,32.9,0.0,0,0,2
2026-06-09 14:00,SEG_05,Bhawarkua Arterial (University to Tower Square),Collector,2,45,995,24.2,56.9,Clear,32.9,0.0,0,0,1
2026-06-09 14:00,SEG_06,MR-10 Expressway Link (Tigaria to Vijay Nagar),Expressway,3,70,2125,40.3,54.8,Clear,32.9,0.0,0,0,1
2026-06-09 14:00,SEG_07,Annapurna Road Corridor (Ranjeet Hanuman to Mhow),Collector,2,40,727,26.9,42.1,Clear,32.9,0.0,0,0,1
2026-06-09 14:00,SEG_08,Vijay Nagar Central Junction (Brilliant to Scheme 54),Arterial,3,50,1689,29.5,51.4,Clear,32.9,0.0,0,0,1
2026-06-09 16:00,SEG_01,AB Road Central (Palasia to Geeta Bhawan),Arterial,3,50,1728,29.7,56.0,Clear,30.4,0.0,0,0,1
2026-06-09 16:00,SEG_02,Eastern Bypass Corridor (Rau to Kanadia),Highway,4,80,3015,45.5,57.2,Clear,30.4,0.0,0,0,1
2026-06-09 16:00,SEG_03,Ring Road Section 3 (Robot Square to Radisson),Arterial,3,55,1458,37.8,48.7,Clear,30.4,0.0,0,0,1
2026-06-09 16:00,SEG_04,Super Corridor West (Airport to MR10),Expressway,4,85,3266,49.6,56.4,Clear,30.4,0.0,0,0,1
2026-06-09 16:00,SEG_05,Bhawarkua Arterial (University to Tower Square),Collector,2,45,968,26.1,57.2,Clear,30.4,0.0,0,0,1
2026-06-09 16:00,SEG_06,MR-10 Expressway Link (Tigaria to Vijay Nagar),Expressway,3,70,2191,39.0,57.5,Clear,30.4,0.0,0,0,1
2026-06-09 16:00,SEG_07,Annapurna Road Corridor (Ranjeet Hanuman to Mhow),Collector,2,40,860,26.3,51.2,Clear,30.4,0.0,0,0,1
2026-06-09 16:00,SEG_08,Vijay Nagar Central Junction (Brilliant to Scheme 54),Arterial,3,50,1662,32.6,52.9,Clear,30.4,0.0,0,0,1
2026-06-09 18:00,SEG_01,AB Road Central (Palasia to Geeta Bhawan),Arterial,3,50,2746,8.1,90.7,Clear,26.5,0.0,0,0,3
2026-06-09 18:00,SEG_02,Eastern Bypass Corridor (Rau to Kanadia),Highway,4,80,4651,15.6,90.5,Clear,26.5,0.0,0,0,3
2026-06-09 18:00,SEG_03,Ring Road Section 3 (Robot Square to Radisson),Arterial,3,55,2583,8.5,90.7,Clear,26.5,0.0,0,0,3
2026-06-09 18:00,SEG_04,Super Corridor West (Airport to MR10),Expressway,4,85,5667,15.8,95.6,Clear,26.5,0.0,0,0,3
2026-06-09 18:00,SEG_05,Bhawarkua Arterial (University to Tower Square),Collector,2,45,1605,8.0,94.9,Clear,26.5,0.0,0,0,3
2026-06-09 18:00,SEG_06,MR-10 Expressway Link (Tigaria to Vijay Nagar),Expressway,3,70,3751,13.8,98.0,Clear,26.5,0.0,0,0,3
2026-06-09 18:00,SEG_07,Annapurna Road Corridor (Ranjeet Hanuman to Mhow),Collector,2,40,1337,8.0,91.2,Clear,26.5,0.0,0,0,3
2026-06-09 18:00,SEG_08,Vijay Nagar Central Junction (Brilliant to Scheme 54),Arterial,3,50,2704,9.8,88.9,Clear,26.5,0.0,0,0,3
2026-06-09 20:00,SEG_01,AB Road Central (Palasia to Geeta Bhawan),Arterial,3,50,2785,10.7,92.4,Clear,24.4,0.0,0,0,3
2026-06-09 20:00,SEG_02,Eastern Bypass Corridor (Rau to Kanadia),Highway,4,80,4020,27.1,76.3,Clear,24.4,0.0,0,0,2
2026-06-09 20:00,SEG_03,Ring Road Section 3 (Robot Square to Radisson),Arterial,3,55,2330,14.4,80.3,Clear,24.4,0.0,0,0,3
2026-06-09 20:00,SEG_04,Super Corridor West (Airport to MR10),Expressway,4,85,5834,16.2,98.0,Clear,24.4,0.0,0,0,3
2026-06-09 20:00,SEG_05,Bhawarkua Arterial (University to Tower Square),Collector,2,45,1491,8.1,91.9,Clear,24.4,0.0,0,0,3
2026-06-09 20:00,SEG_06,MR-10 Expressway Link (Tigaria to Vijay Nagar),Expressway,3,70,3215,11.0,93.0,Clear,24.4,0.0,0,0,3
2026-06-09 20:00,SEG_07,Annapurna Road Corridor (Ranjeet Hanuman to Mhow),Collector,2,40,1324,10.6,84.1,Clear,24.4,0.0,0,0,3
2026-06-09 20:00,SEG_08,Vijay Nagar Central Junction (Brilliant to Scheme 54),Arterial,3,50,2556,13.7,85.6,Clear,24.4,0.0,0,0,3
2026-06-09 22:00,SEG_01,AB Road Central (Palasia to Geeta Bhawan),Arterial,3,50,1218,36.8,40.0,Clear,23.6,0.0,0,0,1
2026-06-09 22:00,SEG_02,Eastern Bypass Corridor (Rau to Kanadia),Highway,4,80,2773,49.7,52.3,Clear,23.6,0.0,0,0,1
2026-06-09 22:00,SEG_03,Ring Road Section 3 (Robot Square to Radisson),Arterial,3,55,1112,42.6,34.5,Clear,23.6,0.0,0,0,0
2026-06-09 22:00,SEG_04,Super Corridor West (Airport to MR10),Expressway,4,85,2808,56.1,43.9,Clear,23.6,0.0,0,0,1
2026-06-09 22:00,SEG_05,Bhawarkua Arterial (University to Tower Square),Collector,2,45,743,31.1,43.5,Clear,23.6,0.0,0,0,1
2026-06-09 22:00,SEG_06,MR-10 Expressway Link (Tigaria to Vijay Nagar),Expressway,3,70,1510,51.5,39.7,Clear,23.6,0.0,0,0,1
2026-06-09 22:00,SEG_07,Annapurna Road Corridor (Ranjeet Hanuman to Mhow),Collector,2,40,644,28.7,40.0,Clear,23.6,0.0,0,0,1
2026-06-09 22:00,SEG_08,Vijay Nagar Central Junction (Brilliant to Scheme 54),Arterial,3,50,1275,39.2,35.1,Clear,23.6,0.0,0,0,1
2026-06-10 00:00,SEG_01,AB Road Central (Palasia to Geeta Bhawan),Arterial,3,50,306,48.5,7.3,Clear,21.6,0.0,0,0,0
2026-06-10 00:00,SEG_02,Eastern Bypass Corridor (Rau to Kanadia),Highway,4,80,1306,70.9,23.1,Clear,21.6,0.0,0,0,0
2026-06-10 00:00,SEG_03,Ring Road Section 3 (Robot Square to Radisson),Arterial,3,55,334,53.5,7.5,Clear,21.6,0.0,0,0,0
2026-06-10 00:00,SEG_04,Super Corridor West (Airport to MR10),Expressway,4,85,826,83.0,10.7,Clear,21.6,0.0,0,0,0
2026-06-10 00:00,SEG_05,Bhawarkua Arterial (University to Tower Square),Collector,2,45,191,44.0,8.9,Clear,21.6,0.0,0,0,0
2026-06-10 00:00,SEG_06,MR-10 Expressway Link (Tigaria to Vijay Nagar),Expressway,3,70,521,65.7,14.5,Clear,21.6,0.0,0,0,0
2026-06-10 00:00,SEG_07,Annapurna Road Corridor (Ranjeet Hanuman to Mhow),Collector,2,40,139,38.3,8.1,Clear,21.6,0.0,0,0,0
2026-06-10 00:00,SEG_08,Vijay Nagar Central Junction (Brilliant to Scheme 54),Arterial,3,50,393,46.3,10.8,Clear,21.6,0.0,0,0,0
2026-06-10 02:00,SEG_01,AB Road Central (Palasia to Geeta Bhawan),Arterial,3,50,357,46.8,9.9,Clear,22.3,0.0,0,0,0
2026-06-10 02:00,SEG_02,Eastern Bypass Corridor (Rau to Kanadia),Highway,4,80,1476,70.7,21.9,Clear,22.3,0.0,0,0,0
2026-06-10 02:00,SEG_03,Ring Road Section 3 (Robot Square to Radisson),Arterial,3,55,410,54.2,11.2,Clear,22.3,0.0,0,0,0
2026-06-10 02:00,SEG_04,Super Corridor West (Airport to MR10),Expressway,4,85,617,80.9,6.6,Clear,22.3,0.0,0,0,0
2026-06-10 02:00,SEG_05,Bhawarkua Arterial (University to Tower Square),Collector,2,45,220,42.9,13.1,Clear,22.3,0.0,0,0,0
2026-06-10 02:00,SEG_06,MR-10 Expressway Link (Tigaria to Vijay Nagar),Expressway,3,70,486,67.6,7.8,Clear,22.3,0.0,0,0,0
2026-06-10 02:00,SEG_07,Annapurna Road Corridor (Ranjeet Hanuman to Mhow),Collector,2,40,206,36.6,12.6,Clear,22.3,0.0,0,0,0
2026-06-10 02:00,SEG_08,Vijay Nagar Central Junction (Brilliant to Scheme 54),Arterial,3,50,285,47.1,10.0,Clear,22.3,0.0,0,0,0
2026-06-10 04:00,SEG_01,AB Road Central (Palasia to Geeta Bhawan),Arterial,3,50,376,47.4,9.9,Clear,24.8,0.0,0,0,0
2026-06-10 04:00,SEG_02,Eastern Bypass Corridor (Rau to Kanadia),Highway,4,80,1069,72.0,17.3,Clear,24.8,0.0,0,0,0
2026-06-10 04:00,SEG_03,Ring Road Section 3 (Robot Square to Radisson),Arterial,3,55,256,52.4,5.8,Clear,24.8,0.0,0,0,0
2026-06-10 04:00,SEG_04,Super Corridor West (Airport to MR10),Expressway,4,85,693,80.9,10.9,Clear,24.8,0.0,0,0,0
2026-06-10 04:00,SEG_05,Bhawarkua Arterial (University to Tower Square),Collector,2,45,213,44.4,8.4,Clear,24.8,0.0,0,0,0
2026-06-10 04:00,SEG_06,MR-10 Expressway Link (Tigaria to Vijay Nagar),Expressway,3,70,487,66.8,10.3,Clear,24.8,0.0,0,0,0
2026-06-10 04:00,SEG_07,Annapurna Road Corridor (Ranjeet Hanuman to Mhow),Collector,2,40,165,38.1,12.1,Clear,24.8,0.0,0,0,0
2026-06-10 04:00,SEG_08,Vijay Nagar Central Junction (Brilliant to Scheme 54),Arterial,3,50,410,46.6,9.2,Clear,24.8,0.0,0,0,0
2026-06-10 06:00,SEG_01,AB Road Central (Palasia to Geeta Bhawan),Arterial,3,50,1518,31.9,50.5,Cloudy,23.8,0.0,0,0,1
2026-06-10 06:00,SEG_02,Eastern Bypass Corridor (Rau to Kanadia),Highway,4,80,2744,49.9,51.2,Cloudy,23.8,0.0,0,0,1
2026-06-10 06:00,SEG_03,Ring Road Section 3 (Robot Square to Radisson),Arterial,3,55,1111,41.8,36.0,Cloudy,23.8,0.0,0,0,1
2026-06-10 06:00,SEG_04,Super Corridor West (Airport to MR10),Expressway,4,85,2315,65.1,38.1,Cloudy,23.8,0.0,0,0,1
2026-06-10 06:00,SEG_05,Bhawarkua Arterial (University to Tower Square),Collector,2,45,680,34.7,37.7,Cloudy,23.8,0.0,0,0,1
2026-06-10 06:00,SEG_06,MR-10 Expressway Link (Tigaria to Vijay Nagar),Expressway,3,70,1297,57.4,32.6,Cloudy,23.8,0.0,0,0,0
2026-06-10 06:00,SEG_07,Annapurna Road Corridor (Ranjeet Hanuman to Mhow),Collector,2,40,549,19.7,41.3,Cloudy,23.8,0.0,1,0,2
2026-06-10 06:00,SEG_08,Vijay Nagar Central Junction (Brilliant to Scheme 54),Arterial,3,50,1511,31.8,50.0,Cloudy,23.8,0.0,0,0,1
2026-06-10 08:00,SEG_01,AB Road Central (Palasia to Geeta Bhawan),Arterial,3,50,2699,8.3,93.9,Clear,29.9,0.0,0,0,3
2026-06-10 08:00,SEG_02,Eastern Bypass Corridor (Rau to Kanadia),Highway,4,80,4250,23.1,84.5,Clear,29.9,0.0,0,0,3
2026-06-10 08:00,SEG_03,Ring Road Section 3 (Robot Square to Radisson),Arterial,3,55,2083,21.4,72.0,Clear,29.9,0.0,0,0,2
2026-06-10 08:00,SEG_04,Super Corridor West (Airport to MR10),Expressway,4,85,4375,30.5,74.7,Clear,29.9,0.0,0,0,2
2026-06-10 08:00,SEG_05,Bhawarkua Arterial (University to Tower Square),Collector,2,45,1561,8.6,96.5,Clear,29.9,0.0,0,0,3
2026-06-10 08:00,SEG_06,MR-10 Expressway Link (Tigaria to Vijay Nagar),Expressway,3,70,3107,8.4,90.7,Clear,29.9,0.0,1,0,3
2026-06-10 08:00,SEG_07,Annapurna Road Corridor (Ranjeet Hanuman to Mhow),Collector,2,40,1290,8.7,85.3,Clear,29.9,0.0,0,0,3
2026-06-10 08:00,SEG_08,Vijay Nagar Central Junction (Brilliant to Scheme 54),Arterial,3,50,2884,8.0,94.7,Clear,29.9,0.0,0,0,3
2026-06-10 10:00,SEG_01,AB Road Central (Palasia to Geeta Bhawan),Arterial,3,50,2728,8.0,90.4,Clear,35.1,0.0,0,0,3
2026-06-10 10:00,SEG_02,Eastern Bypass Corridor (Rau to Kanadia),Highway,4,80,4699,13.6,93.4,Clear,35.1,0.0,0,0,3
2026-06-10 10:00,SEG_03,Ring Road Section 3 (Robot Square to Radisson),Arterial,3,55,2294,18.5,77.6,Clear,35.1,0.0,0,0,2
2026-06-10 10:00,SEG_04,Super Corridor West (Airport to MR10),Expressway,4,85,5659,15.5,98.0,Clear,35.1,0.0,0,0,3
2026-06-10 10:00,SEG_05,Bhawarkua Arterial (University to Tower Square),Collector,2,45,1258,17.5,76.1,Clear,35.1,0.0,0,0,2
2026-06-10 10:00,SEG_06,MR-10 Expressway Link (Tigaria to Vijay Nagar),Expressway,3,70,3235,12.4,95.1,Clear,35.1,0.0,0,0,3
2026-06-10 10:00,SEG_07,Annapurna Road Corridor (Ranjeet Hanuman to Mhow),Collector,2,40,1524,8.3,94.7,Clear,35.1,0.0,0,0,3
2026-06-10 10:00,SEG_08,Vijay Nagar Central Junction (Brilliant to Scheme 54),Arterial,3,50,2499,12.8,84.4,Clear,35.1,0.0,0,0,3
2026-06-10 12:00,SEG_01,AB Road Central (Palasia to Geeta Bhawan),Arterial,3,50,1752,29.3,55.1,Clear,32.9,0.0,0,0,1
2026-06-10 12:00,SEG_02,Eastern Bypass Corridor (Rau to Kanadia),Highway,4,80,3142,46.4,56.8,Clear,32.9,0.0,0,0,1
2026-06-10 12:00,SEG_03,Ring Road Section 3 (Robot Square to Radisson),Arterial,3,55,1416,38.3,42.6,Clear,32.9,0.0,0,0,1
2026-06-10 12:00,SEG_04,Super Corridor West (Airport to MR10),Expressway,4,85,3031,56.4,50.6,Clear,32.9,0.0,0,0,1
2026-06-10 12:00,SEG_05,Bhawarkua Arterial (University to Tower Square),Collector,2,45,912,29.5,50.5,Clear,32.9,0.0,0,0,1
2026-06-10 12:00,SEG_06,MR-10 Expressway Link (Tigaria to Vijay Nagar),Expressway,3,70,1932,43.7,48.5,Clear,32.9,0.0,0,0,1
2026-06-10 12:00,SEG_07,Annapurna Road Corridor (Ranjeet Hanuman to Mhow),Collector,2,40,905,23.6,56.9,Clear,32.9,0.0,0,0,1
2026-06-10 12:00,SEG_08,Vijay Nagar Central Junction (Brilliant to Scheme 54),Arterial,3,50,1764,30.4,54.7,Clear,32.9,0.0,0,0,1
2026-06-10 14:00,SEG_01,AB Road Central (Palasia to Geeta Bhawan),Arterial,3,50,1668,30.6,53.6,Clear,34.5,0.0,0,0,1
2026-06-10 14:00,SEG_02,Eastern Bypass Corridor (Rau to Kanadia),Highway,4,80,3015,45.4,54.4,Clear,34.5,0.0,0,0,1
2026-06-10 14:00,SEG_03,Ring Road Section 3 (Robot Square to Radisson),Arterial,3,55,1533,34.7,50.2,Clear,34.5,0.0,0,0,1
2026-06-10 14:00,SEG_04,Super Corridor West (Airport to MR10),Expressway,4,85,3084,52.2,53.5,Clear,34.5,0.0,0,0,1
2026-06-10 14:00,SEG_05,Bhawarkua Arterial (University to Tower Square),Collector,2,45,968,27.4,57.2,Clear,34.5,0.0,0,0,1
2026-06-10 14:00,SEG_06,MR-10 Expressway Link (Tigaria to Vijay Nagar),Expressway,3,70,1989,42.6,51.0,Clear,34.5,0.0,0,0,1
2026-06-10 14:00,SEG_07,Annapurna Road Corridor (Ranjeet Hanuman to Mhow),Collector,2,40,925,22.4,55.9,Clear,34.5,0.0,0,0,1
2026-06-10 14:00,SEG_08,Vijay Nagar Central Junction (Brilliant to Scheme 54),Arterial,3,50,1911,27.2,58.0,Clear,34.5,0.0,0,0,2
2026-06-10 16:00,SEG_01,AB Road Central (Palasia to Geeta Bhawan),Arterial,3,50,1675,32.0,51.5,Clear,30.8,0.0,0,0,1
2026-06-10 16:00,SEG_02,Eastern Bypass Corridor (Rau to Kanadia),Highway,4,80,3203,45.0,60.8,Clear,30.8,0.0,0,0,1
2026-06-10 16:00,SEG_03,Ring Road Section 3 (Robot Square to Radisson),Arterial,3,55,1685,33.1,53.5,Clear,30.8,0.0,0,0,1
2026-06-10 16:00,SEG_04,Super Corridor West (Airport to MR10),Expressway,4,85,3349,50.2,55.2,Clear,30.8,0.0,0,0,1
2026-06-10 16:00,SEG_05,Bhawarkua Arterial (University to Tower Square),Collector,2,45,912,26.8,53.4,Clear,30.8,0.0,0,0,1
2026-06-10 16:00,SEG_06,MR-10 Expressway Link (Tigaria to Vijay Nagar),Expressway,3,70,1901,44.9,47.0,Clear,30.8,0.0,0,0,1
2026-06-10 16:00,SEG_07,Annapurna Road Corridor (Ranjeet Hanuman to Mhow),Collector,2,40,912,22.9,55.9,Clear,30.8,0.0,0,0,1
2026-06-10 16:00,SEG_08,Vijay Nagar Central Junction (Brilliant to Scheme 54),Arterial,3,50,1585,32.7,49.6,Clear,30.8,0.0,0,0,1
2026-06-10 18:00,SEG_01,AB Road Central (Palasia to Geeta Bhawan),Arterial,3,50,2315,16.0,79.6,Clear,29.3,0.0,0,0,2
2026-06-10 18:00,SEG_02,Eastern Bypass Corridor (Rau to Kanadia),Highway,4,80,5179,16.1,94.8,Clear,29.3,0.0,0,0,3
2026-06-10 18:00,SEG_03,Ring Road Section 3 (Robot Square to Radisson),Arterial,3,55,2399,14.2,86.2,Clear,29.3,0.0,0,0,3
2026-06-10 18:00,SEG_04,Super Corridor West (Airport to MR10),Expressway,4,85,5516,15.1,97.2,Clear,29.3,0.0,0,0,3
2026-06-10 18:00,SEG_05,Bhawarkua Arterial (University to Tower Square),Collector,2,45,1548,8.0,93.4,Clear,29.3,0.0,0,0,3
2026-06-10 18:00,SEG_06,MR-10 Expressway Link (Tigaria to Vijay Nagar),Expressway,3,70,2867,20.3,79.1,Clear,29.3,0.0,0,0,3
2026-06-10 18:00,SEG_07,Annapurna Road Corridor (Ranjeet Hanuman to Mhow),Collector,2,40,1408,8.0,93.2,Clear,29.3,0.0,0,0,3
2026-06-10 18:00,SEG_08,Vijay Nagar Central Junction (Brilliant to Scheme 54),Arterial,3,50,2636,11.0,91.3,Clear,29.3,0.0,0,0,3
2026-06-10 20:00,SEG_01,AB Road Central (Palasia to Geeta Bhawan),Arterial,3,50,3252,9.4,98.0,Clear,25.8,0.0,0,0,3
2026-06-10 20:00,SEG_02,Eastern Bypass Corridor (Rau to Kanadia),Highway,4,80,5134,12.9,98.0,Clear,25.8,0.0,0,0,3
2026-06-10 20:00,SEG_03,Ring Road Section 3 (Robot Square to Radisson),Arterial,3,55,2646,8.6,95.3,Clear,25.8,0.0,0,0,3
2026-06-10 20:00,SEG_04,Super Corridor West (Airport to MR10),Expressway,4,85,5242,8.0,97.0,Clear,25.8,0.0,1,0,3
2026-06-10 20:00,SEG_05,Bhawarkua Arterial (University to Tower Square),Collector,2,45,1447,11.4,86.7,Clear,25.8,0.0,0,0,3
2026-06-10 20:00,SEG_06,MR-10 Expressway Link (Tigaria to Vijay Nagar),Expressway,3,70,3130,11.9,88.9,Clear,25.8,0.0,0,0,3
2026-06-10 20:00,SEG_07,Annapurna Road Corridor (Ranjeet Hanuman to Mhow),Collector,2,40,1388,8.0,90.0,Clear,25.8,0.0,0,0,3
2026-06-10 20:00,SEG_08,Vijay Nagar Central Junction (Brilliant to Scheme 54),Arterial,3,50,2498,14.6,83.4,Clear,25.8,0.0,0,0,3
2026-06-10 22:00,SEG_01,AB Road Central (Palasia to Geeta Bhawan),Arterial,3,50,1240,39.8,37.7,Clear,21.5,0.0,0,0,0
2026-06-10 22:00,SEG_02,Eastern Bypass Corridor (Rau to Kanadia),Highway,4,80,3057,48.1,55.2,Clear,21.5,0.0,0,0,1
2026-06-10 22:00,SEG_03,Ring Road Section 3 (Robot Square to Radisson),Arterial,3,55,1255,41.4,41.6,Clear,21.5,0.0,0,0,1
2026-06-10 22:00,SEG_04,Super Corridor West (Airport to MR10),Expressway,4,85,2461,63.3,37.5,Clear,21.5,0.0,0,0,1
2026-06-10 22:00,SEG_05,Bhawarkua Arterial (University to Tower Square),Collector,2,45,811,30.3,48.5,Clear,21.5,0.0,0,0,1
2026-06-10 22:00,SEG_06,MR-10 Expressway Link (Tigaria to Vijay Nagar),Expressway,3,70,1365,55.6,36.1,Clear,21.5,0.0,0,0,0
2026-06-10 22:00,SEG_07,Annapurna Road Corridor (Ranjeet Hanuman to Mhow),Collector,2,40,684,30.7,40.7,Clear,21.5,0.0,0,0,1
2026-06-10 22:00,SEG_08,Vijay Nagar Central Junction (Brilliant to Scheme 54),Arterial,3,50,1375,35.7,41.9,Clear,21.5,0.0,0,0,1
2026-06-11 00:00,SEG_01,AB Road Central (Palasia to Geeta Bhawan),Arterial,3,50,428,46.3,14.2,Clear,21.8,0.0,0,0,0
2026-06-11 00:00,SEG_02,Eastern Bypass Corridor (Rau to Kanadia),Highway,4,80,1464,67.8,24.9,Clear,21.8,0.0,0,0,0
2026-06-11 00:00,SEG_03,Ring Road Section 3 (Robot Square to Radisson),Arterial,3,55,319,54.3,8.4,Clear,21.8,0.0,0,0,0
2026-06-11 00:00,SEG_04,Super Corridor West (Airport to MR10),Expressway,4,85,733,83.1,12.4,Clear,21.8,0.0,0,0,0
2026-06-11 00:00,SEG_05,Bhawarkua Arterial (University to Tower Square),Collector,2,45,203,43.3,11.2,Clear,21.8,0.0,0,0,0
2026-06-11 00:00,SEG_06,MR-10 Expressway Link (Tigaria to Vijay Nagar),Expressway,3,70,391,68.7,8.9,Clear,21.8,0.0,0,0,0
2026-06-11 00:00,SEG_07,Annapurna Road Corridor (Ranjeet Hanuman to Mhow),Collector,2,40,138,39.3,7.8,Clear,21.8,0.0,0,0,0
2026-06-11 00:00,SEG_08,Vijay Nagar Central Junction (Brilliant to Scheme 54),Arterial,3,50,322,50,6.4,Clear,21.8,0.0,0,0,0
2026-06-11 02:00,SEG_01,AB Road Central (Palasia to Geeta Bhawan),Arterial,3,50,317,47.3,7.9,Clear,21.9,0.0,0,0,0
2026-06-11 02:00,SEG_02,Eastern Bypass Corridor (Rau to Kanadia),Highway,4,80,1127,72.0,17.7,Clear,21.9,0.0,0,0,0
2026-06-11 02:00,SEG_03,Ring Road Section 3 (Robot Square to Radisson),Arterial,3,55,283,52.8,6.8,Clear,21.9,0.0,0,0,0
2026-06-11 02:00,SEG_04,Super Corridor West (Airport to MR10),Expressway,4,85,516,83.0,5.0,Clear,21.9,0.0,0,0,0
2026-06-11 02:00,SEG_05,Bhawarkua Arterial (University to Tower Square),Collector,2,45,198,41.7,10.5,Clear,21.9,0.0,0,0,0
2026-06-11 02:00,SEG_06,MR-10 Expressway Link (Tigaria to Vijay Nagar),Expressway,3,70,348,69.7,8.2,Clear,21.9,0.0,0,0,0
2026-06-11 02:00,SEG_07,Annapurna Road Corridor (Ranjeet Hanuman to Mhow),Collector,2,40,188,39.5,10.0,Clear,21.9,0.0,0,0,0
2026-06-11 02:00,SEG_08,Vijay Nagar Central Junction (Brilliant to Scheme 54),Arterial,3,50,391,48.0,8.3,Clear,21.9,0.0,0,0,0
2026-06-11 04:00,SEG_01,AB Road Central (Palasia to Geeta Bhawan),Arterial,3,50,358,48.2,7.9,Cloudy,24.7,0.0,0,0,0
2026-06-11 04:00,SEG_02,Eastern Bypass Corridor (Rau to Kanadia),Highway,4,80,1246,73.7,18.8,Cloudy,24.7,0.0,0,0,0
2026-06-11 04:00,SEG_03,Ring Road Section 3 (Robot Square to Radisson),Arterial,3,55,384,54.3,9.6,Cloudy,24.7,0.0,0,0,0
2026-06-11 04:00,SEG_04,Super Corridor West (Airport to MR10),Expressway,4,85,489,83.2,4.8,Cloudy,24.7,0.0,0,0,0
2026-06-11 04:00,SEG_05,Bhawarkua Arterial (University to Tower Square),Collector,2,45,229,41.5,14.3,Cloudy,24.7,0.0,0,0,0
2026-06-11 04:00,SEG_06,MR-10 Expressway Link (Tigaria to Vijay Nagar),Expressway,3,70,477,68.4,10.4,Cloudy,24.7,0.0,0,0,0
2026-06-11 04:00,SEG_07,Annapurna Road Corridor (Ranjeet Hanuman to Mhow),Collector,2,40,169,39.0,11.4,Cloudy,24.7,0.0,0,0,0
2026-06-11 04:00,SEG_08,Vijay Nagar Central Junction (Brilliant to Scheme 54),Arterial,3,50,324,49.0,9.9,Cloudy,24.7,0.0,0,0,0
2026-06-11 06:00,SEG_01,AB Road Central (Palasia to Geeta Bhawan),Arterial,3,50,1298,35.6,42.7,Clear,29.1,0.0,0,0,1
2026-06-11 06:00,SEG_02,Eastern Bypass Corridor (Rau to Kanadia),Highway,4,80,2353,57.8,41.6,Clear,29.1,0.0,0,0,1
2026-06-11 06:00,SEG_03,Ring Road Section 3 (Robot Square to Radisson),Arterial,3,55,1304,37.7,40.8,Clear,29.1,0.0,0,0,1
2026-06-11 06:00,SEG_04,Super Corridor West (Airport to MR10),Expressway,4,85,2865,57.1,47.7,Clear,29.1,0.0,0,0,1
2026-06-11 06:00,SEG_05,Bhawarkua Arterial (University to Tower Square),Collector,2,45,681,36.0,36.6,Clear,29.1,0.0,0,0,0
2026-06-11 06:00,SEG_06,MR-10 Expressway Link (Tigaria to Vijay Nagar),Expressway,3,70,1273,56.8,31.0,Clear,29.1,0.0,0,0,0
2026-06-11 06:00,SEG_07,Annapurna Road Corridor (Ranjeet Hanuman to Mhow),Collector,2,40,663,29.1,40.1,Clear,29.1,0.0,0,0,1
2026-06-11 06:00,SEG_08,Vijay Nagar Central Junction (Brilliant to Scheme 54),Arterial,3,50,1449,34.6,47.3,Clear,29.1,0.0,0,0,1
2026-06-11 08:00,SEG_01,AB Road Central (Palasia to Geeta Bhawan),Arterial,3,50,2478,12.7,82.3,Clear,29.4,0.0,0,0,3
2026-06-11 08:00,SEG_02,Eastern Bypass Corridor (Rau to Kanadia),Highway,4,80,4351,21.9,85.8,Clear,29.4,0.0,0,0,3
2026-06-11 08:00,SEG_03,Ring Road Section 3 (Robot Square to Radisson),Arterial,3,55,2485,10.3,90.8,Clear,29.4,0.0,0,0,3
2026-06-11 08:00,SEG_04,Super Corridor West (Airport to MR10),Expressway,4,85,4598,25.0,81.6,Clear,29.4,0.0,0,0,3
2026-06-11 08:00,SEG_05,Bhawarkua Arterial (University to Tower Square),Collector,2,45,1458,8.5,92.5,Clear,29.4,0.0,0,0,3
2026-06-11 08:00,SEG_06,MR-10 Expressway Link (Tigaria to Vijay Nagar),Expressway,3,70,3074,16.1,85.3,Clear,29.4,0.0,0,0,3
2026-06-11 08:00,SEG_07,Annapurna Road Corridor (Ranjeet Hanuman to Mhow),Collector,2,40,1098,17.0,69.7,Clear,29.4,0.0,0,0,2
2026-06-11 08:00,SEG_08,Vijay Nagar Central Junction (Brilliant to Scheme 54),Arterial,3,50,2661,9.5,89.7,Clear,29.4,0.0,0,0,3
2026-06-11 10:00,SEG_01,AB Road Central (Palasia to Geeta Bhawan),Arterial,3,50,2399,15.8,78.7,Cloudy,28.9,0.0,0,0,2
2026-06-11 10:00,SEG_02,Eastern Bypass Corridor (Rau to Kanadia),Highway,4,80,4209,25.5,78.8,Cloudy,28.9,0.0,0,0,2
2026-06-11 10:00,SEG_03,Ring Road Section 3 (Robot Square to Radisson),Arterial,3,55,2390,13.5,88.1,Cloudy,28.9,0.0,0,0,3
2026-06-11 10:00,SEG_04,Super Corridor West (Airport to MR10),Expressway,4,85,5081,15.2,92.4,Cloudy,28.9,0.0,0,0,3
2026-06-11 10:00,SEG_05,Bhawarkua Arterial (University to Tower Square),Collector,2,45,1352,15.0,82.1,Cloudy,28.9,0.0,0,0,2
2026-06-11 10:00,SEG_06,MR-10 Expressway Link (Tigaria to Vijay Nagar),Expressway,3,70,2803,21.3,79.4,Cloudy,28.9,0.0,0,0,2
2026-06-11 10:00,SEG_07,Annapurna Road Corridor (Ranjeet Hanuman to Mhow),Collector,2,40,1483,8.0,97.2,Cloudy,28.9,0.0,0,0,3
2026-06-11 10:00,SEG_08,Vijay Nagar Central Junction (Brilliant to Scheme 54),Arterial,3,50,2293,19.5,74.3,Cloudy,28.9,0.0,0,0,2
2026-06-11 12:00,SEG_01,AB Road Central (Palasia to Geeta Bhawan),Arterial,3,50,1787,30.0,54.1,Clear,33.9,0.0,0,0,1
2026-06-11 12:00,SEG_02,Eastern Bypass Corridor (Rau to Kanadia),Highway,4,80,2843,51.1,51.2,Clear,33.9,0.0,0,0,1
2026-06-11 12:00,SEG_03,Ring Road Section 3 (Robot Square to Radisson),Arterial,3,55,1455,34.7,51.7,Clear,33.9,0.0,0,0,1
2026-06-11 12:00,SEG_04,Super Corridor West (Airport to MR10),Expressway,4,85,3531,44.3,60.3,Clear,33.9,0.0,0,0,2
2026-06-11 12:00,SEG_05,Bhawarkua Arterial (University to Tower Square),Collector,2,45,982,25.0,59.2,Clear,33.9,0.0,0,0,1
2026-06-11 12:00,SEG_06,MR-10 Expressway Link (Tigaria to Vijay Nagar),Expressway,3,70,1694,49.3,41.6,Clear,33.9,0.0,0,0,1
2026-06-11 12:00,SEG_07,Annapurna Road Corridor (Ranjeet Hanuman to Mhow),Collector,2,40,909,23.9,55.3,Clear,33.9,0.0,0,0,1
2026-06-11 12:00,SEG_08,Vijay Nagar Central Junction (Brilliant to Scheme 54),Arterial,3,50,1942,24.1,61.0,Clear,33.9,0.0,0,0,2
2026-06-11 14:00,SEG_01,AB Road Central (Palasia to Geeta Bhawan),Arterial,3,50,1833,22.6,62.5,Rainy,20.8,18.4,0,0,2
2026-06-11 14:00,SEG_02,Eastern Bypass Corridor (Rau to Kanadia),Highway,4,80,2652,44.3,52.8,Rainy,20.8,18.4,0,0,1
2026-06-11 14:00,SEG_03,Ring Road Section 3 (Robot Square to Radisson),Arterial,3,55,1290,31.8,48.0,Rainy,20.8,18.4,0,0,1
2026-06-11 14:00,SEG_04,Super Corridor West (Airport to MR10),Expressway,4,85,3164,43.7,55.8,Rainy,20.8,18.4,0,0,1
2026-06-11 14:00,SEG_05,Bhawarkua Arterial (University to Tower Square),Collector,2,45,763,17.6,53.2,Rainy,20.8,18.4,1,0,2
2026-06-11 14:00,SEG_06,MR-10 Expressway Link (Tigaria to Vijay Nagar),Expressway,3,70,2079,31.6,62.7,Rainy,20.8,18.4,0,0,2
2026-06-11 14:00,SEG_07,Annapurna Road Corridor (Ranjeet Hanuman to Mhow),Collector,2,40,892,21.0,59.3,Rainy,20.8,18.4,0,0,1
2026-06-11 14:00,SEG_08,Vijay Nagar Central Junction (Brilliant to Scheme 54),Arterial,3,50,1468,28.9,48.1,Rainy,20.8,18.4,0,0,1
2026-06-11 16:00,SEG_01,AB Road Central (Palasia to Geeta Bhawan),Arterial,3,50,1669,31.7,49.6,Cloudy,28.0,0.0,0,0,1
2026-06-11 16:00,SEG_02,Eastern Bypass Corridor (Rau to Kanadia),Highway,4,80,3084,44.1,54.7,Cloudy,28.0,0.0,0,0,1
2026-06-11 16:00,SEG_03,Ring Road Section 3 (Robot Square to Radisson),Arterial,3,55,1464,35.4,46.7,Cloudy,28.0,0.0,0,0,1
2026-06-11 16:00,SEG_04,Super Corridor West (Airport to MR10),Expressway,4,85,2707,60.1,45.6,Cloudy,28.0,0.0,0,0,1
2026-06-11 16:00,SEG_05,Bhawarkua Arterial (University to Tower Square),Collector,2,45,1062,21.8,65.0,Cloudy,28.0,0.0,0,0,2
2026-06-11 16:00,SEG_06,MR-10 Expressway Link (Tigaria to Vijay Nagar),Expressway,3,70,1904,44.9,52.9,Cloudy,28.0,0.0,0,0,1
2026-06-11 16:00,SEG_07,Annapurna Road Corridor (Ranjeet Hanuman to Mhow),Collector,2,40,984,20.7,64.2,Cloudy,28.0,0.0,0,0,2
2026-06-11 16:00,SEG_08,Vijay Nagar Central Junction (Brilliant to Scheme 54),Arterial,3,50,1894,26.4,62.8,Cloudy,28.0,0.0,0,0,2
2026-06-11 18:00,SEG_01,AB Road Central (Palasia to Geeta Bhawan),Arterial,3,50,2863,8.0,98.0,Cloudy,24.3,0.1,0,0,3
2026-06-11 18:00,SEG_02,Eastern Bypass Corridor (Rau to Kanadia),Highway,4,80,4428,21.1,85.9,Cloudy,24.3,0.1,0,0,3
2026-06-11 18:00,SEG_03,Ring Road Section 3 (Robot Square to Radisson),Arterial,3,55,2384,15.3,82.3,Cloudy,24.3,0.1,0,0,3
2026-06-11 18:00,SEG_04,Super Corridor West (Airport to MR10),Expressway,4,85,5684,13.7,96.8,Cloudy,24.3,0.1,0,0,3
2026-06-11 18:00,SEG_05,Bhawarkua Arterial (University to Tower Square),Collector,2,45,1468,10.2,86.9,Cloudy,24.3,0.1,0,0,3
2026-06-11 18:00,SEG_06,MR-10 Expressway Link (Tigaria to Vijay Nagar),Expressway,3,70,3560,11.7,98.0,Cloudy,24.3,0.1,0,0,3
2026-06-11 18:00,SEG_07,Annapurna Road Corridor (Ranjeet Hanuman to Mhow),Collector,2,40,1547,9.0,97.4,Cloudy,24.3,0.1,0,0,3
2026-06-11 18:00,SEG_08,Vijay Nagar Central Junction (Brilliant to Scheme 54),Arterial,3,50,2849,10.1,94.2,Cloudy,24.3,0.1,0,0,3
2026-06-11 20:00,SEG_01,AB Road Central (Palasia to Geeta Bhawan),Arterial,3,50,2935,10.7,94.7,Clear,26.8,0.0,0,0,3
2026-06-11 20:00,SEG_02,Eastern Bypass Corridor (Rau to Kanadia),Highway,4,80,4851,16.2,90.6,Clear,26.8,0.0,0,0,3
2026-06-11 20:00,SEG_03,Ring Road Section 3 (Robot Square to Radisson),Arterial,3,55,2792,9.7,98.0,Clear,26.8,0.0,0,0,3
2026-06-11 20:00,SEG_04,Super Corridor West (Airport to MR10),Expressway,4,85,4554,9.7,85.2,Clear,26.8,0.0,1,0,3
2026-06-11 20:00,SEG_05,Bhawarkua Arterial (University to Tower Square),Collector,2,45,1673,8.0,96.9,Clear,26.8,0.0,0,0,3
2026-06-11 20:00,SEG_06,MR-10 Expressway Link (Tigaria to Vijay Nagar),Expressway,3,70,3449,11.4,98.0,Clear,26.8,0.0,0,0,3
2026-06-11 20:00,SEG_07,Annapurna Road Corridor (Ranjeet Hanuman to Mhow),Collector,2,40,1425,8.0,91.6,Clear,26.8,0.0,0,0,3
2026-06-11 20:00,SEG_08,Vijay Nagar Central Junction (Brilliant to Scheme 54),Arterial,3,50,2910,11.0,92.0,Clear,26.8,0.0,0,0,3
2026-06-11 22:00,SEG_01,AB Road Central (Palasia to Geeta Bhawan),Arterial,3,50,1092,41.0,31.4,Clear,24.0,0.0,0,0,0
2026-06-11 22:00,SEG_02,Eastern Bypass Corridor (Rau to Kanadia),Highway,4,80,3272,43.0,62.7,Clear,24.0,0.0,0,0,2
2026-06-11 22:00,SEG_03,Ring Road Section 3 (Robot Square to Radisson),Arterial,3,55,1030,44.2,34.7,Clear,24.0,0.0,0,0,0
2026-06-11 22:00,SEG_04,Super Corridor West (Airport to MR10),Expressway,4,85,2263,64.5,33.6,Clear,24.0,0.0,0,0,1
2026-06-11 22:00,SEG_05,Bhawarkua Arterial (University to Tower Square),Collector,2,45,727,31.9,41.4,Clear,24.0,0.0,0,0,1
2026-06-11 22:00,SEG_06,MR-10 Expressway Link (Tigaria to Vijay Nagar),Expressway,3,70,1609,51.8,39.1,Clear,24.0,0.0,0,0,1
2026-06-11 22:00,SEG_07,Annapurna Road Corridor (Ranjeet Hanuman to Mhow),Collector,2,40,733,29.9,43.2,Clear,24.0,0.0,0,0,1
2026-06-11 22:00,SEG_08,Vijay Nagar Central Junction (Brilliant to Scheme 54),Arterial,3,50,1368,34.7,44.4,Clear,24.0,0.0,0,0,1
2026-06-12 00:00,SEG_01,AB Road Central (Palasia to Geeta Bhawan),Arterial,3,50,303,37.7,16.8,Cloudy,22.1,0.0,0,1,0
2026-06-12 00:00,SEG_02,Eastern Bypass Corridor (Rau to Kanadia),Highway,4,80,1282,69.8,19.3,Cloudy,22.1,0.0,0,0,0
2026-06-12 00:00,SEG_03,Ring Road Section 3 (Robot Square to Radisson),Arterial,3,55,409,50.6,12.8,Cloudy,22.1,0.0,0,0,0
2026-06-12 00:00,SEG_04,Super Corridor West (Airport to MR10),Expressway,4,85,457,84.1,8.3,Cloudy,22.1,0.0,0,0,0
2026-06-12 00:00,SEG_05,Bhawarkua Arterial (University to Tower Square),Collector,2,45,195,44.3,7.0,Cloudy,22.1,0.0,0,0,0
2026-06-12 00:00,SEG_06,MR-10 Expressway Link (Tigaria to Vijay Nagar),Expressway,3,70,455,69.2,10.0,Cloudy,22.1,0.0,0,0,0
2026-06-12 00:00,SEG_07,Annapurna Road Corridor (Ranjeet Hanuman to Mhow),Collector,2,40,127,32.4,13.2,Cloudy,22.1,0.0,0,1,0
2026-06-12 00:00,SEG_08,Vijay Nagar Central Junction (Brilliant to Scheme 54),Arterial,3,50,363,30.2,20.0,Cloudy,22.1,0.0,1,0,1
2026-06-12 02:00,SEG_01,AB Road Central (Palasia to Geeta Bhawan),Arterial,3,50,342,36.7,18.9,Clear,21.2,0.0,0,1,0
2026-06-12 02:00,SEG_02,Eastern Bypass Corridor (Rau to Kanadia),Highway,4,80,1284,72.8,21.5,Clear,21.2,0.0,0,0,0
2026-06-12 02:00,SEG_03,Ring Road Section 3 (Robot Square to Radisson),Arterial,3,55,424,53.1,8.9,Clear,21.2,0.0,0,0,0
2026-06-12 02:00,SEG_04,Super Corridor West (Airport to MR10),Expressway,4,85,702,81.4,12.0,Clear,21.2,0.0,0,0,0
2026-06-12 02:00,SEG_05,Bhawarkua Arterial (University to Tower Square),Collector,2,45,208,45,6.8,Clear,21.2,0.0,0,0,0
2026-06-12 02:00,SEG_06,MR-10 Expressway Link (Tigaria to Vijay Nagar),Expressway,3,70,487,68.7,11.6,Clear,21.2,0.0,0,0,0
2026-06-12 02:00,SEG_07,Annapurna Road Corridor (Ranjeet Hanuman to Mhow),Collector,2,40,186,30.9,15.4,Clear,21.2,0.0,0,1,0
2026-06-12 02:00,SEG_08,Vijay Nagar Central Junction (Brilliant to Scheme 54),Arterial,3,50,402,49.0,12.2,Clear,21.2,0.0,0,0,0
2026-06-12 04:00,SEG_01,AB Road Central (Palasia to Geeta Bhawan),Arterial,3,50,350,36.4,20.2,Clear,23.9,0.0,0,1,0
2026-06-12 04:00,SEG_02,Eastern Bypass Corridor (Rau to Kanadia),Highway,4,80,1237,73.0,20.5,Clear,23.9,0.0,0,0,0
2026-06-12 04:00,SEG_03,Ring Road Section 3 (Robot Square to Radisson),Arterial,3,55,406,53.4,8.4,Clear,23.9,0.0,0,0,0
2026-06-12 04:00,SEG_04,Super Corridor West (Airport to MR10),Expressway,4,85,562,81.6,7.4,Clear,23.9,0.0,0,0,0
2026-06-12 04:00,SEG_05,Bhawarkua Arterial (University to Tower Square),Collector,2,45,243,43.5,12.1,Clear,23.9,0.0,0,0,0
2026-06-12 04:00,SEG_06,MR-10 Expressway Link (Tigaria to Vijay Nagar),Expressway,3,70,366,66.5,11.1,Clear,23.9,0.0,0,0,0
2026-06-12 04:00,SEG_07,Annapurna Road Corridor (Ranjeet Hanuman to Mhow),Collector,2,40,195,31.4,15.1,Clear,23.9,0.0,0,1,0
2026-06-12 04:00,SEG_08,Vijay Nagar Central Junction (Brilliant to Scheme 54),Arterial,3,50,419,47.2,12.1,Clear,23.9,0.0,0,0,0
2026-06-12 06:00,SEG_01,AB Road Central (Palasia to Geeta Bhawan),Arterial,3,50,1158,23.4,45.3,Rainy,23.0,9.0,0,1,1
2026-06-12 06:00,SEG_02,Eastern Bypass Corridor (Rau to Kanadia),Highway,4,80,2117,50.3,43.2,Rainy,23.0,9.0,0,0,1
2026-06-12 06:00,SEG_03,Ring Road Section 3 (Robot Square to Radisson),Arterial,3,55,1255,33.3,41.8,Rainy,23.0,9.0,0,0,1
2026-06-12 06:00,SEG_04,Super Corridor West (Airport to MR10),Expressway,4,85,2649,48.7,48.4,Rainy,23.0,9.0,0,0,1
2026-06-12 06:00,SEG_05,Bhawarkua Arterial (University to Tower Square),Collector,2,45,595,30.7,38.4,Rainy,23.0,9.0,0,0,1
2026-06-12 06:00,SEG_06,MR-10 Expressway Link (Tigaria to Vijay Nagar),Expressway,3,70,1433,45.3,42.8,Rainy,23.0,9.0,0,0,1
2026-06-12 06:00,SEG_07,Annapurna Road Corridor (Ranjeet Hanuman to Mhow),Collector,2,40,639,19.3,48.0,Rainy,23.0,9.0,0,1,2
2026-06-12 06:00,SEG_08,Vijay Nagar Central Junction (Brilliant to Scheme 54),Arterial,3,50,1265,30.3,40.3,Rainy,23.0,9.0,0,0,1
2026-06-12 08:00,SEG_01,AB Road Central (Palasia to Geeta Bhawan),Arterial,3,50,2844,8.2,92.6,Clear,30.1,0.0,0,1,3
2026-06-12 08:00,SEG_02,Eastern Bypass Corridor (Rau to Kanadia),Highway,4,80,4994,16.2,96.0,Clear,30.1,0.0,0,0,3
2026-06-12 08:00,SEG_03,Ring Road Section 3 (Robot Square to Radisson),Arterial,3,55,2465,12.4,87.0,Clear,30.1,0.0,0,0,3
2026-06-12 08:00,SEG_04,Super Corridor West (Airport to MR10),Expressway,4,85,4547,27.4,77.9,Clear,30.1,0.0,0,0,2
2026-06-12 08:00,SEG_05,Bhawarkua Arterial (University to Tower Square),Collector,2,45,1496,8.0,94.6,Clear,30.1,0.0,0,0,3
2026-06-12 08:00,SEG_06,MR-10 Expressway Link (Tigaria to Vijay Nagar),Expressway,3,70,3309,13.6,91.7,Clear,30.1,0.0,0,0,3
2026-06-12 08:00,SEG_07,Annapurna Road Corridor (Ranjeet Hanuman to Mhow),Collector,2,40,1223,9.1,80.0,Clear,30.1,0.0,0,1,3
2026-06-12 08:00,SEG_08,Vijay Nagar Central Junction (Brilliant to Scheme 54),Arterial,3,50,2483,12.6,85.0,Clear,30.1,0.0,0,0,3
2026-06-12 10:00,SEG_01,AB Road Central (Palasia to Geeta Bhawan),Arterial,3,50,2939,8.8,94.3,Cloudy,28.6,0.9,0,1,3
2026-06-12 10:00,SEG_02,Eastern Bypass Corridor (Rau to Kanadia),Highway,4,80,4790,16.0,91.1,Cloudy,28.6,0.9,0,0,3
2026-06-12 10:00,SEG_03,Ring Road Section 3 (Robot Square to Radisson),Arterial,3,55,2498,11.8,89.0,Cloudy,28.6,0.9,0,0,3
2026-06-12 10:00,SEG_04,Super Corridor West (Airport to MR10),Expressway,4,85,5261,14.5,96.6,Cloudy,28.6,0.9,0,0,3
2026-06-12 10:00,SEG_05,Bhawarkua Arterial (University to Tower Square),Collector,2,45,1342,13.2,82.2,Cloudy,28.6,0.9,0,0,3
2026-06-12 10:00,SEG_06,MR-10 Expressway Link (Tigaria to Vijay Nagar),Expressway,3,70,2690,24.8,78.3,Cloudy,28.6,0.9,0,0,2
2026-06-12 10:00,SEG_07,Annapurna Road Corridor (Ranjeet Hanuman to Mhow),Collector,2,40,1335,8.0,87.6,Cloudy,28.6,0.9,0,1,3
2026-06-12 10:00,SEG_08,Vijay Nagar Central Junction (Brilliant to Scheme 54),Arterial,3,50,2710,8.8,90.5,Cloudy,28.6,0.9,0,0,3
2026-06-12 12:00,SEG_01,AB Road Central (Palasia to Geeta Bhawan),Arterial,3,50,1534,27.9,52.6,Clear,35.2,0.0,0,1,2
2026-06-12 12:00,SEG_02,Eastern Bypass Corridor (Rau to Kanadia),Highway,4,80,2608,52.7,49.5,Clear,35.2,0.0,0,0,1
2026-06-12 12:00,SEG_03,Ring Road Section 3 (Robot Square to Radisson),Arterial,3,55,1637,34.0,54.8,Clear,35.2,0.0,0,0,1
2026-06-12 12:00,SEG_04,Super Corridor West (Airport to MR10),Expressway,4,85,3173,50.3,52.2,Clear,35.2,0.0,0,0,1
2026-06-12 12:00,SEG_05,Bhawarkua Arterial (University to Tower Square),Collector,2,45,833,30.5,43.6,Clear,35.2,0.0,0,0,1
2026-06-12 12:00,SEG_06,MR-10 Expressway Link (Tigaria to Vijay Nagar),Expressway,3,70,1894,45.0,47.8,Clear,35.2,0.0,0,0,1
2026-06-12 12:00,SEG_07,Annapurna Road Corridor (Ranjeet Hanuman to Mhow),Collector,2,40,895,18.3,57.5,Clear,35.2,0.0,0,1,2
2026-06-12 12:00,SEG_08,Vijay Nagar Central Junction (Brilliant to Scheme 54),Arterial,3,50,1490,21.2,57.5,Clear,35.2,0.0,1,0,2
2026-06-12 14:00,SEG_01,AB Road Central (Palasia to Geeta Bhawan),Arterial,3,50,1653,26.3,55.3,Clear,34.0,0.0,0,1,2
2026-06-12 14:00,SEG_02,Eastern Bypass Corridor (Rau to Kanadia),Highway,4,80,2765,51.2,50.9,Clear,34.0,0.0,0,0,1
2026-06-12 14:00,SEG_03,Ring Road Section 3 (Robot Square to Radisson),Arterial,3,55,1812,28.9,60.1,Clear,34.0,0.0,0,0,2
2026-06-12 14:00,SEG_04,Super Corridor West (Airport to MR10),Expressway,4,85,3342,47.7,53.8,Clear,34.0,0.0,0,0,1
2026-06-12 14:00,SEG_05,Bhawarkua Arterial (University to Tower Square),Collector,2,45,987,27.5,53.9,Clear,34.0,0.0,0,0,1
2026-06-12 14:00,SEG_06,MR-10 Expressway Link (Tigaria to Vijay Nagar),Expressway,3,70,1821,47.1,44.8,Clear,34.0,0.0,0,0,1
2026-06-12 14:00,SEG_07,Annapurna Road Corridor (Ranjeet Hanuman to Mhow),Collector,2,40,836,20.1,58.1,Clear,34.0,0.0,0,1,2
2026-06-12 14:00,SEG_08,Vijay Nagar Central Junction (Brilliant to Scheme 54),Arterial,3,50,1835,29.3,56.2,Clear,34.0,0.0,0,0,1
2026-06-12 16:00,SEG_01,AB Road Central (Palasia to Geeta Bhawan),Arterial,3,50,1791,20.7,63.4,Clear,30.1,0.0,0,1,2
2026-06-12 16:00,SEG_02,Eastern Bypass Corridor (Rau to Kanadia),Highway,4,80,3164,43.8,60.2,Clear,30.1,0.0,0,0,1
2026-06-12 16:00,SEG_03,Ring Road Section 3 (Robot Square to Radisson),Arterial,3,55,1767,28.3,61.0,Clear,30.1,0.0,0,0,2
2026-06-12 16:00,SEG_04,Super Corridor West (Airport to MR10),Expressway,4,85,2804,59.5,47.9,Clear,30.1,0.0,0,0,1
2026-06-12 16:00,SEG_05,Bhawarkua Arterial (University to Tower Square),Collector,2,45,916,26.2,52.7,Clear,30.1,0.0,0,0,1
2026-06-12 16:00,SEG_06,MR-10 Expressway Link (Tigaria to Vijay Nagar),Expressway,3,70,2181,39.3,59.8,Clear,30.1,0.0,0,0,1
2026-06-12 16:00,SEG_07,Annapurna Road Corridor (Ranjeet Hanuman to Mhow),Collector,2,40,766,21.4,48.3,Clear,30.1,0.0,0,1,2
2026-06-12 16:00,SEG_08,Vijay Nagar Central Junction (Brilliant to Scheme 54),Arterial,3,50,1944,25.9,61.7,Clear,30.1,0.0,0,0,2
2026-06-12 18:00,SEG_01,AB Road Central (Palasia to Geeta Bhawan),Arterial,3,50,2778,8.0,94.7,Clear,26.0,0.0,0,1,3
2026-06-12 18:00,SEG_02,Eastern Bypass Corridor (Rau to Kanadia),Highway,4,80,5093,15.2,95.2,Clear,26.0,0.0,0,0,3
2026-06-12 18:00,SEG_03,Ring Road Section 3 (Robot Square to Radisson),Arterial,3,55,2267,15.6,82.4,Clear,26.0,0.0,0,0,3
2026-06-12 18:00,SEG_04,Super Corridor West (Airport to MR10),Expressway,4,85,5312,15.8,93.7,Clear,26.0,0.0,0,0,3
2026-06-12 18:00,SEG_05,Bhawarkua Arterial (University to Tower Square),Collector,2,45,1477,8.5,92.8,Clear,26.0,0.0,0,0,3
2026-06-12 18:00,SEG_06,MR-10 Expressway Link (Tigaria to Vijay Nagar),Expressway,3,70,2762,25.5,74.5,Clear,26.0,0.0,0,0,2
2026-06-12 18:00,SEG_07,Annapurna Road Corridor (Ranjeet Hanuman to Mhow),Collector,2,40,1241,11.1,80.8,Clear,26.0,0.0,0,1,3
2026-06-12 18:00,SEG_08,Vijay Nagar Central Junction (Brilliant to Scheme 54),Arterial,3,50,2619,10.9,89.7,Clear,26.0,0.0,0,0,3
2026-06-12 20:00,SEG_01,AB Road Central (Palasia to Geeta Bhawan),Arterial,3,50,2922,8.3,98.0,Clear,23.4,0.0,0,1,3
2026-06-12 20:00,SEG_02,Eastern Bypass Corridor (Rau to Kanadia),Highway,4,80,4645,12.9,92.2,Clear,23.4,0.0,0,0,3
2026-06-12 20:00,SEG_03,Ring Road Section 3 (Robot Square to Radisson),Arterial,3,55,2557,9.4,91.9,Clear,23.4,0.0,0,0,3
2026-06-12 20:00,SEG_04,Super Corridor West (Airport to MR10),Expressway,4,85,5294,13.9,92.8,Clear,23.4,0.0,0,0,3
2026-06-12 20:00,SEG_05,Bhawarkua Arterial (University to Tower Square),Collector,2,45,1484,9.4,90.5,Clear,23.4,0.0,0,0,3
2026-06-12 20:00,SEG_06,MR-10 Expressway Link (Tigaria to Vijay Nagar),Expressway,3,70,3275,11.1,93.7,Clear,23.4,0.0,0,0,3
2026-06-12 20:00,SEG_07,Annapurna Road Corridor (Ranjeet Hanuman to Mhow),Collector,2,40,1324,8.0,87.1,Clear,23.4,0.0,0,1,3
2026-06-12 20:00,SEG_08,Vijay Nagar Central Junction (Brilliant to Scheme 54),Arterial,3,50,2788,9.4,94.6,Clear,23.4,0.0,0,0,3
2026-06-12 22:00,SEG_01,AB Road Central (Palasia to Geeta Bhawan),Arterial,3,50,1216,31.5,39.0,Clear,23.6,0.0,0,1,1
2026-06-12 22:00,SEG_02,Eastern Bypass Corridor (Rau to Kanadia),Highway,4,80,2622,52.1,48.6,Clear,23.6,0.0,0,0,1
2026-06-12 22:00,SEG_03,Ring Road Section 3 (Robot Square to Radisson),Arterial,3,55,1270,41.1,37.4,Clear,23.6,0.0,0,0,1
2026-06-12 22:00,SEG_04,Super Corridor West (Airport to MR10),Expressway,4,85,2342,63.0,35.6,Clear,23.6,0.0,0,0,1
2026-06-12 22:00,SEG_05,Bhawarkua Arterial (University to Tower Square),Collector,2,45,635,36.5,35.1,Clear,23.6,0.0,0,0,0
2026-06-12 22:00,SEG_06,MR-10 Expressway Link (Tigaria to Vijay Nagar),Expressway,3,70,1680,48.0,43.2,Clear,23.6,0.0,0,0,1
2026-06-12 22:00,SEG_07,Annapurna Road Corridor (Ranjeet Hanuman to Mhow),Collector,2,40,636,25.5,40.7,Clear,23.6,0.0,0,1,1
2026-06-12 22:00,SEG_08,Vijay Nagar Central Junction (Brilliant to Scheme 54),Arterial,3,50,1209,37.6,37.1,Clear,23.6,0.0,0,0,1
2026-06-13 00:00,SEG_01,AB Road Central (Palasia to Geeta Bhawan),Arterial,3,50,368,36.8,20.2,Clear,22.3,0.0,0,1,0
2026-06-13 00:00,SEG_02,Eastern Bypass Corridor (Rau to Kanadia),Highway,4,80,1674,66.1,28.6,Clear,22.3,0.0,0,0,0
2026-06-13 00:00,SEG_03,Ring Road Section 3 (Robot Square to Radisson),Arterial,3,55,518,51.2,17.9,Clear,22.3,0.0,0,0,0
2026-06-13 00:00,SEG_04,Super Corridor West (Airport to MR10),Expressway,4,85,788,80.3,10.0,Clear,22.3,0.0,0,0,0
2026-06-13 00:00,SEG_05,Bhawarkua Arterial (University to Tower Square),Collector,2,45,243,41.4,10.9,Clear,22.3,0.0,0,0,0
2026-06-13 00:00,SEG_06,MR-10 Expressway Link (Tigaria to Vijay Nagar),Expressway,3,70,700,63.0,16.3,Clear,22.3,0.0,0,0,0
2026-06-13 00:00,SEG_07,Annapurna Road Corridor (Ranjeet Hanuman to Mhow),Collector,2,40,202,29.3,21.4,Clear,22.3,0.0,0,1,0
2026-06-13 00:00,SEG_08,Vijay Nagar Central Junction (Brilliant to Scheme 54),Arterial,3,50,499,48.7,10.6,Clear,22.3,0.0,0,0,0
2026-06-13 02:00,SEG_01,AB Road Central (Palasia to Geeta Bhawan),Arterial,3,50,518,38.7,19.9,Clear,24.2,0.0,0,1,0
2026-06-13 02:00,SEG_02,Eastern Bypass Corridor (Rau to Kanadia),Highway,4,80,1352,69.3,20.7,Clear,24.2,0.0,0,0,0
2026-06-13 02:00,SEG_03,Ring Road Section 3 (Robot Square to Radisson),Arterial,3,55,462,53.7,15.1,Clear,24.2,0.0,0,0,0
2026-06-13 02:00,SEG_04,Super Corridor West (Airport to MR10),Expressway,4,85,808,81.7,14.2,Clear,24.2,0.0,0,0,0
2026-06-13 02:00,SEG_05,Bhawarkua Arterial (University to Tower Square),Collector,2,45,239,42.1,13.6,Clear,24.2,0.0,0,0,0
2026-06-13 02:00,SEG_06,MR-10 Expressway Link (Tigaria to Vijay Nagar),Expressway,3,70,601,66.6,12.9,Clear,24.2,0.0,0,0,0
2026-06-13 02:00,SEG_07,Annapurna Road Corridor (Ranjeet Hanuman to Mhow),Collector,2,40,261,29.3,19.9,Clear,24.2,0.0,0,1,0
2026-06-13 02:00,SEG_08,Vijay Nagar Central Junction (Brilliant to Scheme 54),Arterial,3,50,542,46.8,15.6,Clear,24.2,0.0,0,0,0
2026-06-13 04:00,SEG_01,AB Road Central (Palasia to Geeta Bhawan),Arterial,3,50,368,39.6,15.1,Clear,23.4,0.0,0,1,0
2026-06-13 04:00,SEG_02,Eastern Bypass Corridor (Rau to Kanadia),Highway,4,80,1528,67.3,23.5,Clear,23.4,0.0,0,0,0
2026-06-13 04:00,SEG_03,Ring Road Section 3 (Robot Square to Radisson),Arterial,3,55,563,49.8,18.1,Clear,23.4,0.0,0,0,0
2026-06-13 04:00,SEG_04,Super Corridor West (Airport to MR10),Expressway,4,85,918,81.9,12.9,Clear,23.4,0.0,0,0,0
2026-06-13 04:00,SEG_05,Bhawarkua Arterial (University to Tower Square),Collector,2,45,317,43.5,13.8,Clear,23.4,0.0,0,0,0
2026-06-13 04:00,SEG_06,MR-10 Expressway Link (Tigaria to Vijay Nagar),Expressway,3,70,533,64.8,13.4,Clear,23.4,0.0,0,0,0
2026-06-13 04:00,SEG_07,Annapurna Road Corridor (Ranjeet Hanuman to Mhow),Collector,2,40,297,29.0,20.9,Clear,23.4,0.0,0,1,1
2026-06-13 04:00,SEG_08,Vijay Nagar Central Junction (Brilliant to Scheme 54),Arterial,3,50,563,47.4,15.8,Clear,23.4,0.0,0,0,0
2026-06-13 06:00,SEG_01,AB Road Central (Palasia to Geeta Bhawan),Arterial,3,50,1603,25.1,57.4,Cloudy,25.3,0.0,0,1,2
2026-06-13 06:00,SEG_02,Eastern Bypass Corridor (Rau to Kanadia),Highway,4,80,2545,54.3,42.6,Cloudy,25.3,0.0,0,0,1
2026-06-13 06:00,SEG_03,Ring Road Section 3 (Robot Square to Radisson),Arterial,3,55,1281,40.9,37.7,Cloudy,25.3,0.0,0,0,1
2026-06-13 06:00,SEG_04,Super Corridor West (Airport to MR10),Expressway,4,85,2964,54.9,48.0,Cloudy,25.3,0.0,0,0,1
2026-06-13 06:00,SEG_05,Bhawarkua Arterial (University to Tower Square),Collector,2,45,793,32.0,44.1,Cloudy,25.3,0.0,0,0,1
2026-06-13 06:00,SEG_06,MR-10 Expressway Link (Tigaria to Vijay Nagar),Expressway,3,70,1776,46.7,43.8,Cloudy,25.3,0.0,0,0,1
2026-06-13 06:00,SEG_07,Annapurna Road Corridor (Ranjeet Hanuman to Mhow),Collector,2,40,709,22.6,49.9,Cloudy,25.3,0.0,0,1,1
2026-06-13 06:00,SEG_08,Vijay Nagar Central Junction (Brilliant to Scheme 54),Arterial,3,50,1420,37.2,41.1,Cloudy,25.3,0.0,0,0,1
2026-06-13 08:00,SEG_01,AB Road Central (Palasia to Geeta Bhawan),Arterial,3,50,1482,26.1,51.1,Clear,31.3,0.0,0,1,2
2026-06-13 08:00,SEG_02,Eastern Bypass Corridor (Rau to Kanadia),Highway,4,80,2635,53.0,46.8,Clear,31.3,0.0,0,0,1
2026-06-13 08:00,SEG_03,Ring Road Section 3 (Robot Square to Radisson),Arterial,3,55,1455,37.8,47.0,Clear,31.3,0.0,0,0,1
2026-06-13 08:00,SEG_04,Super Corridor West (Airport to MR10),Expressway,4,85,2418,63.3,37.1,Clear,31.3,0.0,0,0,1
2026-06-13 08:00,SEG_05,Bhawarkua Arterial (University to Tower Square),Collector,2,45,800,29.6,44.8,Clear,31.3,0.0,0,0,1
2026-06-13 08:00,SEG_06,MR-10 Expressway Link (Tigaria to Vijay Nagar),Expressway,3,70,1604,49.6,43.6,Clear,31.3,0.0,0,0,1
2026-06-13 08:00,SEG_07,Annapurna Road Corridor (Ranjeet Hanuman to Mhow),Collector,2,40,752,21.2,50.9,Clear,31.3,0.0,0,1,2
2026-06-13 08:00,SEG_08,Vijay Nagar Central Junction (Brilliant to Scheme 54),Arterial,3,50,1330,36.6,41.8,Clear,31.3,0.0,0,0,1
2026-06-13 10:00,SEG_01,AB Road Central (Palasia to Geeta Bhawan),Arterial,3,50,1633,23.5,59.2,Clear,31.3,0.0,0,1,2
2026-06-13 10:00,SEG_02,Eastern Bypass Corridor (Rau to Kanadia),Highway,4,80,2675,53.1,48.4,Clear,31.3,0.0,0,0,1
2026-06-13 10:00,SEG_03,Ring Road Section 3 (Robot Square to Radisson),Arterial,3,55,1461,36.9,47.6,Clear,31.3,0.0,0,0,1
2026-06-13 10:00,SEG_04,Super Corridor West (Airport to MR10),Expressway,4,85,2512,63.1,38.7,Clear,31.3,0.0,0,0,1
2026-06-13 10:00,SEG_05,Bhawarkua Arterial (University to Tower Square),Collector,2,45,768,30.3,42.1,Clear,31.3,0.0,0,0,1
2026-06-13 10:00,SEG_06,MR-10 Expressway Link (Tigaria to Vijay Nagar),Expressway,3,70,1772,46.4,47.3,Clear,31.3,0.0,0,0,1
2026-06-13 10:00,SEG_07,Annapurna Road Corridor (Ranjeet Hanuman to Mhow),Collector,2,40,684,21.8,49.0,Clear,31.3,0.0,0,1,1
2026-06-13 10:00,SEG_08,Vijay Nagar Central Junction (Brilliant to Scheme 54),Arterial,3,50,1466,35.1,41.6,Clear,31.3,0.0,0,0,1
2026-06-13 12:00,SEG_01,AB Road Central (Palasia to Geeta Bhawan),Arterial,3,50,2109,16.1,74.7,Clear,32.5,0.0,0,1,3
2026-06-13 12:00,SEG_02,Eastern Bypass Corridor (Rau to Kanadia),Highway,4,80,3534,20.9,70.8,Clear,32.5,0.0,1,0,3
2026-06-13 12:00,SEG_03,Ring Road Section 3 (Robot Square to Radisson),Arterial,3,55,2135,20.4,73.8,Clear,32.5,0.0,0,0,2
2026-06-13 12:00,SEG_04,Super Corridor West (Airport to MR10),Expressway,4,85,3806,41.9,62.4,Clear,32.5,0.0,0,0,2
2026-06-13 12:00,SEG_05,Bhawarkua Arterial (University to Tower Square),Collector,2,45,1113,21.7,67.1,Clear,32.5,0.0,0,0,2
2026-06-13 12:00,SEG_06,MR-10 Expressway Link (Tigaria to Vijay Nagar),Expressway,3,70,2862,22.8,78.4,Clear,32.5,0.0,0,0,2
2026-06-13 12:00,SEG_07,Annapurna Road Corridor (Ranjeet Hanuman to Mhow),Collector,2,40,1047,15.0,68.8,Clear,32.5,0.0,0,1,2
2026-06-13 12:00,SEG_08,Vijay Nagar Central Junction (Brilliant to Scheme 54),Arterial,3,50,2105,21.0,67.1,Clear,32.5,0.0,0,0,2
2026-06-13 14:00,SEG_01,AB Road Central (Palasia to Geeta Bhawan),Arterial,3,50,2038,18.1,72.2,Cloudy,17.8,0.0,0,1,2
2026-06-13 14:00,SEG_02,Eastern Bypass Corridor (Rau to Kanadia),Highway,4,80,3466,40.9,65.9,Cloudy,17.8,0.0,0,0,2
2026-06-13 14:00,SEG_03,Ring Road Section 3 (Robot Square to Radisson),Arterial,3,55,2090,23.2,68.8,Cloudy,17.8,0.0,0,0,2
2026-06-13 14:00,SEG_04,Super Corridor West (Airport to MR10),Expressway,4,85,4368,30.8,78.7,Cloudy,17.8,0.0,0,0,2
2026-06-13 14:00,SEG_05,Bhawarkua Arterial (University to Tower Square),Collector,2,45,1250,17.1,73.3,Cloudy,17.8,0.0,0,0,2
2026-06-13 14:00,SEG_06,MR-10 Expressway Link (Tigaria to Vijay Nagar),Expressway,3,70,2622,26.2,75.7,Cloudy,17.8,0.0,0,0,2
2026-06-13 14:00,SEG_07,Annapurna Road Corridor (Ranjeet Hanuman to Mhow),Collector,2,40,1121,12.3,78.1,Cloudy,17.8,0.0,0,1,3
2026-06-13 14:00,SEG_08,Vijay Nagar Central Junction (Brilliant to Scheme 54),Arterial,3,50,1878,26.0,58.6,Cloudy,17.8,0.0,0,0,2
2026-06-13 16:00,SEG_01,AB Road Central (Palasia to Geeta Bhawan),Arterial,3,50,1545,19.4,59.4,Rainy,24.6,22.0,0,1,2
2026-06-13 16:00,SEG_02,Eastern Bypass Corridor (Rau to Kanadia),Highway,4,80,2701,42.7,54.6,Rainy,24.6,22.0,0,0,1
2026-06-13 16:00,SEG_03,Ring Road Section 3 (Robot Square to Radisson),Arterial,3,55,1422,31.8,51.0,Rainy,24.6,22.0,0,0,1
2026-06-13 16:00,SEG_04,Super Corridor West (Airport to MR10),Expressway,4,85,2483,52.7,45.3,Rainy,24.6,22.0,0,0,1
2026-06-13 16:00,SEG_05,Bhawarkua Arterial (University to Tower Square),Collector,2,45,676,28.8,41.9,Rainy,24.6,22.0,0,0,1
2026-06-13 16:00,SEG_06,MR-10 Expressway Link (Tigaria to Vijay Nagar),Expressway,3,70,1608,42.0,44.6,Rainy,24.6,22.0,0,0,1
2026-06-13 16:00,SEG_07,Annapurna Road Corridor (Ranjeet Hanuman to Mhow),Collector,2,40,579,22.2,43.9,Rainy,24.6,22.0,0,1,1
2026-06-13 16:00,SEG_08,Vijay Nagar Central Junction (Brilliant to Scheme 54),Arterial,3,50,1521,28.7,49.1,Rainy,24.6,22.0,0,0,1
2026-06-13 18:00,SEG_01,AB Road Central (Palasia to Geeta Bhawan),Arterial,3,50,2369,14.2,78.1,Clear,28.9,0.0,0,1,3
2026-06-13 18:00,SEG_02,Eastern Bypass Corridor (Rau to Kanadia),Highway,4,80,3895,32.4,75.4,Clear,28.9,0.0,0,0,2
2026-06-13 18:00,SEG_03,Ring Road Section 3 (Robot Square to Radisson),Arterial,3,55,2301,17.0,81.6,Clear,28.9,0.0,0,0,3
2026-06-13 18:00,SEG_04,Super Corridor West (Airport to MR10),Expressway,4,85,5326,16.1,91.9,Clear,28.9,0.0,0,0,3
2026-06-13 18:00,SEG_05,Bhawarkua Arterial (University to Tower Square),Collector,2,45,1287,13.9,77.7,Clear,28.9,0.0,0,0,2
2026-06-13 18:00,SEG_06,MR-10 Expressway Link (Tigaria to Vijay Nagar),Expressway,3,70,2927,19.3,85.5,Clear,28.9,0.0,0,0,3
2026-06-13 18:00,SEG_07,Annapurna Road Corridor (Ranjeet Hanuman to Mhow),Collector,2,40,1256,9.9,81.6,Clear,28.9,0.0,0,1,3
2026-06-13 18:00,SEG_08,Vijay Nagar Central Junction (Brilliant to Scheme 54),Arterial,3,50,2724,9.0,89.6,Clear,28.9,0.0,0,0,3
2026-06-13 20:00,SEG_01,AB Road Central (Palasia to Geeta Bhawan),Arterial,3,50,2187,12.9,74.5,Rainy,23.0,31.9,0,1,3
2026-06-13 20:00,SEG_02,Eastern Bypass Corridor (Rau to Kanadia),Highway,4,80,3535,32.6,67.4,Rainy,23.0,31.9,0,0,2
2026-06-13 20:00,SEG_03,Ring Road Section 3 (Robot Square to Radisson),Arterial,3,55,1947,9.2,76.0,Rainy,23.0,31.9,1,0,3
2026-06-13 20:00,SEG_04,Super Corridor West (Airport to MR10),Expressway,4,85,4496,23.5,82.1,Rainy,23.0,31.9,0,0,3
2026-06-13 20:00,SEG_05,Bhawarkua Arterial (University to Tower Square),Collector,2,45,1085,17.8,65.4,Rainy,23.0,31.9,0,0,2
2026-06-13 20:00,SEG_06,MR-10 Expressway Link (Tigaria to Vijay Nagar),Expressway,3,70,3073,14.5,88.9,Rainy,23.0,31.9,0,0,3
2026-06-13 20:00,SEG_07,Annapurna Road Corridor (Ranjeet Hanuman to Mhow),Collector,2,40,1108,11.2,74.4,Rainy,23.0,31.9,0,1,3
2026-06-13 20:00,SEG_08,Vijay Nagar Central Junction (Brilliant to Scheme 54),Arterial,3,50,2134,18.1,72.3,Rainy,23.0,31.9,0,0,2
2026-06-13 22:00,SEG_01,AB Road Central (Palasia to Geeta Bhawan),Arterial,3,50,1729,22.6,59.4,Clear,22.8,0.0,0,1,2
2026-06-13 22:00,SEG_02,Eastern Bypass Corridor (Rau to Kanadia),Highway,4,80,2772,49.9,52.6,Clear,22.8,0.0,0,0,1
2026-06-13 22:00,SEG_03,Ring Road Section 3 (Robot Square to Radisson),Arterial,3,55,1560,33.4,54.4,Clear,22.8,0.0,0,0,1
2026-06-13 22:00,SEG_04,Super Corridor West (Airport to MR10),Expressway,4,85,2960,54.8,51.2,Clear,22.8,0.0,0,0,1
2026-06-13 22:00,SEG_05,Bhawarkua Arterial (University to Tower Square),Collector,2,45,826,29.1,49.3,Clear,22.8,0.0,0,0,1
2026-06-13 22:00,SEG_06,MR-10 Expressway Link (Tigaria to Vijay Nagar),Expressway,3,70,1881,43.7,48.6,Clear,22.8,0.0,0,0,1
2026-06-13 22:00,SEG_07,Annapurna Road Corridor (Ranjeet Hanuman to Mhow),Collector,2,40,631,23.6,46.0,Clear,22.8,0.0,0,1,1
2026-06-13 22:00,SEG_08,Vijay Nagar Central Junction (Brilliant to Scheme 54),Arterial,3,50,1509,34.6,45.7,Clear,22.8,0.0,0,0,1
2026-06-14 00:00,SEG_01,AB Road Central (Palasia to Geeta Bhawan),Arterial,3,50,567,37.8,19.8,Clear,23.4,0.0,0,1,0
2026-06-14 00:00,SEG_02,Eastern Bypass Corridor (Rau to Kanadia),Highway,4,80,1395,72.0,22.7,Clear,23.4,0.0,0,0,0
2026-06-14 00:00,SEG_03,Ring Road Section 3 (Robot Square to Radisson),Arterial,3,55,537,51.5,14.9,Clear,23.4,0.0,0,0,0
2026-06-14 00:00,SEG_04,Super Corridor West (Airport to MR10),Expressway,4,85,789,83.0,7.7,Clear,23.4,0.0,0,0,0
2026-06-14 00:00,SEG_05,Bhawarkua Arterial (University to Tower Square),Collector,2,45,314,42.3,18.1,Clear,23.4,0.0,0,0,0
2026-06-14 00:00,SEG_06,MR-10 Expressway Link (Tigaria to Vijay Nagar),Expressway,3,70,662,66.6,15.7,Clear,23.4,0.0,0,0,0
2026-06-14 00:00,SEG_07,Annapurna Road Corridor (Ranjeet Hanuman to Mhow),Collector,2,40,272,27.3,26.3,Clear,23.4,0.0,0,1,1
2026-06-14 00:00,SEG_08,Vijay Nagar Central Junction (Brilliant to Scheme 54),Arterial,3,50,589,47.3,16.9,Clear,23.4,0.0,0,0,0
2026-06-14 02:00,SEG_01,AB Road Central (Palasia to Geeta Bhawan),Arterial,3,50,404,32.3,19.1,Foggy,18.3,0.0,0,1,1
2026-06-14 02:00,SEG_02,Eastern Bypass Corridor (Rau to Kanadia),Highway,4,80,1448,61.1,25.8,Foggy,18.3,0.0,0,0,0
2026-06-14 02:00,SEG_03,Ring Road Section 3 (Robot Square to Radisson),Arterial,3,55,626,45.6,19.4,Foggy,18.3,0.0,0,0,0
2026-06-14 02:00,SEG_04,Super Corridor West (Airport to MR10),Expressway,4,85,1056,70.4,16.7,Foggy,18.3,0.0,0,0,0
2026-06-14 02:00,SEG_05,Bhawarkua Arterial (University to Tower Square),Collector,2,45,275,36.6,19.3,Foggy,18.3,0.0,0,0,0
2026-06-14 02:00,SEG_06,MR-10 Expressway Link (Tigaria to Vijay Nagar),Expressway,3,70,502,59.0,15.3,Foggy,18.3,0.0,0,0,0
2026-06-14 02:00,SEG_07,Annapurna Road Corridor (Ranjeet Hanuman to Mhow),Collector,2,40,308,25.1,28.6,Foggy,18.3,0.0,0,1,1
2026-06-14 02:00,SEG_08,Vijay Nagar Central Junction (Brilliant to Scheme 54),Arterial,3,50,600,40.4,17.9,Foggy,18.3,0.0,0,0,0
2026-06-14 04:00,SEG_01,AB Road Central (Palasia to Geeta Bhawan),Arterial,3,50,452,37.1,20.3,Clear,24.9,0.0,0,1,0
2026-06-14 04:00,SEG_02,Eastern Bypass Corridor (Rau to Kanadia),Highway,4,80,1498,70.9,24.0,Clear,24.9,0.0,0,0,0
2026-06-14 04:00,SEG_03,Ring Road Section 3 (Robot Square to Radisson),Arterial,3,55,372,54.3,9.7,Clear,24.9,0.0,0,0,0
2026-06-14 04:00,SEG_04,Super Corridor West (Airport to MR10),Expressway,4,85,799,79.6,9.7,Clear,24.9,0.0,0,0,0
2026-06-14 04:00,SEG_05,Bhawarkua Arterial (University to Tower Square),Collector,2,45,252,43.1,10.6,Clear,24.9,0.0,0,0,0
2026-06-14 04:00,SEG_06,MR-10 Expressway Link (Tigaria to Vijay Nagar),Expressway,3,70,491,65.6,12.8,Clear,24.9,0.0,0,0,0
2026-06-14 04:00,SEG_07,Annapurna Road Corridor (Ranjeet Hanuman to Mhow),Collector,2,40,207,28.3,21.9,Clear,24.9,0.0,0,1,0
2026-06-14 04:00,SEG_08,Vijay Nagar Central Junction (Brilliant to Scheme 54),Arterial,3,50,464,48.2,12.8,Clear,24.9,0.0,0,0,0
2026-06-14 06:00,SEG_01,AB Road Central (Palasia to Geeta Bhawan),Arterial,3,50,1527,27.1,52.0,Clear,29.9,0.0,0,1,2
2026-06-14 06:00,SEG_02,Eastern Bypass Corridor (Rau to Kanadia),Highway,4,80,2600,52.2,44.8,Clear,29.9,0.0,0,0,1
2026-06-14 06:00,SEG_03,Ring Road Section 3 (Robot Square to Radisson),Arterial,3,55,1257,41.8,42.1,Clear,29.9,0.0,0,0,1
2026-06-14 06:00,SEG_04,Super Corridor West (Airport to MR10),Expressway,4,85,2827,59.6,44.4,Clear,29.9,0.0,0,0,1
2026-06-14 06:00,SEG_05,Bhawarkua Arterial (University to Tower Square),Collector,2,45,867,28.5,47.2,Clear,29.9,0.0,0,0,1
2026-06-14 06:00,SEG_06,MR-10 Expressway Link (Tigaria to Vijay Nagar),Expressway,3,70,1412,56.2,36.9,Clear,29.9,0.0,0,0,0
2026-06-14 06:00,SEG_07,Annapurna Road Corridor (Ranjeet Hanuman to Mhow),Collector,2,40,707,22.1,48.6,Clear,29.9,0.0,0,1,1
2026-06-14 06:00,SEG_08,Vijay Nagar Central Junction (Brilliant to Scheme 54),Arterial,3,50,1499,33.8,45.9,Clear,29.9,0.0,0,0,1
2026-06-14 08:00,SEG_01,AB Road Central (Palasia to Geeta Bhawan),Arterial,3,50,1376,28.0,49.4,Clear,29.7,0.0,0,1,1
2026-06-14 08:00,SEG_02,Eastern Bypass Corridor (Rau to Kanadia),Highway,4,80,2462,57.6,40.2,Clear,29.7,0.0,0,0,1
2026-06-14 08:00,SEG_03,Ring Road Section 3 (Robot Square to Radisson),Arterial,3,55,1227,42.8,40.1,Clear,29.7,0.0,0,0,1
2026-06-14 08:00,SEG_04,Super Corridor West (Airport to MR10),Expressway,4,85,2975,54.5,49.1,Clear,29.7,0.0,0,0,1
2026-06-14 08:00,SEG_05,Bhawarkua Arterial (University to Tower Square),Collector,2,45,813,31.6,46.6,Clear,29.7,0.0,0,0,1
2026-06-14 08:00,SEG_06,MR-10 Expressway Link (Tigaria to Vijay Nagar),Expressway,3,70,1778,47.0,45.4,Clear,29.7,0.0,0,0,1
2026-06-14 08:00,SEG_07,Annapurna Road Corridor (Ranjeet Hanuman to Mhow),Collector,2,40,704,22.3,47.5,Clear,29.7,0.0,0,1,1
2026-06-14 08:00,SEG_08,Vijay Nagar Central Junction (Brilliant to Scheme 54),Arterial,3,50,1594,30.4,49.4,Clear,29.7,0.0,0,0,1
2026-06-14 10:00,SEG_01,AB Road Central (Palasia to Geeta Bhawan),Arterial,3,50,1302,28.4,45.9,Clear,32.6,0.0,0,1,1
2026-06-14 10:00,SEG_02,Eastern Bypass Corridor (Rau to Kanadia),Highway,4,80,2825,49.6,52.5,Clear,32.6,0.0,0,0,1
2026-06-14 10:00,SEG_03,Ring Road Section 3 (Robot Square to Radisson),Arterial,3,55,1627,33.8,55.3,Clear,32.6,0.0,0,0,1
2026-06-14 10:00,SEG_04,Super Corridor West (Airport to MR10),Expressway,4,85,3139,51.8,53.8,Clear,32.6,0.0,0,0,1
2026-06-14 10:00,SEG_05,Bhawarkua Arterial (University to Tower Square),Collector,2,45,790,31.9,41.1,Clear,32.6,0.0,0,0,1
2026-06-14 10:00,SEG_06,MR-10 Expressway Link (Tigaria to Vijay Nagar),Expressway,3,70,1820,45.2,45.5,Clear,32.6,0.0,0,0,1
2026-06-14 10:00,SEG_07,Annapurna Road Corridor (Ranjeet Hanuman to Mhow),Collector,2,40,693,21.3,49.8,Clear,32.6,0.0,0,1,2
2026-06-14 10:00,SEG_08,Vijay Nagar Central Junction (Brilliant to Scheme 54),Arterial,3,50,1496,33.7,46.8,Clear,32.6,0.0,0,0,1
2026-06-14 12:00,SEG_01,AB Road Central (Palasia to Geeta Bhawan),Arterial,3,50,1959,18.0,70.1,Clear,32.9,0.0,0,1,2
2026-06-14 12:00,SEG_02,Eastern Bypass Corridor (Rau to Kanadia),Highway,4,80,3282,42.5,61.5,Clear,32.9,0.0,0,0,2
2026-06-14 12:00,SEG_03,Ring Road Section 3 (Robot Square to Radisson),Arterial,3,55,2194,19.1,78.9,Clear,32.9,0.0,0,0,2
2026-06-14 12:00,SEG_04,Super Corridor West (Airport to MR10),Expressway,4,85,3447,48.6,60.1,Clear,32.9,0.0,0,0,1
2026-06-14 12:00,SEG_05,Bhawarkua Arterial (University to Tower Square),Collector,2,45,1133,21.5,68.3,Clear,32.9,0.0,0,0,2
2026-06-14 12:00,SEG_06,MR-10 Expressway Link (Tigaria to Vijay Nagar),Expressway,3,70,2513,30.2,69.4,Clear,32.9,0.0,0,0,2
2026-06-14 12:00,SEG_07,Annapurna Road Corridor (Ranjeet Hanuman to Mhow),Collector,2,40,1046,14.0,68.1,Clear,32.9,0.0,0,1,3
2026-06-14 12:00,SEG_08,Vijay Nagar Central Junction (Brilliant to Scheme 54),Arterial,3,50,2215,21.1,70.0,Clear,32.9,0.0,0,0,2
2026-06-14 14:00,SEG_01,AB Road Central (Palasia to Geeta Bhawan),Arterial,3,50,1905,20.1,66.1,Cloudy,27.8,0.0,0,1,2
2026-06-14 14:00,SEG_02,Eastern Bypass Corridor (Rau to Kanadia),Highway,4,80,3537,36.6,68.3,Cloudy,27.8,0.0,0,0,2
2026-06-14 14:00,SEG_03,Ring Road Section 3 (Robot Square to Radisson),Arterial,3,55,1920,27.5,66.5,Cloudy,27.8,0.0,0,0,2
2026-06-14 14:00,SEG_04,Super Corridor West (Airport to MR10),Expressway,4,85,3570,43.3,63.0,Cloudy,27.8,0.0,0,0,2
2026-06-14 14:00,SEG_05,Bhawarkua Arterial (University to Tower Square),Collector,2,45,1165,21.8,65.2,Cloudy,27.8,0.0,0,0,2
2026-06-14 14:00,SEG_06,MR-10 Expressway Link (Tigaria to Vijay Nagar),Expressway,3,70,2372,34.5,66.9,Cloudy,27.8,0.0,0,0,2
2026-06-14 14:00,SEG_07,Annapurna Road Corridor (Ranjeet Hanuman to Mhow),Collector,2,40,1007,16.3,66.6,Cloudy,27.8,0.0,0,1,2
2026-06-14 14:00,SEG_08,Vijay Nagar Central Junction (Brilliant to Scheme 54),Arterial,3,50,1993,24.9,62.6,Cloudy,27.8,0.0,0,0,2
2026-06-14 16:00,SEG_01,AB Road Central (Palasia to Geeta Bhawan),Arterial,3,50,1576,25.2,52.1,Cloudy,28.6,0.4,0,1,2
2026-06-14 16:00,SEG_02,Eastern Bypass Corridor (Rau to Kanadia),Highway,4,80,2677,53.7,49.8,Cloudy,28.6,0.4,0,0,1
2026-06-14 16:00,SEG_03,Ring Road Section 3 (Robot Square to Radisson),Arterial,3,55,1458,35.6,45.5,Cloudy,28.6,0.4,0,0,1
2026-06-14 16:00,SEG_04,Super Corridor West (Airport to MR10),Expressway,4,85,2735,57.6,47.9,Cloudy,28.6,0.4,0,0,1
2026-06-14 16:00,SEG_05,Bhawarkua Arterial (University to Tower Square),Collector,2,45,710,33.7,40.3,Cloudy,28.6,0.4,0,0,1
2026-06-14 16:00,SEG_06,MR-10 Expressway Link (Tigaria to Vijay Nagar),Expressway,3,70,1453,53.9,35.1,Cloudy,28.6,0.4,0,0,1
2026-06-14 16:00,SEG_07,Annapurna Road Corridor (Ranjeet Hanuman to Mhow),Collector,2,40,829,18.2,54.1,Cloudy,28.6,0.4,0,1,2
2026-06-14 16:00,SEG_08,Vijay Nagar Central Junction (Brilliant to Scheme 54),Arterial,3,50,1446,33.1,46.2,Cloudy,28.6,0.4,0,0,1
2026-06-14 18:00,SEG_01,AB Road Central (Palasia to Geeta Bhawan),Arterial,3,50,2524,11.4,88.4,Clear,27.2,0.0,0,1,3
2026-06-14 18:00,SEG_02,Eastern Bypass Corridor (Rau to Kanadia),Highway,4,80,4505,17.8,88.3,Clear,27.2,0.0,0,0,3
2026-06-14 18:00,SEG_03,Ring Road Section 3 (Robot Square to Radisson),Arterial,3,55,2132,21.7,74.7,Clear,27.2,0.0,0,0,2
2026-06-14 18:00,SEG_04,Super Corridor West (Airport to MR10),Expressway,4,85,4780,21.0,85.7,Clear,27.2,0.0,0,0,3
2026-06-14 18:00,SEG_05,Bhawarkua Arterial (University to Tower Square),Collector,2,45,1388,12.6,85.8,Clear,27.2,0.0,0,0,3
2026-06-14 18:00,SEG_06,MR-10 Expressway Link (Tigaria to Vijay Nagar),Expressway,3,70,2417,32.8,65.9,Clear,27.2,0.0,0,0,2
2026-06-14 18:00,SEG_07,Annapurna Road Corridor (Ranjeet Hanuman to Mhow),Collector,2,40,1206,10.5,80.0,Clear,27.2,0.0,0,1,3
2026-06-14 18:00,SEG_08,Vijay Nagar Central Junction (Brilliant to Scheme 54),Arterial,3,50,2301,17.9,78.4,Clear,27.2,0.0,0,0,2
2026-06-14 20:00,SEG_01,AB Road Central (Palasia to Geeta Bhawan),Arterial,3,50,2440,12.6,80.5,Clear,26.9,0.0,0,1,3
2026-06-14 20:00,SEG_02,Eastern Bypass Corridor (Rau to Kanadia),Highway,4,80,4613,14.1,90.6,Clear,26.9,0.0,0,0,3
2026-06-14 20:00,SEG_03,Ring Road Section 3 (Robot Square to Radisson),Arterial,3,55,2568,11.7,91.4,Clear,26.9,0.0,0,0,3
2026-06-14 20:00,SEG_04,Super Corridor West (Airport to MR10),Expressway,4,85,4200,31.7,71.6,Clear,26.9,0.0,0,0,2
2026-06-14 20:00,SEG_05,Bhawarkua Arterial (University to Tower Square),Collector,2,45,1395,11.4,86.8,Clear,26.9,0.0,0,0,3
2026-06-14 20:00,SEG_06,MR-10 Expressway Link (Tigaria to Vijay Nagar),Expressway,3,70,2673,27.9,76.0,Clear,26.9,0.0,0,0,2
2026-06-14 20:00,SEG_07,Annapurna Road Corridor (Ranjeet Hanuman to Mhow),Collector,2,40,1220,8.6,82.0,Clear,26.9,0.0,0,1,3
2026-06-14 20:00,SEG_08,Vijay Nagar Central Junction (Brilliant to Scheme 54),Arterial,3,50,2576,12.1,88.6,Clear,26.9,0.0,0,0,3
2026-06-14 22:00,SEG_01,AB Road Central (Palasia to Geeta Bhawan),Arterial,3,50,1569,25.4,53.3,Cloudy,21.4,0.0,0,1,2
2026-06-14 22:00,SEG_02,Eastern Bypass Corridor (Rau to Kanadia),Highway,4,80,3341,42.6,62.2,Cloudy,21.4,0.0,0,0,2
2026-06-14 22:00,SEG_03,Ring Road Section 3 (Robot Square to Radisson),Arterial,3,55,1289,39.9,44.1,Cloudy,21.4,0.0,0,0,1
2026-06-14 22:00,SEG_04,Super Corridor West (Airport to MR10),Expressway,4,85,3155,53.9,52.9,Cloudy,21.4,0.0,0,0,1
2026-06-14 22:00,SEG_05,Bhawarkua Arterial (University to Tower Square),Collector,2,45,858,29.8,45.8,Cloudy,21.4,0.0,0,0,1
2026-06-14 22:00,SEG_06,MR-10 Expressway Link (Tigaria to Vijay Nagar),Expressway,3,70,1665,49.8,40.2,Cloudy,21.4,0.0,0,0,1
2026-06-14 22:00,SEG_07,Annapurna Road Corridor (Ranjeet Hanuman to Mhow),Collector,2,40,723,23.6,44.9,Cloudy,21.4,0.0,0,1,1
2026-06-14 22:00,SEG_08,Vijay Nagar Central Junction (Brilliant to Scheme 54),Arterial,3,50,1549,34.3,45.4,Cloudy,21.4,0.0,0,0,1
2026-06-15 00:00,SEG_01,AB Road Central (Palasia to Geeta Bhawan),Arterial,3,50,426,46.0,14.8,Cloudy,22.6,0.0,0,0,0
2026-06-15 00:00,SEG_02,Eastern Bypass Corridor (Rau to Kanadia),Highway,4,80,1097,74.9,15.9,Cloudy,22.6,0.0,0,0,0
2026-06-15 00:00,SEG_03,Ring Road Section 3 (Robot Square to Radisson),Arterial,3,55,271,52.4,6.2,Cloudy,22.6,0.0,0,0,0
2026-06-15 00:00,SEG_04,Super Corridor West (Airport to MR10),Expressway,4,85,540,82.7,5.6,Cloudy,22.6,0.0,0,0,0
2026-06-15 00:00,SEG_05,Bhawarkua Arterial (University to Tower Square),Collector,2,45,202,41.7,10.4,Cloudy,22.6,0.0,0,0,0
2026-06-15 00:00,SEG_06,MR-10 Expressway Link (Tigaria to Vijay Nagar),Expressway,3,70,371,67.6,10.5,Cloudy,22.6,0.0,0,0,0
2026-06-15 00:00,SEG_07,Annapurna Road Corridor (Ranjeet Hanuman to Mhow),Collector,2,40,135,39.5,6.5,Cloudy,22.6,0.0,0,0,0
2026-06-15 00:00,SEG_08,Vijay Nagar Central Junction (Brilliant to Scheme 54),Arterial,3,50,400,46.3,11.6,Cloudy,22.6,0.0,0,0,0
2026-06-15 02:00,SEG_01,AB Road Central (Palasia to Geeta Bhawan),Arterial,3,50,323,47.7,11.9,Clear,22.7,0.0,0,0,0
2026-06-15 02:00,SEG_02,Eastern Bypass Corridor (Rau to Kanadia),Highway,4,80,1283,72.8,19.2,Clear,22.7,0.0,0,0,0
2026-06-15 02:00,SEG_03,Ring Road Section 3 (Robot Square to Radisson),Arterial,3,55,296,52.4,11.7,Clear,22.7,0.0,0,0,0
2026-06-15 02:00,SEG_04,Super Corridor West (Airport to MR10),Expressway,4,85,671,82.4,8.9,Clear,22.7,0.0,0,0,0
2026-06-15 02:00,SEG_05,Bhawarkua Arterial (University to Tower Square),Collector,2,45,216,27.8,24.5,Clear,22.7,0.0,1,0,1
2026-06-15 02:00,SEG_06,MR-10 Expressway Link (Tigaria to Vijay Nagar),Expressway,3,70,357,45.9,19.0,Clear,22.7,0.0,1,0,1
2026-06-15 02:00,SEG_07,Annapurna Road Corridor (Ranjeet Hanuman to Mhow),Collector,2,40,202,37.9,11.8,Clear,22.7,0.0,0,0,0
2026-06-15 02:00,SEG_08,Vijay Nagar Central Junction (Brilliant to Scheme 54),Arterial,3,50,374,49.2,9.6,Clear,22.7,0.0,0,0,0
2026-06-15 04:00,SEG_01,AB Road Central (Palasia to Geeta Bhawan),Arterial,3,50,263,48.1,7.0,Clear,24.6,0.0,0,0,0
2026-06-15 04:00,SEG_02,Eastern Bypass Corridor (Rau to Kanadia),Highway,4,80,1411,71.0,21.9,Clear,24.6,0.0,0,0,0
2026-06-15 04:00,SEG_03,Ring Road Section 3 (Robot Square to Radisson),Arterial,3,55,301,52.5,11.9,Clear,24.6,0.0,0,0,0
2026-06-15 04:00,SEG_04,Super Corridor West (Airport to MR10),Expressway,4,85,607,80.7,10.4,Clear,24.6,0.0,0,0,0
2026-06-15 04:00,SEG_05,Bhawarkua Arterial (University to Tower Square),Collector,2,45,195,45,9.3,Clear,24.6,0.0,0,0,0
2026-06-15 04:00,SEG_06,MR-10 Expressway Link (Tigaria to Vijay Nagar),Expressway,3,70,424,68.8,9.2,Clear,24.6,0.0,0,0,0
2026-06-15 04:00,SEG_07,Annapurna Road Corridor (Ranjeet Hanuman to Mhow),Collector,2,40,216,36.4,15.0,Clear,24.6,0.0,0,0,0
2026-06-15 04:00,SEG_08,Vijay Nagar Central Junction (Brilliant to Scheme 54),Arterial,3,50,402,49.3,11.8,Clear,24.6,0.0,0,0,0
2026-06-15 06:00,SEG_01,AB Road Central (Palasia to Geeta Bhawan),Arterial,3,50,1337,22.1,53.1,Clear,26.7,0.0,1,0,2
2026-06-15 06:00,SEG_02,Eastern Bypass Corridor (Rau to Kanadia),Highway,4,80,2172,59.7,40.6,Clear,26.7,0.0,0,0,1
2026-06-15 06:00,SEG_03,Ring Road Section 3 (Robot Square to Radisson),Arterial,3,55,1129,41.9,37.4,Clear,26.7,0.0,0,0,1
2026-06-15 06:00,SEG_04,Super Corridor West (Airport to MR10),Expressway,4,85,2326,64.1,39.7,Clear,26.7,0.0,0,0,1
2026-06-15 06:00,SEG_05,Bhawarkua Arterial (University to Tower Square),Collector,2,45,742,34.1,39.2,Clear,26.7,0.0,0,0,1
2026-06-15 06:00,SEG_06,MR-10 Expressway Link (Tigaria to Vijay Nagar),Expressway,3,70,1760,47.8,46.7,Clear,26.7,0.0,0,0,1
2026-06-15 06:00,SEG_07,Annapurna Road Corridor (Ranjeet Hanuman to Mhow),Collector,2,40,715,26.7,41.9,Clear,26.7,0.0,0,0,1
2026-06-15 06:00,SEG_08,Vijay Nagar Central Junction (Brilliant to Scheme 54),Arterial,3,50,1127,38.8,34.1,Clear,26.7,0.0,0,0,0
2026-06-15 08:00,SEG_01,AB Road Central (Palasia to Geeta Bhawan),Arterial,3,50,2939,8.0,97.9,Cloudy,25.8,0.0,0,0,3
2026-06-15 08:00,SEG_02,Eastern Bypass Corridor (Rau to Kanadia),Highway,4,80,4707,16.2,88.4,Cloudy,25.8,0.0,0,0,3
2026-06-15 08:00,SEG_03,Ring Road Section 3 (Robot Square to Radisson),Arterial,3,55,2627,9.0,95.0,Cloudy,25.8,0.0,0,0,3
2026-06-15 08:00,SEG_04,Super Corridor West (Airport to MR10),Expressway,4,85,4706,24.8,81.1,Cloudy,25.8,0.0,0,0,3
2026-06-15 08:00,SEG_05,Bhawarkua Arterial (University to Tower Square),Collector,2,45,1328,12.0,79.9,Cloudy,25.8,0.0,0,0,3
2026-06-15 08:00,SEG_06,MR-10 Expressway Link (Tigaria to Vijay Nagar),Expressway,3,70,2506,16.2,79.1,Cloudy,25.8,0.0,1,0,3
2026-06-15 08:00,SEG_07,Annapurna Road Corridor (Ranjeet Hanuman to Mhow),Collector,2,40,1203,12.2,77.9,Cloudy,25.8,0.0,0,0,2
2026-06-15 08:00,SEG_08,Vijay Nagar Central Junction (Brilliant to Scheme 54),Arterial,3,50,2475,15.5,82.1,Cloudy,25.8,0.0,0,0,3
2026-06-15 10:00,SEG_01,AB Road Central (Palasia to Geeta Bhawan),Arterial,3,50,2282,18.0,72.6,Clear,32.5,0.0,0,0,2
2026-06-15 10:00,SEG_02,Eastern Bypass Corridor (Rau to Kanadia),Highway,4,80,4484,19.3,87.5,Clear,32.5,0.0,0,0,3
2026-06-15 10:00,SEG_03,Ring Road Section 3 (Robot Square to Radisson),Arterial,3,55,2614,8.2,91.5,Clear,32.5,0.0,0,0,3
2026-06-15 10:00,SEG_04,Super Corridor West (Airport to MR10),Expressway,4,85,4225,31.3,71.9,Clear,32.5,0.0,0,0,2
2026-06-15 10:00,SEG_05,Bhawarkua Arterial (University to Tower Square),Collector,2,45,1528,8.6,90.2,Clear,32.5,0.0,0,0,3
2026-06-15 10:00,SEG_06,MR-10 Expressway Link (Tigaria to Vijay Nagar),Expressway,3,70,3177,12.1,89.1,Clear,32.5,0.0,0,0,3
2026-06-15 10:00,SEG_07,Annapurna Road Corridor (Ranjeet Hanuman to Mhow),Collector,2,40,1325,9.7,83.8,Clear,32.5,0.0,0,0,3
2026-06-15 10:00,SEG_08,Vijay Nagar Central Junction (Brilliant to Scheme 54),Arterial,3,50,2628,11.1,87.2,Clear,32.5,0.0,0,0,3
2026-06-15 12:00,SEG_01,AB Road Central (Palasia to Geeta Bhawan),Arterial,3,50,1448,28.9,45.7,Rainy,23.9,17.3,0,0,1
2026-06-15 12:00,SEG_02,Eastern Bypass Corridor (Rau to Kanadia),Highway,4,80,2765,42.8,51.9,Rainy,23.9,17.3,0,0,1
2026-06-15 12:00,SEG_03,Ring Road Section 3 (Robot Square to Radisson),Arterial,3,55,1516,27.9,56.4,Rainy,23.9,17.3,0,0,1
2026-06-15 12:00,SEG_04,Super Corridor West (Airport to MR10),Expressway,4,85,2608,51.8,47.3,Rainy,23.9,17.3,0,0,1
2026-06-15 12:00,SEG_05,Bhawarkua Arterial (University to Tower Square),Collector,2,45,884,22.2,53.9,Rainy,23.9,17.3,0,0,1
2026-06-15 12:00,SEG_06,MR-10 Expressway Link (Tigaria to Vijay Nagar),Expressway,3,70,1584,25.7,54.4,Rainy,23.9,17.3,1,0,2
2026-06-15 12:00,SEG_07,Annapurna Road Corridor (Ranjeet Hanuman to Mhow),Collector,2,40,728,24.5,46.2,Rainy,23.9,17.3,0,0,1
2026-06-15 12:00,SEG_08,Vijay Nagar Central Junction (Brilliant to Scheme 54),Arterial,3,50,1405,30.3,45.4,Rainy,23.9,17.3,0,0,1
2026-06-15 14:00,SEG_01,AB Road Central (Palasia to Geeta Bhawan),Arterial,3,50,1711,32.0,52.9,Cloudy,29.2,0.0,0,0,1
2026-06-15 14:00,SEG_02,Eastern Bypass Corridor (Rau to Kanadia),Highway,4,80,2758,52.7,46.2,Cloudy,29.2,0.0,0,0,1
2026-06-15 14:00,SEG_03,Ring Road Section 3 (Robot Square to Radisson),Arterial,3,55,1398,36.5,46.9,Cloudy,29.2,0.0,0,0,1
2026-06-15 14:00,SEG_04,Super Corridor West (Airport to MR10),Expressway,4,85,3166,51.6,54.2,Cloudy,29.2,0.0,0,0,1
2026-06-15 14:00,SEG_05,Bhawarkua Arterial (University to Tower Square),Collector,2,45,838,29.6,44.8,Cloudy,29.2,0.0,0,0,1
2026-06-15 14:00,SEG_06,MR-10 Expressway Link (Tigaria to Vijay Nagar),Expressway,3,70,1701,47.6,45.2,Cloudy,29.2,0.0,0,0,1
2026-06-15 14:00,SEG_07,Annapurna Road Corridor (Ranjeet Hanuman to Mhow),Collector,2,40,861,23.3,51.8,Cloudy,29.2,0.0,0,0,1
2026-06-15 14:00,SEG_08,Vijay Nagar Central Junction (Brilliant to Scheme 54),Arterial,3,50,1934,26.1,59.6,Cloudy,29.2,0.0,0,0,2
2026-06-15 16:00,SEG_01,AB Road Central (Palasia to Geeta Bhawan),Arterial,3,50,1734,29.3,56.4,Clear,32.4,0.0,0,0,1
2026-06-15 16:00,SEG_02,Eastern Bypass Corridor (Rau to Kanadia),Highway,4,80,2902,48.1,54.8,Clear,32.4,0.0,0,0,1
2026-06-15 16:00,SEG_03,Ring Road Section 3 (Robot Square to Radisson),Arterial,3,55,1796,31.1,61.7,Clear,32.4,0.0,0,0,1
2026-06-15 16:00,SEG_04,Super Corridor West (Airport to MR10),Expressway,4,85,3268,52.2,55.5,Clear,32.4,0.0,0,0,1
2026-06-15 16:00,SEG_05,Bhawarkua Arterial (University to Tower Square),Collector,2,45,863,29.8,51.1,Clear,32.4,0.0,0,0,1
2026-06-15 16:00,SEG_06,MR-10 Expressway Link (Tigaria to Vijay Nagar),Expressway,3,70,1771,46.2,47.0,Clear,32.4,0.0,0,0,1
2026-06-15 16:00,SEG_07,Annapurna Road Corridor (Ranjeet Hanuman to Mhow),Collector,2,40,908,24.3,57.2,Clear,32.4,0.0,0,0,1
2026-06-15 16:00,SEG_08,Vijay Nagar Central Junction (Brilliant to Scheme 54),Arterial,3,50,1994,23.5,62.2,Clear,32.4,0.0,0,0,2
2026-06-15 18:00,SEG_01,AB Road Central (Palasia to Geeta Bhawan),Arterial,3,50,2467,15.0,81.7,Clear,28.7,0.0,0,0,3
2026-06-15 18:00,SEG_02,Eastern Bypass Corridor (Rau to Kanadia),Highway,4,80,4701,13.9,93.2,Clear,28.7,0.0,0,0,3
2026-06-15 18:00,SEG_03,Ring Road Section 3 (Robot Square to Radisson),Arterial,3,55,2707,9.5,98.0,Clear,28.7,0.0,0,0,3
2026-06-15 18:00,SEG_04,Super Corridor West (Airport to MR10),Expressway,4,85,4870,18.6,89.5,Clear,28.7,0.0,0,0,3
2026-06-15 18:00,SEG_05,Bhawarkua Arterial (University to Tower Square),Collector,2,45,1422,10.7,89.3,Clear,28.7,0.0,0,0,3
2026-06-15 18:00,SEG_06,MR-10 Expressway Link (Tigaria to Vijay Nagar),Expressway,3,70,3155,11.4,91.1,Clear,28.7,0.0,0,0,3
2026-06-15 18:00,SEG_07,Annapurna Road Corridor (Ranjeet Hanuman to Mhow),Collector,2,40,1367,8.0,89.7,Clear,28.7,0.0,0,0,3
2026-06-15 18:00,SEG_08,Vijay Nagar Central Junction (Brilliant to Scheme 54),Arterial,3,50,2680,8.7,90.3,Clear,28.7,0.0,0,0,3
2026-06-15 20:00,SEG_01,AB Road Central (Palasia to Geeta Bhawan),Arterial,3,50,2770,10.4,92.0,Clear,23.9,0.0,0,0,3
2026-06-15 20:00,SEG_02,Eastern Bypass Corridor (Rau to Kanadia),Highway,4,80,5111,12.8,95.5,Clear,23.9,0.0,0,0,3
2026-06-15 20:00,SEG_03,Ring Road Section 3 (Robot Square to Radisson),Arterial,3,55,2192,18.6,75.9,Clear,23.9,0.0,0,0,2
2026-06-15 20:00,SEG_04,Super Corridor West (Airport to MR10),Expressway,4,85,5701,16.1,98.0,Clear,23.9,0.0,0,0,3
2026-06-15 20:00,SEG_05,Bhawarkua Arterial (University to Tower Square),Collector,2,45,1747,9.7,98.0,Clear,23.9,0.0,0,0,3
2026-06-15 20:00,SEG_06,MR-10 Expressway Link (Tigaria to Vijay Nagar),Expressway,3,70,3233,12.2,92.0,Clear,23.9,0.0,0,0,3
2026-06-15 20:00,SEG_07,Annapurna Road Corridor (Ranjeet Hanuman to Mhow),Collector,2,40,1458,8.0,95.8,Clear,23.9,0.0,0,0,3
2026-06-15 20:00,SEG_08,Vijay Nagar Central Junction (Brilliant to Scheme 54),Arterial,3,50,2476,15.2,81.6,Clear,23.9,0.0,0,0,3
2026-06-15 22:00,SEG_01,AB Road Central (Palasia to Geeta Bhawan),Arterial,3,50,1488,35.3,43.6,Clear,23.9,0.0,0,0,1
2026-06-15 22:00,SEG_02,Eastern Bypass Corridor (Rau to Kanadia),Highway,4,80,2883,48.3,52.3,Clear,23.9,0.0,0,0,1
2026-06-15 22:00,SEG_03,Ring Road Section 3 (Robot Square to Radisson),Arterial,3,55,1255,38.9,43.8,Clear,23.9,0.0,0,0,1
2026-06-15 22:00,SEG_04,Super Corridor West (Airport to MR10),Expressway,4,85,2274,65.1,35.7,Clear,23.9,0.0,0,0,1
2026-06-15 22:00,SEG_05,Bhawarkua Arterial (University to Tower Square),Collector,2,45,762,32.4,40.9,Clear,23.9,0.0,0,0,1
2026-06-15 22:00,SEG_06,MR-10 Expressway Link (Tigaria to Vijay Nagar),Expressway,3,70,1422,52.7,39.4,Clear,23.9,0.0,0,0,1
2026-06-15 22:00,SEG_07,Annapurna Road Corridor (Ranjeet Hanuman to Mhow),Collector,2,40,662,30.2,40.9,Clear,23.9,0.0,0,0,1
2026-06-15 22:00,SEG_08,Vijay Nagar Central Junction (Brilliant to Scheme 54),Arterial,3,50,1450,34.9,42.3,Clear,23.9,0.0,0,0,1
2026-06-16 00:00,SEG_01,AB Road Central (Palasia to Geeta Bhawan),Arterial,3,50,369,46.7,11.2,Clear,22.3,0.0,0,0,0
2026-06-16 00:00,SEG_02,Eastern Bypass Corridor (Rau to Kanadia),Highway,4,80,1144,71.8,16.4,Clear,22.3,0.0,0,0,0
2026-06-16 00:00,SEG_03,Ring Road Section 3 (Robot Square to Radisson),Arterial,3,55,410,53.2,8.7,Clear,22.3,0.0,0,0,0
2026-06-16 00:00,SEG_04,Super Corridor West (Airport to MR10),Expressway,4,85,503,84.7,5.8,Clear,22.3,0.0,0,0,0
2026-06-16 00:00,SEG_05,Bhawarkua Arterial (University to Tower Square),Collector,2,45,147,44.0,4.4,Clear,22.3,0.0,0,0,0
2026-06-16 00:00,SEG_06,MR-10 Expressway Link (Tigaria to Vijay Nagar),Expressway,3,70,560,65.2,13.0,Clear,22.3,0.0,0,0,0
2026-06-16 00:00,SEG_07,Annapurna Road Corridor (Ranjeet Hanuman to Mhow),Collector,2,40,202,40,9.7,Clear,22.3,0.0,0,0,0
2026-06-16 00:00,SEG_08,Vijay Nagar Central Junction (Brilliant to Scheme 54),Arterial,3,50,368,46.3,9.0,Clear,22.3,0.0,0,0,0
2026-06-16 02:00,SEG_01,AB Road Central (Palasia to Geeta Bhawan),Arterial,3,50,421,49.4,9.9,Clear,22.4,0.0,0,0,0
2026-06-16 02:00,SEG_02,Eastern Bypass Corridor (Rau to Kanadia),Highway,4,80,1352,72.4,21.2,Clear,22.4,0.0,0,0,0
2026-06-16 02:00,SEG_03,Ring Road Section 3 (Robot Square to Radisson),Arterial,3,55,387,53.2,12.5,Clear,22.4,0.0,0,0,0
2026-06-16 02:00,SEG_04,Super Corridor West (Airport to MR10),Expressway,4,85,525,84.1,6.6,Clear,22.4,0.0,0,0,0
2026-06-16 02:00,SEG_05,Bhawarkua Arterial (University to Tower Square),Collector,2,45,229,42.7,14.1,Clear,22.4,0.0,0,0,0
2026-06-16 02:00,SEG_06,MR-10 Expressway Link (Tigaria to Vijay Nagar),Expressway,3,70,378,68.6,6.9,Clear,22.4,0.0,0,0,0
2026-06-16 02:00,SEG_07,Annapurna Road Corridor (Ranjeet Hanuman to Mhow),Collector,2,40,232,37.0,13.1,Clear,22.4,0.0,0,0,0
2026-06-16 02:00,SEG_08,Vijay Nagar Central Junction (Brilliant to Scheme 54),Arterial,3,50,461,45.9,11.2,Clear,22.4,0.0,0,0,0
2026-06-16 04:00,SEG_01,AB Road Central (Palasia to Geeta Bhawan),Arterial,3,50,306,47.0,10.4,Cloudy,22.3,0.0,0,0,0
2026-06-16 04:00,SEG_02,Eastern Bypass Corridor (Rau to Kanadia),Highway,4,80,1337,72.5,20.6,Cloudy,22.3,0.0,0,0,0
2026-06-16 04:00,SEG_03,Ring Road Section 3 (Robot Square to Radisson),Arterial,3,55,227,53.4,8.1,Cloudy,22.3,0.0,0,0,0
2026-06-16 04:00,SEG_04,Super Corridor West (Airport to MR10),Expressway,4,85,620,81.6,11.7,Cloudy,22.3,0.0,0,0,0
2026-06-16 04:00,SEG_05,Bhawarkua Arterial (University to Tower Square),Collector,2,45,163,42.6,5.9,Cloudy,22.3,0.0,0,0,0
2026-06-16 04:00,SEG_06,MR-10 Expressway Link (Tigaria to Vijay Nagar),Expressway,3,70,313,68.2,4.5,Cloudy,22.3,0.0,0,0,0
2026-06-16 04:00,SEG_07,Annapurna Road Corridor (Ranjeet Hanuman to Mhow),Collector,2,40,215,37.7,10.1,Cloudy,22.3,0.0,0,0,0
2026-06-16 04:00,SEG_08,Vijay Nagar Central Junction (Brilliant to Scheme 54),Arterial,3,50,269,49.8,8.4,Cloudy,22.3,0.0,0,0,0
2026-06-16 06:00,SEG_01,AB Road Central (Palasia to Geeta Bhawan),Arterial,3,50,1464,32.8,43.0,Cloudy,25.6,0.0,0,0,1
2026-06-16 06:00,SEG_02,Eastern Bypass Corridor (Rau to Kanadia),Highway,4,80,2596,53.7,44.8,Cloudy,25.6,0.0,0,0,1
2026-06-16 06:00,SEG_03,Ring Road Section 3 (Robot Square to Radisson),Arterial,3,55,1098,42.5,33.1,Cloudy,25.6,0.0,0,0,0
2026-06-16 06:00,SEG_04,Super Corridor West (Airport to MR10),Expressway,4,85,2523,63.4,41.9,Cloudy,25.6,0.0,0,0,1
2026-06-16 06:00,SEG_05,Bhawarkua Arterial (University to Tower Square),Collector,2,45,629,34.0,34.1,Cloudy,25.6,0.0,0,0,0
2026-06-16 06:00,SEG_06,MR-10 Expressway Link (Tigaria to Vijay Nagar),Expressway,3,70,1523,52.4,41.4,Cloudy,25.6,0.0,0,0,1
2026-06-16 06:00,SEG_07,Annapurna Road Corridor (Ranjeet Hanuman to Mhow),Collector,2,40,580,30.4,34.2,Cloudy,25.6,0.0,0,0,0
2026-06-16 06:00,SEG_08,Vijay Nagar Central Junction (Brilliant to Scheme 54),Arterial,3,50,1245,36.4,40.3,Cloudy,25.6,0.0,0,0,1
2026-06-16 08:00,SEG_01,AB Road Central (Palasia to Geeta Bhawan),Arterial,3,50,2227,20.2,75.4,Clear,30.5,0.0,0,0,2
2026-06-16 08:00,SEG_02,Eastern Bypass Corridor (Rau to Kanadia),Highway,4,80,4082,28.2,75.5,Clear,30.5,0.0,0,0,2
2026-06-16 08:00,SEG_03,Ring Road Section 3 (Robot Square to Radisson),Arterial,3,55,2708,10.7,95.9,Clear,30.5,0.0,0,0,3
2026-06-16 08:00,SEG_04,Super Corridor West (Airport to MR10),Expressway,4,85,5512,15.8,98.0,Clear,30.5,0.0,0,0,3
2026-06-16 08:00,SEG_05,Bhawarkua Arterial (University to Tower Square),Collector,2,45,1434,9.3,88.9,Clear,30.5,0.0,0,0,3
2026-06-16 08:00,SEG_06,MR-10 Expressway Link (Tigaria to Vijay Nagar),Expressway,3,70,3028,15.6,87.4,Clear,30.5,0.0,0,0,3
2026-06-16 08:00,SEG_07,Annapurna Road Corridor (Ranjeet Hanuman to Mhow),Collector,2,40,1390,8.8,89.3,Clear,30.5,0.0,0,0,3
2026-06-16 08:00,SEG_08,Vijay Nagar Central Junction (Brilliant to Scheme 54),Arterial,3,50,2820,8.0,94.0,Clear,30.5,0.0,0,0,3
2026-06-16 10:00,SEG_01,AB Road Central (Palasia to Geeta Bhawan),Arterial,3,50,2231,20.1,75.3,Clear,31.8,0.0,0,0,2
2026-06-16 10:00,SEG_02,Eastern Bypass Corridor (Rau to Kanadia),Highway,4,80,4547,17.3,90.1,Clear,31.8,0.0,0,0,3
2026-06-16 10:00,SEG_03,Ring Road Section 3 (Robot Square to Radisson),Arterial,3,55,2621,9.1,90.9,Clear,31.8,0.0,0,0,3
2026-06-16 10:00,SEG_04,Super Corridor West (Airport to MR10),Expressway,4,85,5073,15.5,93.5,Clear,31.8,0.0,0,0,3
2026-06-16 10:00,SEG_05,Bhawarkua Arterial (University to Tower Square),Collector,2,45,1405,11.9,85.7,Clear,31.8,0.0,0,0,3
2026-06-16 10:00,SEG_06,MR-10 Expressway Link (Tigaria to Vijay Nagar),Expressway,3,70,2867,19.2,84.1,Clear,31.8,0.0,0,0,3
2026-06-16 10:00,SEG_07,Annapurna Road Corridor (Ranjeet Hanuman to Mhow),Collector,2,40,1131,14.6,71.9,Clear,31.8,0.0,0,0,2
2026-06-16 10:00,SEG_08,Vijay Nagar Central Junction (Brilliant to Scheme 54),Arterial,3,50,2381,18.1,75.9,Clear,31.8,0.0,0,0,2
2026-06-16 12:00,SEG_01,AB Road Central (Palasia to Geeta Bhawan),Arterial,3,50,1707,29.0,52.7,Clear,34.9,0.0,0,0,1
2026-06-16 12:00,SEG_02,Eastern Bypass Corridor (Rau to Kanadia),Highway,4,80,2804,49.9,52.5,Clear,34.9,0.0,0,0,1
2026-06-16 12:00,SEG_03,Ring Road Section 3 (Robot Square to Radisson),Arterial,3,55,1579,32.6,52.8,Clear,34.9,0.0,0,0,1
2026-06-16 12:00,SEG_04,Super Corridor West (Airport to MR10),Expressway,4,85,3365,50.2,57.5,Clear,34.9,0.0,0,0,1
2026-06-16 12:00,SEG_05,Bhawarkua Arterial (University to Tower Square),Collector,2,45,828,31.5,48.0,Clear,34.9,0.0,0,0,1
2026-06-16 12:00,SEG_06,MR-10 Expressway Link (Tigaria to Vijay Nagar),Expressway,3,70,1952,42.6,51.9,Clear,34.9,0.0,0,0,1
2026-06-16 12:00,SEG_07,Annapurna Road Corridor (Ranjeet Hanuman to Mhow),Collector,2,40,851,23.1,51.3,Clear,34.9,0.0,0,0,1
2026-06-16 12:00,SEG_08,Vijay Nagar Central Junction (Brilliant to Scheme 54),Arterial,3,50,1615,30.0,51.4,Clear,34.9,0.0,0,0,1
2026-06-16 14:00,SEG_01,AB Road Central (Palasia to Geeta Bhawan),Arterial,3,50,2031,23.9,66.2,Cloudy,28.4,0.0,0,0,2
2026-06-16 14:00,SEG_02,Eastern Bypass Corridor (Rau to Kanadia),Highway,4,80,2984,49.5,52.7,Cloudy,28.4,0.0,0,0,1
2026-06-16 14:00,SEG_03,Ring Road Section 3 (Robot Square to Radisson),Arterial,3,55,1563,33.3,54.8,Cloudy,28.4,0.0,0,0,1
2026-06-16 14:00,SEG_04,Super Corridor West (Airport to MR10),Expressway,4,85,3405,49.0,57.9,Cloudy,28.4,0.0,0,0,1
2026-06-16 14:00,SEG_05,Bhawarkua Arterial (University to Tower Square),Collector,2,45,1043,22.9,58.4,Cloudy,28.4,0.0,0,0,2
2026-06-16 14:00,SEG_06,MR-10 Expressway Link (Tigaria to Vijay Nagar),Expressway,3,70,2211,38.6,60.1,Cloudy,28.4,0.0,0,0,1
2026-06-16 14:00,SEG_07,Annapurna Road Corridor (Ranjeet Hanuman to Mhow),Collector,2,40,825,24.5,51.7,Cloudy,28.4,0.0,0,0,1
2026-06-16 14:00,SEG_08,Vijay Nagar Central Junction (Brilliant to Scheme 54),Arterial,3,50,1797,17.1,65.5,Cloudy,28.4,0.0,1,0,3
2026-06-16 16:00,SEG_01,AB Road Central (Palasia to Geeta Bhawan),Arterial,3,50,1729,24.2,60.1,Rainy,22.0,20.8,0,0,1
2026-06-16 16:00,SEG_02,Eastern Bypass Corridor (Rau to Kanadia),Highway,4,80,2500,46.3,47.6,Rainy,22.0,20.8,0,0,1
2026-06-16 16:00,SEG_03,Ring Road Section 3 (Robot Square to Radisson),Arterial,3,55,1406,31.6,47.0,Rainy,22.0,20.8,0,0,1
2026-06-16 16:00,SEG_04,Super Corridor West (Airport to MR10),Expressway,4,85,3206,40.9,59.1,Rainy,22.0,20.8,0,0,1
2026-06-16 16:00,SEG_05,Bhawarkua Arterial (University to Tower Square),Collector,2,45,936,24.3,57.5,Rainy,22.0,20.8,0,0,1
2026-06-16 16:00,SEG_06,MR-10 Expressway Link (Tigaria to Vijay Nagar),Expressway,3,70,1542,42.7,44.9,Rainy,22.0,20.8,0,0,1
2026-06-16 16:00,SEG_07,Annapurna Road Corridor (Ranjeet Hanuman to Mhow),Collector,2,40,804,22.2,50.3,Rainy,22.0,20.8,0,0,1
2026-06-16 16:00,SEG_08,Vijay Nagar Central Junction (Brilliant to Scheme 54),Arterial,3,50,1577,28.0,50.1,Rainy,22.0,20.8,0,0,1
2026-06-16 18:00,SEG_01,AB Road Central (Palasia to Geeta Bhawan),Arterial,3,50,2794,8.6,94.5,Clear,26.7,0.0,0,0,3
2026-06-16 18:00,SEG_02,Eastern Bypass Corridor (Rau to Kanadia),Highway,4,80,5153,13.6,97.5,Clear,26.7,0.0,0,0,3
2026-06-16 18:00,SEG_03,Ring Road Section 3 (Robot Square to Radisson),Arterial,3,55,2384,14.1,85.8,Clear,26.7,0.0,0,0,3
2026-06-16 18:00,SEG_04,Super Corridor West (Airport to MR10),Expressway,4,85,4352,28.5,77.3,Clear,26.7,0.0,0,0,2
2026-06-16 18:00,SEG_05,Bhawarkua Arterial (University to Tower Square),Collector,2,45,1567,8.0,95.5,Clear,26.7,0.0,0,0,3
2026-06-16 18:00,SEG_06,MR-10 Expressway Link (Tigaria to Vijay Nagar),Expressway,3,70,3740,12.5,98.0,Clear,26.7,0.0,0,0,3
2026-06-16 18:00,SEG_07,Annapurna Road Corridor (Ranjeet Hanuman to Mhow),Collector,2,40,1346,10.3,89.1,Clear,26.7,0.0,0,0,3
2026-06-16 18:00,SEG_08,Vijay Nagar Central Junction (Brilliant to Scheme 54),Arterial,3,50,3102,8.0,98.0,Clear,26.7,0.0,0,0,3
2026-06-16 20:00,SEG_01,AB Road Central (Palasia to Geeta Bhawan),Arterial,3,50,2799,10.6,90.3,Clear,23.4,0.0,0,0,3
2026-06-16 20:00,SEG_02,Eastern Bypass Corridor (Rau to Kanadia),Highway,4,80,5127,15.2,98.0,Clear,23.4,0.0,0,0,3
2026-06-16 20:00,SEG_03,Ring Road Section 3 (Robot Square to Radisson),Arterial,3,55,2548,9.8,91.0,Clear,23.4,0.0,0,0,3
2026-06-16 20:00,SEG_04,Super Corridor West (Airport to MR10),Expressway,4,85,5157,16.6,88.8,Clear,23.4,0.0,0,0,3
2026-06-16 20:00,SEG_05,Bhawarkua Arterial (University to Tower Square),Collector,2,45,1350,12.5,81.9,Clear,23.4,0.0,0,0,3
2026-06-16 20:00,SEG_06,MR-10 Expressway Link (Tigaria to Vijay Nagar),Expressway,3,70,3252,10.9,93.2,Clear,23.4,0.0,0,0,3
2026-06-16 20:00,SEG_07,Annapurna Road Corridor (Ranjeet Hanuman to Mhow),Collector,2,40,1643,8.6,98.0,Clear,23.4,0.0,0,0,3
2026-06-16 20:00,SEG_08,Vijay Nagar Central Junction (Brilliant to Scheme 54),Arterial,3,50,2795,8.0,94.3,Clear,23.4,0.0,0,0,3
2026-06-16 22:00,SEG_01,AB Road Central (Palasia to Geeta Bhawan),Arterial,3,50,1260,37.1,39.3,Clear,24.2,0.0,0,0,1
2026-06-16 22:00,SEG_02,Eastern Bypass Corridor (Rau to Kanadia),Highway,4,80,3182,44.1,56.1,Clear,24.2,0.0,0,0,1
2026-06-16 22:00,SEG_03,Ring Road Section 3 (Robot Square to Radisson),Arterial,3,55,1263,41.2,40.8,Clear,24.2,0.0,0,0,1
2026-06-16 22:00,SEG_04,Super Corridor West (Airport to MR10),Expressway,4,85,2201,65.3,37.8,Clear,24.2,0.0,0,0,0
2026-06-16 22:00,SEG_05,Bhawarkua Arterial (University to Tower Square),Collector,2,45,854,28.7,48.6,Clear,24.2,0.0,0,0,1
2026-06-16 22:00,SEG_06,MR-10 Expressway Link (Tigaria to Vijay Nagar),Expressway,3,70,1648,50.0,43.8,Clear,24.2,0.0,0,0,1
2026-06-16 22:00,SEG_07,Annapurna Road Corridor (Ranjeet Hanuman to Mhow),Collector,2,40,621,32.5,36.4,Clear,24.2,0.0,0,0,0
2026-06-16 22:00,SEG_08,Vijay Nagar Central Junction (Brilliant to Scheme 54),Arterial,3,50,1408,36.4,43.6,Clear,24.2,0.0,0,0,1
2026-06-17 00:00,SEG_01,AB Road Central (Palasia to Geeta Bhawan),Arterial,3,50,390,47.0,8.8,Clear,22.6,0.0,0,0,0
2026-06-17 00:00,SEG_02,Eastern Bypass Corridor (Rau to Kanadia),Highway,4,80,1056,75.6,17.6,Clear,22.6,0.0,0,0,0
2026-06-17 00:00,SEG_03,Ring Road Section 3 (Robot Square to Radisson),Arterial,3,55,256,55,6.8,Clear,22.6,0.0,0,0,0
2026-06-17 00:00,SEG_04,Super Corridor West (Airport to MR10),Expressway,4,85,446,85,8.4,Clear,22.6,0.0,0,0,0
2026-06-17 00:00,SEG_05,Bhawarkua Arterial (University to Tower Square),Collector,2,45,172,45,7.4,Clear,22.6,0.0,0,0,0
2026-06-17 00:00,SEG_06,MR-10 Expressway Link (Tigaria to Vijay Nagar),Expressway,3,70,424,67.9,9.2,Clear,22.6,0.0,0,0,0
2026-06-17 00:00,SEG_07,Annapurna Road Corridor (Ranjeet Hanuman to Mhow),Collector,2,40,155,39.0,7.7,Clear,22.6,0.0,0,0,0
2026-06-17 00:00,SEG_08,Vijay Nagar Central Junction (Brilliant to Scheme 54),Arterial,3,50,356,49.6,9.7,Clear,22.6,0.0,0,0,0
2026-06-17 02:00,SEG_01,AB Road Central (Palasia to Geeta Bhawan),Arterial,3,50,429,48.7,10.7,Clear,22.0,0.0,0,0,0
2026-06-17 02:00,SEG_02,Eastern Bypass Corridor (Rau to Kanadia),Highway,4,80,1390,70.0,25.9,Clear,22.0,0.0,0,0,0
2026-06-17 02:00,SEG_03,Ring Road Section 3 (Robot Square to Radisson),Arterial,3,55,319,54.3,10.2,Clear,22.0,0.0,0,0,0
2026-06-17 02:00,SEG_04,Super Corridor West (Airport to MR10),Expressway,4,85,695,80.8,10.2,Clear,22.0,0.0,0,0,0
2026-06-17 02:00,SEG_05,Bhawarkua Arterial (University to Tower Square),Collector,2,45,198,44.9,11.4,Clear,22.0,0.0,0,0,0
2026-06-17 02:00,SEG_06,MR-10 Expressway Link (Tigaria to Vijay Nagar),Expressway,3,70,420,69.7,10.0,Clear,22.0,0.0,0,0,0
2026-06-17 02:00,SEG_07,Annapurna Road Corridor (Ranjeet Hanuman to Mhow),Collector,2,40,171,39.6,6.3,Clear,22.0,0.0,0,0,0
2026-06-17 02:00,SEG_08,Vijay Nagar Central Junction (Brilliant to Scheme 54),Arterial,3,50,422,48.9,11.0,Clear,22.0,0.0,0,0,0
2026-06-17 04:00,SEG_01,AB Road Central (Palasia to Geeta Bhawan),Arterial,3,50,329,49.4,6.8,Cloudy,24.4,0.0,0,0,0
2026-06-17 04:00,SEG_02,Eastern Bypass Corridor (Rau to Kanadia),Highway,4,80,1099,74.4,14.3,Cloudy,24.4,0.0,0,0,0
2026-06-17 04:00,SEG_03,Ring Road Section 3 (Robot Square to Radisson),Arterial,3,55,383,54.8,7.4,Cloudy,24.4,0.0,0,0,0
2026-06-17 04:00,SEG_04,Super Corridor West (Airport to MR10),Expressway,4,85,835,82.8,8.8,Cloudy,24.4,0.0,0,0,0
2026-06-17 04:00,SEG_05,Bhawarkua Arterial (University to Tower Square),Collector,2,45,236,45,10.9,Cloudy,24.4,0.0,0,0,0
2026-06-17 04:00,SEG_06,MR-10 Expressway Link (Tigaria to Vijay Nagar),Expressway,3,70,475,66.9,8.1,Cloudy,24.4,0.0,0,0,0
2026-06-17 04:00,SEG_07,Annapurna Road Corridor (Ranjeet Hanuman to Mhow),Collector,2,40,154,40,7.9,Cloudy,24.4,0.0,0,0,0
2026-06-17 04:00,SEG_08,Vijay Nagar Central Junction (Brilliant to Scheme 54),Arterial,3,50,341,49.1,10.2,Cloudy,24.4,0.0,0,0,0
2026-06-17 06:00,SEG_01,AB Road Central (Palasia to Geeta Bhawan),Arterial,3,50,1258,29.4,43.5,Rainy,23.3,12.4,0,0,1
2026-06-17 06:00,SEG_02,Eastern Bypass Corridor (Rau to Kanadia),Highway,4,80,2231,49.3,43.8,Rainy,23.3,12.4,0,0,1
2026-06-17 06:00,SEG_03,Ring Road Section 3 (Robot Square to Radisson),Arterial,3,55,1126,33.7,41.2,Rainy,23.3,12.4,0,0,1
2026-06-17 06:00,SEG_04,Super Corridor West (Airport to MR10),Expressway,4,85,2388,51.0,40.8,Rainy,23.3,12.4,0,0,1
2026-06-17 06:00,SEG_05,Bhawarkua Arterial (University to Tower Square),Collector,2,45,790,27.1,44.4,Rainy,23.3,12.4,0,0,1
2026-06-17 06:00,SEG_06,MR-10 Expressway Link (Tigaria to Vijay Nagar),Expressway,3,70,1480,43.5,42.5,Rainy,23.3,12.4,0,0,1
2026-06-17 06:00,SEG_07,Annapurna Road Corridor (Ranjeet Hanuman to Mhow),Collector,2,40,665,22.9,46.7,Rainy,23.3,12.4,0,0,1
2026-06-17 06:00,SEG_08,Vijay Nagar Central Junction (Brilliant to Scheme 54),Arterial,3,50,1484,28.5,47.5,Rainy,23.3,12.4,0,0,1
2026-06-17 08:00,SEG_01,AB Road Central (Palasia to Geeta Bhawan),Arterial,3,50,2223,18.5,73.9,Clear,32.2,0.0,0,0,2
2026-06-17 08:00,SEG_02,Eastern Bypass Corridor (Rau to Kanadia),Highway,4,80,4428,19.4,85.2,Clear,32.2,0.0,0,0,3
2026-06-17 08:00,SEG_03,Ring Road Section 3 (Robot Square to Radisson),Arterial,3,55,2417,11.3,86.1,Clear,32.2,0.0,0,0,3
2026-06-17 08:00,SEG_04,Super Corridor West (Airport to MR10),Expressway,4,85,5335,15.9,93.8,Clear,32.2,0.0,0,0,3
2026-06-17 08:00,SEG_05,Bhawarkua Arterial (University to Tower Square),Collector,2,45,1482,10.0,88.9,Clear,32.2,0.0,0,0,3
2026-06-17 08:00,SEG_06,MR-10 Expressway Link (Tigaria to Vijay Nagar),Expressway,3,70,2913,21.2,80.2,Clear,32.2,0.0,0,0,3
2026-06-17 08:00,SEG_07,Annapurna Road Corridor (Ranjeet Hanuman to Mhow),Collector,2,40,1184,16.0,75.4,Clear,32.2,0.0,0,0,2
2026-06-17 08:00,SEG_08,Vijay Nagar Central Junction (Brilliant to Scheme 54),Arterial,3,50,2361,17.3,75.0,Clear,32.2,0.0,0,0,2
2026-06-17 10:00,SEG_01,AB Road Central (Palasia to Geeta Bhawan),Arterial,3,50,2757,8.0,92.8,Clear,32.7,0.0,0,0,3
2026-06-17 10:00,SEG_02,Eastern Bypass Corridor (Rau to Kanadia),Highway,4,80,4658,15.3,93.8,Clear,32.7,0.0,0,0,3
2026-06-17 10:00,SEG_03,Ring Road Section 3 (Robot Square to Radisson),Arterial,3,55,2403,14.3,87.0,Clear,32.7,0.0,0,0,3
2026-06-17 10:00,SEG_04,Super Corridor West (Airport to MR10),Expressway,4,85,4895,21.2,86.1,Clear,32.7,0.0,0,0,3
2026-06-17 10:00,SEG_05,Bhawarkua Arterial (University to Tower Square),Collector,2,45,1288,14.0,76.1,Clear,32.7,0.0,0,0,2
2026-06-17 10:00,SEG_06,MR-10 Expressway Link (Tigaria to Vijay Nagar),Expressway,3,70,2849,21.1,79.6,Clear,32.7,0.0,0,0,3
2026-06-17 10:00,SEG_07,Annapurna Road Corridor (Ranjeet Hanuman to Mhow),Collector,2,40,1321,8.0,87.3,Clear,32.7,0.0,0,0,3
2026-06-17 10:00,SEG_08,Vijay Nagar Central Junction (Brilliant to Scheme 54),Arterial,3,50,2783,10.7,90.1,Clear,32.7,0.0,0,0,3
2026-06-17 12:00,SEG_01,AB Road Central (Palasia to Geeta Bhawan),Arterial,3,50,1725,31.4,53.3,Cloudy,28.2,0.0,0,0,1
2026-06-17 12:00,SEG_02,Eastern Bypass Corridor (Rau to Kanadia),Highway,4,80,3233,45.1,58.0,Cloudy,28.2,0.0,0,0,1
2026-06-17 12:00,SEG_03,Ring Road Section 3 (Robot Square to Radisson),Arterial,3,55,1624,33.0,54.6,Cloudy,28.2,0.0,0,0,1
2026-06-17 12:00,SEG_04,Super Corridor West (Airport to MR10),Expressway,4,85,3478,45.0,59.4,Cloudy,28.2,0.0,0,0,1
2026-06-17 12:00,SEG_05,Bhawarkua Arterial (University to Tower Square),Collector,2,45,820,31.6,42.3,Cloudy,28.2,0.0,0,0,1
2026-06-17 12:00,SEG_06,MR-10 Expressway Link (Tigaria to Vijay Nagar),Expressway,3,70,2287,35.0,63.2,Cloudy,28.2,0.0,0,0,2
2026-06-17 12:00,SEG_07,Annapurna Road Corridor (Ranjeet Hanuman to Mhow),Collector,2,40,871,25.4,52.4,Cloudy,28.2,0.0,0,0,1
2026-06-17 12:00,SEG_08,Vijay Nagar Central Junction (Brilliant to Scheme 54),Arterial,3,50,1616,33.5,50.9,Cloudy,28.2,0.0,0,0,1
2026-06-17 14:00,SEG_01,AB Road Central (Palasia to Geeta Bhawan),Arterial,3,50,1864,25.6,57.8,Clear,34.6,0.0,0,0,2
2026-06-17 14:00,SEG_02,Eastern Bypass Corridor (Rau to Kanadia),Highway,4,80,3343,39.6,64.0,Clear,34.6,0.0,0,0,2
2026-06-17 14:00,SEG_03,Ring Road Section 3 (Robot Square to Radisson),Arterial,3,55,1637,34.5,52.9,Clear,34.6,0.0,0,0,1
2026-06-17 14:00,SEG_04,Super Corridor West (Airport to MR10),Expressway,4,85,3366,48.9,59.3,Clear,34.6,0.0,0,0,1
2026-06-17 14:00,SEG_05,Bhawarkua Arterial (University to Tower Square),Collector,2,45,1058,23.9,63.5,Clear,34.6,0.0,0,0,2
2026-06-17 14:00,SEG_06,MR-10 Expressway Link (Tigaria to Vijay Nagar),Expressway,3,70,2208,38.8,57.6,Clear,34.6,0.0,0,0,1
2026-06-17 14:00,SEG_07,Annapurna Road Corridor (Ranjeet Hanuman to Mhow),Collector,2,40,990,22.1,60.8,Clear,34.6,0.0,0,0,2
2026-06-17 14:00,SEG_08,Vijay Nagar Central Junction (Brilliant to Scheme 54),Arterial,3,50,1793,29.4,58.3,Clear,34.6,0.0,0,0,1
2026-06-17 16:00,SEG_01,AB Road Central (Palasia to Geeta Bhawan),Arterial,3,50,1643,33.2,49.4,Clear,29.9,0.0,0,0,1
2026-06-17 16:00,SEG_02,Eastern Bypass Corridor (Rau to Kanadia),Highway,4,80,2831,52.0,48.8,Clear,29.9,0.0,0,0,1
2026-06-17 16:00,SEG_03,Ring Road Section 3 (Robot Square to Radisson),Arterial,3,55,1703,30.4,56.3,Clear,29.9,0.0,0,0,1
2026-06-17 16:00,SEG_04,Super Corridor West (Airport to MR10),Expressway,4,85,3148,51.4,51.4,Clear,29.9,0.0,0,0,1
2026-06-17 16:00,SEG_05,Bhawarkua Arterial (University to Tower Square),Collector,2,45,1059,21.5,62.8,Clear,29.9,0.0,0,0,2
2026-06-17 16:00,SEG_06,MR-10 Expressway Link (Tigaria to Vijay Nagar),Expressway,3,70,2074,41.4,54.1,Clear,29.9,0.0,0,0,1
2026-06-17 16:00,SEG_07,Annapurna Road Corridor (Ranjeet Hanuman to Mhow),Collector,2,40,781,25.5,47.3,Clear,29.9,0.0,0,0,1
2026-06-17 16:00,SEG_08,Vijay Nagar Central Junction (Brilliant to Scheme 54),Arterial,3,50,1566,32.9,46.2,Clear,29.9,0.0,0,0,1
2026-06-17 18:00,SEG_01,AB Road Central (Palasia to Geeta Bhawan),Arterial,3,50,2584,11.3,85.8,Clear,27.9,0.0,0,0,3
2026-06-17 18:00,SEG_02,Eastern Bypass Corridor (Rau to Kanadia),Highway,4,80,4414,18.1,86.0,Clear,27.9,0.0,0,0,3
2026-06-17 18:00,SEG_03,Ring Road Section 3 (Robot Square to Radisson),Arterial,3,55,2633,9.6,92.9,Clear,27.9,0.0,0,0,3
2026-06-17 18:00,SEG_04,Super Corridor West (Airport to MR10),Expressway,4,85,5334,13.5,94.5,Clear,27.9,0.0,0,0,3
2026-06-17 18:00,SEG_05,Bhawarkua Arterial (University to Tower Square),Collector,2,45,1692,8.0,98.0,Clear,27.9,0.0,0,0,3
2026-06-17 18:00,SEG_06,MR-10 Expressway Link (Tigaria to Vijay Nagar),Expressway,3,70,3223,12.8,93.9,Clear,27.9,0.0,0,0,3
2026-06-17 18:00,SEG_07,Annapurna Road Corridor (Ranjeet Hanuman to Mhow),Collector,2,40,1426,8.7,92.2,Clear,27.9,0.0,0,0,3
2026-06-17 18:00,SEG_08,Vijay Nagar Central Junction (Brilliant to Scheme 54),Arterial,3,50,3176,8.0,98.0,Clear,27.9,0.0,0,0,3
2026-06-17 20:00,SEG_01,AB Road Central (Palasia to Geeta Bhawan),Arterial,3,50,2858,9.7,93.5,Clear,23.6,0.0,0,0,3
2026-06-17 20:00,SEG_02,Eastern Bypass Corridor (Rau to Kanadia),Highway,4,80,5453,13.6,98.0,Clear,23.6,0.0,0,0,3
2026-06-17 20:00,SEG_03,Ring Road Section 3 (Robot Square to Radisson),Arterial,3,55,2626,9.9,91.9,Clear,23.6,0.0,0,0,3
2026-06-17 20:00,SEG_04,Super Corridor West (Airport to MR10),Expressway,4,85,5799,14.3,98.0,Clear,23.6,0.0,0,0,3
2026-06-17 20:00,SEG_05,Bhawarkua Arterial (University to Tower Square),Collector,2,45,1445,10.3,88.0,Clear,23.6,0.0,0,0,3
2026-06-17 20:00,SEG_06,MR-10 Expressway Link (Tigaria to Vijay Nagar),Expressway,3,70,3221,13.1,90.3,Clear,23.6,0.0,0,0,3
2026-06-17 20:00,SEG_07,Annapurna Road Corridor (Ranjeet Hanuman to Mhow),Collector,2,40,1183,15.9,74.4,Clear,23.6,0.0,0,0,2
2026-06-17 20:00,SEG_08,Vijay Nagar Central Junction (Brilliant to Scheme 54),Arterial,3,50,2631,10.2,87.7,Clear,23.6,0.0,0,0,3
2026-06-17 22:00,SEG_01,AB Road Central (Palasia to Geeta Bhawan),Arterial,3,50,1271,38.3,36.5,Clear,21.7,0.0,0,0,1
2026-06-17 22:00,SEG_02,Eastern Bypass Corridor (Rau to Kanadia),Highway,4,80,2718,51.9,47.7,Clear,21.7,0.0,0,0,1
2026-06-17 22:00,SEG_03,Ring Road Section 3 (Robot Square to Radisson),Arterial,3,55,1016,45.6,29.3,Clear,21.7,0.0,0,0,0
2026-06-17 22:00,SEG_04,Super Corridor West (Airport to MR10),Expressway,4,85,2663,58.9,46.2,Clear,21.7,0.0,0,0,1
2026-06-17 22:00,SEG_05,Bhawarkua Arterial (University to Tower Square),Collector,2,45,684,32.3,39.1,Clear,21.7,0.0,0,0,1
2026-06-17 22:00,SEG_06,MR-10 Expressway Link (Tigaria to Vijay Nagar),Expressway,3,70,1690,48.5,45.7,Clear,21.7,0.0,0,0,1
2026-06-17 22:00,SEG_07,Annapurna Road Corridor (Ranjeet Hanuman to Mhow),Collector,2,40,673,28.4,40.0,Clear,21.7,0.0,0,0,1
2026-06-17 22:00,SEG_08,Vijay Nagar Central Junction (Brilliant to Scheme 54),Arterial,3,50,1398,34.1,44.0,Clear,21.7,0.0,0,0,1
2026-06-18 00:00,SEG_01,AB Road Central (Palasia to Geeta Bhawan),Arterial,3,50,391,39.7,15.3,Rainy,23.3,10.1,0,0,0
2026-06-18 00:00,SEG_02,Eastern Bypass Corridor (Rau to Kanadia),Highway,4,80,1344,59.1,24.5,Rainy,23.3,10.1,0,0,0
2026-06-18 00:00,SEG_03,Ring Road Section 3 (Robot Square to Radisson),Arterial,3,55,256,45.7,14.3,Rainy,23.3,10.1,0,0,0
2026-06-18 00:00,SEG_04,Super Corridor West (Airport to MR10),Expressway,4,85,819,66.4,19.0,Rainy,23.3,10.1,0,0,0
2026-06-18 00:00,SEG_05,Bhawarkua Arterial (University to Tower Square),Collector,2,45,207,37.3,14.7,Rainy,23.3,10.1,0,0,0
2026-06-18 00:00,SEG_06,MR-10 Expressway Link (Tigaria to Vijay Nagar),Expressway,3,70,285,54.9,10.4,Rainy,23.3,10.1,0,0,0
2026-06-18 00:00,SEG_07,Annapurna Road Corridor (Ranjeet Hanuman to Mhow),Collector,2,40,181,32.7,14.0,Rainy,23.3,10.1,0,0,0
2026-06-18 00:00,SEG_08,Vijay Nagar Central Junction (Brilliant to Scheme 54),Arterial,3,50,384,38.2,18.7,Rainy,23.3,10.1,0,0,0
2026-06-18 02:00,SEG_01,AB Road Central (Palasia to Geeta Bhawan),Arterial,3,50,324,47.3,7.7,Clear,23.9,0.0,0,0,0
2026-06-18 02:00,SEG_02,Eastern Bypass Corridor (Rau to Kanadia),Highway,4,80,1426,69.9,24.8,Clear,23.9,0.0,0,0,0
2026-06-18 02:00,SEG_03,Ring Road Section 3 (Robot Square to Radisson),Arterial,3,55,330,54.1,9.0,Clear,23.9,0.0,0,0,0
2026-06-18 02:00,SEG_04,Super Corridor West (Airport to MR10),Expressway,4,85,506,81.4,5.6,Clear,23.9,0.0,0,0,0
2026-06-18 02:00,SEG_05,Bhawarkua Arterial (University to Tower Square),Collector,2,45,255,43.9,12.5,Clear,23.9,0.0,0,0,0
2026-06-18 02:00,SEG_06,MR-10 Expressway Link (Tigaria to Vijay Nagar),Expressway,3,70,378,66.1,8.5,Clear,23.9,0.0,0,0,0
2026-06-18 02:00,SEG_07,Annapurna Road Corridor (Ranjeet Hanuman to Mhow),Collector,2,40,188,39.5,9.3,Clear,23.9,0.0,0,0,0
2026-06-18 02:00,SEG_08,Vijay Nagar Central Junction (Brilliant to Scheme 54),Arterial,3,50,396,47.4,8.3,Clear,23.9,0.0,0,0,0
2026-06-18 04:00,SEG_01,AB Road Central (Palasia to Geeta Bhawan),Arterial,3,50,313,50,8.9,Cloudy,24.3,1.4,0,0,0
2026-06-18 04:00,SEG_02,Eastern Bypass Corridor (Rau to Kanadia),Highway,4,80,1288,71.1,22.1,Cloudy,24.3,1.4,0,0,0
2026-06-18 04:00,SEG_03,Ring Road Section 3 (Robot Square to Radisson),Arterial,3,55,415,53.8,9.3,Cloudy,24.3,1.4,0,0,0
2026-06-18 04:00,SEG_04,Super Corridor West (Airport to MR10),Expressway,4,85,590,83.8,5.7,Cloudy,24.3,1.4,0,0,0
2026-06-18 04:00,SEG_05,Bhawarkua Arterial (University to Tower Square),Collector,2,45,171,45,4.8,Cloudy,24.3,1.4,0,0,0
2026-06-18 04:00,SEG_06,MR-10 Expressway Link (Tigaria to Vijay Nagar),Expressway,3,70,326,67.2,7.8,Cloudy,24.3,1.4,0,0,0
2026-06-18 04:00,SEG_07,Annapurna Road Corridor (Ranjeet Hanuman to Mhow),Collector,2,40,210,37.0,10.2,Cloudy,24.3,1.4,0,0,0
2026-06-18 04:00,SEG_08,Vijay Nagar Central Junction (Brilliant to Scheme 54),Arterial,3,50,341,46.8,8.6,Cloudy,24.3,1.4,0,0,0
2026-06-18 06:00,SEG_01,AB Road Central (Palasia to Geeta Bhawan),Arterial,3,50,1286,31.1,42.3,Rainy,24.9,7.7,0,0,1
2026-06-18 06:00,SEG_02,Eastern Bypass Corridor (Rau to Kanadia),Highway,4,80,1930,53.0,35.0,Rainy,24.9,7.7,0,0,1
2026-06-18 06:00,SEG_03,Ring Road Section 3 (Robot Square to Radisson),Arterial,3,55,1004,37.2,33.1,Rainy,24.9,7.7,0,0,1
2026-06-18 06:00,SEG_04,Super Corridor West (Airport to MR10),Expressway,4,85,2819,48.3,48.8,Rainy,24.9,7.7,0,0,1
2026-06-18 06:00,SEG_05,Bhawarkua Arterial (University to Tower Square),Collector,2,45,682,28.4,41.4,Rainy,24.9,7.7,0,0,1
2026-06-18 06:00,SEG_06,MR-10 Expressway Link (Tigaria to Vijay Nagar),Expressway,3,70,1274,44.7,38.9,Rainy,24.9,7.7,0,0,1
2026-06-18 06:00,SEG_07,Annapurna Road Corridor (Ranjeet Hanuman to Mhow),Collector,2,40,611,23.9,40.6,Rainy,24.9,7.7,0,0,1
2026-06-18 06:00,SEG_08,Vijay Nagar Central Junction (Brilliant to Scheme 54),Arterial,3,50,1302,32.2,39.8,Rainy,24.9,7.7,0,0,1
2026-06-18 08:00,SEG_01,AB Road Central (Palasia to Geeta Bhawan),Arterial,3,50,2545,12.2,87.7,Clear,29.6,0.0,0,0,3
2026-06-18 08:00,SEG_02,Eastern Bypass Corridor (Rau to Kanadia),Highway,4,80,4461,17.1,85.0,Clear,29.6,0.0,0,0,3
2026-06-18 08:00,SEG_03,Ring Road Section 3 (Robot Square to Radisson),Arterial,3,55,2603,8.4,96.3,Clear,29.6,0.0,0,0,3
2026-06-18 08:00,SEG_04,Super Corridor West (Airport to MR10),Expressway,4,85,5626,14.0,98.0,Clear,29.6,0.0,0,0,3
2026-06-18 08:00,SEG_05,Bhawarkua Arterial (University to Tower Square),Collector,2,45,1486,8.8,89.7,Clear,29.6,0.0,0,0,3
2026-06-18 08:00,SEG_06,MR-10 Expressway Link (Tigaria to Vijay Nagar),Expressway,3,70,3161,14.6,90.9,Clear,29.6,0.0,0,0,3
2026-06-18 08:00,SEG_07,Annapurna Road Corridor (Ranjeet Hanuman to Mhow),Collector,2,40,1508,8.0,93.6,Clear,29.6,0.0,0,0,3
2026-06-18 08:00,SEG_08,Vijay Nagar Central Junction (Brilliant to Scheme 54),Arterial,3,50,2660,9.2,89.5,Clear,29.6,0.0,0,0,3
2026-06-18 10:00,SEG_01,AB Road Central (Palasia to Geeta Bhawan),Arterial,3,50,2361,16.0,76.1,Cloudy,29.6,0.0,0,0,2
2026-06-18 10:00,SEG_02,Eastern Bypass Corridor (Rau to Kanadia),Highway,4,80,4672,13.7,91.3,Cloudy,29.6,0.0,0,0,3
2026-06-18 10:00,SEG_03,Ring Road Section 3 (Robot Square to Radisson),Arterial,3,55,2491,10.6,91.4,Cloudy,29.6,0.0,0,0,3
2026-06-18 10:00,SEG_04,Super Corridor West (Airport to MR10),Expressway,4,85,4806,21.1,85.7,Cloudy,29.6,0.0,0,0,3
2026-06-18 10:00,SEG_05,Bhawarkua Arterial (University to Tower Square),Collector,2,45,1497,8.4,91.2,Cloudy,29.6,0.0,0,0,3
2026-06-18 10:00,SEG_06,MR-10 Expressway Link (Tigaria to Vijay Nagar),Expressway,3,70,3176,13.4,89.3,Cloudy,29.6,0.0,0,0,3
2026-06-18 10:00,SEG_07,Annapurna Road Corridor (Ranjeet Hanuman to Mhow),Collector,2,40,1136,8.0,82.4,Cloudy,29.6,0.0,1,0,3
2026-06-18 10:00,SEG_08,Vijay Nagar Central Junction (Brilliant to Scheme 54),Arterial,3,50,2613,12.4,89.1,Cloudy,29.6,0.0,0,0,3
2026-06-18 12:00,SEG_01,AB Road Central (Palasia to Geeta Bhawan),Arterial,3,50,2027,25.3,61.6,Cloudy,28.2,1.3,0,0,2
2026-06-18 12:00,SEG_02,Eastern Bypass Corridor (Rau to Kanadia),Highway,4,80,2932,48.2,50.4,Cloudy,28.2,1.3,0,0,1
2026-06-18 12:00,SEG_03,Ring Road Section 3 (Robot Square to Radisson),Arterial,3,55,1750,30.8,55.9,Cloudy,28.2,1.3,0,0,1
2026-06-18 12:00,SEG_04,Super Corridor West (Airport to MR10),Expressway,4,85,3689,42.6,60.3,Cloudy,28.2,1.3,0,0,2
2026-06-18 12:00,SEG_05,Bhawarkua Arterial (University to Tower Square),Collector,2,45,865,28.0,47.8,Cloudy,28.2,1.3,0,0,1
2026-06-18 12:00,SEG_06,MR-10 Expressway Link (Tigaria to Vijay Nagar),Expressway,3,70,2219,36.8,59.8,Cloudy,28.2,1.3,0,0,2
2026-06-18 12:00,SEG_07,Annapurna Road Corridor (Ranjeet Hanuman to Mhow),Collector,2,40,883,23.0,52.9,Cloudy,28.2,1.3,0,0,1
2026-06-18 12:00,SEG_08,Vijay Nagar Central Junction (Brilliant to Scheme 54),Arterial,3,50,1727,29.9,51.2,Cloudy,28.2,1.3,0,0,1
2026-06-18 14:00,SEG_01,AB Road Central (Palasia to Geeta Bhawan),Arterial,3,50,1833,27.9,59.2,Cloudy,29.2,0.0,0,0,1
2026-06-18 14:00,SEG_02,Eastern Bypass Corridor (Rau to Kanadia),Highway,4,80,2759,51.7,52.3,Cloudy,29.2,0.0,0,0,1
2026-06-18 14:00,SEG_03,Ring Road Section 3 (Robot Square to Radisson),Arterial,3,55,1416,36.1,45.0,Cloudy,29.2,0.0,0,0,1
2026-06-18 14:00,SEG_04,Super Corridor West (Airport to MR10),Expressway,4,85,3449,48.7,57.2,Cloudy,29.2,0.0,0,0,1
2026-06-18 14:00,SEG_05,Bhawarkua Arterial (University to Tower Square),Collector,2,45,926,26.2,55.5,Cloudy,29.2,0.0,0,0,1
2026-06-18 14:00,SEG_06,MR-10 Expressway Link (Tigaria to Vijay Nagar),Expressway,3,70,1988,41.1,54.2,Cloudy,29.2,0.0,0,0,1
2026-06-18 14:00,SEG_07,Annapurna Road Corridor (Ranjeet Hanuman to Mhow),Collector,2,40,873,24.3,50.8,Cloudy,29.2,0.0,0,0,1
2026-06-18 14:00,SEG_08,Vijay Nagar Central Junction (Brilliant to Scheme 54),Arterial,3,50,1830,28.2,58.5,Cloudy,29.2,0.0,0,0,1
2026-06-18 16:00,SEG_01,AB Road Central (Palasia to Geeta Bhawan),Arterial,3,50,1923,27.3,57.7,Clear,30.1,0.0,0,0,2
2026-06-18 16:00,SEG_02,Eastern Bypass Corridor (Rau to Kanadia),Highway,4,80,2744,29.7,57.6,Clear,30.1,0.0,1,0,2
2026-06-18 16:00,SEG_03,Ring Road Section 3 (Robot Square to Radisson),Arterial,3,55,1506,36.3,51.8,Clear,30.1,0.0,0,0,1
2026-06-18 16:00,SEG_04,Super Corridor West (Airport to MR10),Expressway,4,85,3167,53.2,49.7,Clear,30.1,0.0,0,0,1
2026-06-18 16:00,SEG_05,Bhawarkua Arterial (University to Tower Square),Collector,2,45,953,26.3,55.3,Clear,30.1,0.0,0,0,1
2026-06-18 16:00,SEG_06,MR-10 Expressway Link (Tigaria to Vijay Nagar),Expressway,3,70,2110,40.0,58.9,Clear,30.1,0.0,0,0,1
2026-06-18 16:00,SEG_07,Annapurna Road Corridor (Ranjeet Hanuman to Mhow),Collector,2,40,826,26.7,50.1,Clear,30.1,0.0,0,0,1
2026-06-18 16:00,SEG_08,Vijay Nagar Central Junction (Brilliant to Scheme 54),Arterial,3,50,1725,30.0,55.3,Clear,30.1,0.0,0,0,1
2026-06-18 18:00,SEG_01,AB Road Central (Palasia to Geeta Bhawan),Arterial,3,50,2847,10.4,93.3,Cloudy,26.7,0.0,0,0,3
2026-06-18 18:00,SEG_02,Eastern Bypass Corridor (Rau to Kanadia),Highway,4,80,5386,13.2,98.0,Cloudy,26.7,0.0,0,0,3
2026-06-18 18:00,SEG_03,Ring Road Section 3 (Robot Square to Radisson),Arterial,3,55,2195,19.2,78.7,Cloudy,26.7,0.0,0,0,2
2026-06-18 18:00,SEG_04,Super Corridor West (Airport to MR10),Expressway,4,85,5011,18.6,90.7,Cloudy,26.7,0.0,0,0,3
2026-06-18 18:00,SEG_05,Bhawarkua Arterial (University to Tower Square),Collector,2,45,1272,17.8,72.8,Cloudy,26.7,0.0,0,0,2
2026-06-18 18:00,SEG_06,MR-10 Expressway Link (Tigaria to Vijay Nagar),Expressway,3,70,2993,16.4,87.4,Cloudy,26.7,0.0,0,0,3
2026-06-18 18:00,SEG_07,Annapurna Road Corridor (Ranjeet Hanuman to Mhow),Collector,2,40,1313,11.0,86.0,Cloudy,26.7,0.0,0,0,3
2026-06-18 18:00,SEG_08,Vijay Nagar Central Junction (Brilliant to Scheme 54),Arterial,3,50,2360,15.0,81.3,Cloudy,26.7,0.0,0,0,2
2026-06-18 20:00,SEG_01,AB Road Central (Palasia to Geeta Bhawan),Arterial,3,50,2828,10.4,96.0,Clear,26.4,0.0,0,0,3
2026-06-18 20:00,SEG_02,Eastern Bypass Corridor (Rau to Kanadia),Highway,4,80,4724,13.5,94.8,Clear,26.4,0.0,0,0,3
2026-06-18 20:00,SEG_03,Ring Road Section 3 (Robot Square to Radisson),Arterial,3,55,2741,10.9,94.0,Clear,26.4,0.0,0,0,3
2026-06-18 20:00,SEG_04,Super Corridor West (Airport to MR10),Expressway,4,85,5108,14.5,89.9,Clear,26.4,0.0,0,0,3
2026-06-18 20:00,SEG_05,Bhawarkua Arterial (University to Tower Square),Collector,2,45,1369,12.3,80.8,Clear,26.4,0.0,0,0,3
2026-06-18 20:00,SEG_06,MR-10 Expressway Link (Tigaria to Vijay Nagar),Expressway,3,70,3272,12.5,90.7,Clear,26.4,0.0,0,0,3
2026-06-18 20:00,SEG_07,Annapurna Road Corridor (Ranjeet Hanuman to Mhow),Collector,2,40,1571,8.3,97.3,Clear,26.4,0.0,0,0,3
2026-06-18 20:00,SEG_08,Vijay Nagar Central Junction (Brilliant to Scheme 54),Arterial,3,50,2555,12.3,86.8,Clear,26.4,0.0,0,0,3
2026-06-18 22:00,SEG_01,AB Road Central (Palasia to Geeta Bhawan),Arterial,3,50,1098,40.8,30.8,Clear,21.9,0.0,0,0,0
2026-06-18 22:00,SEG_02,Eastern Bypass Corridor (Rau to Kanadia),Highway,4,80,2703,54.2,46.8,Clear,21.9,0.0,0,0,1
2026-06-18 22:00,SEG_03,Ring Road Section 3 (Robot Square to Radisson),Arterial,3,55,1229,42.3,41.1,Clear,21.9,0.0,0,0,1
2026-06-18 22:00,SEG_04,Super Corridor West (Airport to MR10),Expressway,4,85,2554,60.1,39.1,Clear,21.9,0.0,0,0,1
2026-06-18 22:00,SEG_05,Bhawarkua Arterial (University to Tower Square),Collector,2,45,691,35.6,36.6,Clear,21.9,0.0,0,0,1
2026-06-18 22:00,SEG_06,MR-10 Expressway Link (Tigaria to Vijay Nagar),Expressway,3,70,1587,49.4,44.0,Clear,21.9,0.0,0,0,1
2026-06-18 22:00,SEG_07,Annapurna Road Corridor (Ranjeet Hanuman to Mhow),Collector,2,40,678,28.8,40.1,Clear,21.9,0.0,0,0,1
2026-06-18 22:00,SEG_08,Vijay Nagar Central Junction (Brilliant to Scheme 54),Arterial,3,50,1369,36.9,40.0,Clear,21.9,0.0,0,0,1
2026-06-19 00:00,SEG_01,AB Road Central (Palasia to Geeta Bhawan),Arterial,3,50,351,48.9,7.8,Cloudy,20.6,1.2,0,0,0
2026-06-19 00:00,SEG_02,Eastern Bypass Corridor (Rau to Kanadia),Highway,4,80,1548,69.7,24.2,Cloudy,20.6,1.2,0,0,0
2026-06-19 00:00,SEG_03,Ring Road Section 3 (Robot Square to Radisson),Arterial,3,55,267,55,4.3,Cloudy,20.6,1.2,0,0,0
2026-06-19 00:00,SEG_04,Super Corridor West (Airport to MR10),Expressway,4,85,839,79.1,12.5,Cloudy,20.6,1.2,0,0,0
2026-06-19 00:00,SEG_05,Bhawarkua Arterial (University to Tower Square),Collector,2,45,219,45,6.8,Cloudy,20.6,1.2,0,0,0
2026-06-19 00:00,SEG_06,MR-10 Expressway Link (Tigaria to Vijay Nagar),Expressway,3,70,379,68.3,6.3,Cloudy,20.6,1.2,0,0,0
2026-06-19 00:00,SEG_07,Annapurna Road Corridor (Ranjeet Hanuman to Mhow),Collector,2,40,165,40,8.0,Cloudy,20.6,1.2,0,0,0
2026-06-19 00:00,SEG_08,Vijay Nagar Central Junction (Brilliant to Scheme 54),Arterial,3,50,270,50,6.3,Cloudy,20.6,1.2,0,0,0
2026-06-19 02:00,SEG_01,AB Road Central (Palasia to Geeta Bhawan),Arterial,3,50,315,40.1,14.4,Rainy,23.5,22.5,0,0,0
2026-06-19 02:00,SEG_02,Eastern Bypass Corridor (Rau to Kanadia),Highway,4,80,1181,59.3,23.0,Rainy,23.5,22.5,0,0,0
2026-06-19 02:00,SEG_03,Ring Road Section 3 (Robot Square to Radisson),Arterial,3,55,328,45.1,15.5,Rainy,23.5,22.5,0,0,0
2026-06-19 02:00,SEG_04,Super Corridor West (Airport to MR10),Expressway,4,85,575,69.6,15.6,Rainy,23.5,22.5,0,0,0
2026-06-19 02:00,SEG_05,Bhawarkua Arterial (University to Tower Square),Collector,2,45,242,35.8,18.1,Rainy,23.5,22.5,0,0,0
2026-06-19 02:00,SEG_06,MR-10 Expressway Link (Tigaria to Vijay Nagar),Expressway,3,70,366,57.6,11.0,Rainy,23.5,22.5,0,0,0
2026-06-19 02:00,SEG_07,Annapurna Road Corridor (Ranjeet Hanuman to Mhow),Collector,2,40,164,31.1,14.8,Rainy,23.5,22.5,0,0,0
2026-06-19 02:00,SEG_08,Vijay Nagar Central Junction (Brilliant to Scheme 54),Arterial,3,50,274,38.9,13.9,Rainy,23.5,22.5,0,0,0
2026-06-19 04:00,SEG_01,AB Road Central (Palasia to Geeta Bhawan),Arterial,3,50,435,48.6,12.5,Clear,26.9,0.0,0,0,0
2026-06-19 04:00,SEG_02,Eastern Bypass Corridor (Rau to Kanadia),Highway,4,80,1080,72.8,19.9,Clear,26.9,0.0,0,0,0
2026-06-19 04:00,SEG_03,Ring Road Section 3 (Robot Square to Radisson),Arterial,3,55,306,53.1,7.2,Clear,26.9,0.0,0,0,0
2026-06-19 04:00,SEG_04,Super Corridor West (Airport to MR10),Expressway,4,85,814,79.9,11.4,Clear,26.9,0.0,0,0,0
2026-06-19 04:00,SEG_05,Bhawarkua Arterial (University to Tower Square),Collector,2,45,243,42.3,15.1,Clear,26.9,0.0,0,0,0
2026-06-19 04:00,SEG_06,MR-10 Expressway Link (Tigaria to Vijay Nagar),Expressway,3,70,516,65.6,13.2,Clear,26.9,0.0,0,0,0
2026-06-19 04:00,SEG_07,Annapurna Road Corridor (Ranjeet Hanuman to Mhow),Collector,2,40,226,36.7,14.0,Clear,26.9,0.0,0,0,0
2026-06-19 04:00,SEG_08,Vijay Nagar Central Junction (Brilliant to Scheme 54),Arterial,3,50,430,47.9,11.1,Clear,26.9,0.0,0,0,0
2026-06-19 06:00,SEG_01,AB Road Central (Palasia to Geeta Bhawan),Arterial,3,50,1368,37.5,41.2,Clear,29.2,0.0,0,0,1
2026-06-19 06:00,SEG_02,Eastern Bypass Corridor (Rau to Kanadia),Highway,4,80,2169,59.5,35.7,Clear,29.2,0.0,0,0,1
2026-06-19 06:00,SEG_03,Ring Road Section 3 (Robot Square to Radisson),Arterial,3,55,1262,38.4,42.9,Clear,29.2,0.0,0,0,1
2026-06-19 06:00,SEG_04,Super Corridor West (Airport to MR10),Expressway,4,85,2632,61.6,39.8,Clear,29.2,0.0,0,0,1
2026-06-19 06:00,SEG_05,Bhawarkua Arterial (University to Tower Square),Collector,2,45,740,31.8,43.9,Clear,29.2,0.0,0,0,1
2026-06-19 06:00,SEG_06,MR-10 Expressway Link (Tigaria to Vijay Nagar),Expressway,3,70,1492,53.9,39.2,Clear,29.2,0.0,0,0,1
2026-06-19 06:00,SEG_07,Annapurna Road Corridor (Ranjeet Hanuman to Mhow),Collector,2,40,753,29.2,44.4,Clear,29.2,0.0,0,0,1
2026-06-19 06:00,SEG_08,Vijay Nagar Central Junction (Brilliant to Scheme 54),Arterial,3,50,1409,35.3,43.5,Clear,29.2,0.0,0,0,1
2026-06-19 08:00,SEG_01,AB Road Central (Palasia to Geeta Bhawan),Arterial,3,50,2614,10.4,90.3,Clear,30.1,0.0,0,0,3
2026-06-19 08:00,SEG_02,Eastern Bypass Corridor (Rau to Kanadia),Highway,4,80,3898,12.3,84.7,Clear,30.1,0.0,1,0,3
2026-06-19 08:00,SEG_03,Ring Road Section 3 (Robot Square to Radisson),Arterial,3,55,2266,16.6,82.7,Clear,30.1,0.0,0,0,3
2026-06-19 08:00,SEG_04,Super Corridor West (Airport to MR10),Expressway,4,85,4417,11.0,85.3,Clear,30.1,0.0,1,0,3
2026-06-19 08:00,SEG_05,Bhawarkua Arterial (University to Tower Square),Collector,2,45,1338,15.6,79.2,Clear,30.1,0.0,0,0,2
2026-06-19 08:00,SEG_06,MR-10 Expressway Link (Tigaria to Vijay Nagar),Expressway,3,70,3128,14.8,91.8,Clear,30.1,0.0,0,0,3
2026-06-19 08:00,SEG_07,Annapurna Road Corridor (Ranjeet Hanuman to Mhow),Collector,2,40,1018,10.4,70.1,Clear,30.1,0.0,1,0,3
2026-06-19 08:00,SEG_08,Vijay Nagar Central Junction (Brilliant to Scheme 54),Arterial,3,50,2609,10.4,86.5,Clear,30.1,0.0,0,0,3
2026-06-19 10:00,SEG_01,AB Road Central (Palasia to Geeta Bhawan),Arterial,3,50,2761,8.2,94.7,Cloudy,30.2,0.7,0,0,3
2026-06-19 10:00,SEG_02,Eastern Bypass Corridor (Rau to Kanadia),Highway,4,80,4448,17.7,85.0,Cloudy,30.2,0.7,0,0,3
2026-06-19 10:00,SEG_03,Ring Road Section 3 (Robot Square to Radisson),Arterial,3,55,2679,9.5,95.4,Cloudy,30.2,0.7,0,0,3
2026-06-19 10:00,SEG_04,Super Corridor West (Airport to MR10),Expressway,4,85,4974,19.3,88.2,Cloudy,30.2,0.7,0,0,3
2026-06-19 10:00,SEG_05,Bhawarkua Arterial (University to Tower Square),Collector,2,45,1513,9.4,92.3,Cloudy,30.2,0.7,0,0,3
2026-06-19 10:00,SEG_06,MR-10 Expressway Link (Tigaria to Vijay Nagar),Expressway,3,70,3065,15.2,88.6,Cloudy,30.2,0.7,0,0,3
2026-06-19 10:00,SEG_07,Annapurna Road Corridor (Ranjeet Hanuman to Mhow),Collector,2,40,1012,10.6,72.2,Cloudy,30.2,0.7,1,0,3
2026-06-19 10:00,SEG_08,Vijay Nagar Central Junction (Brilliant to Scheme 54),Arterial,3,50,2588,13.5,84.6,Cloudy,30.2,0.7,0,0,3
2026-06-19 12:00,SEG_01,AB Road Central (Palasia to Geeta Bhawan),Arterial,3,50,1730,28.1,56.4,Clear,32.7,0.0,0,0,1
2026-06-19 12:00,SEG_02,Eastern Bypass Corridor (Rau to Kanadia),Highway,4,80,3014,46.5,52.2,Clear,32.7,0.0,0,0,1
2026-06-19 12:00,SEG_03,Ring Road Section 3 (Robot Square to Radisson),Arterial,3,55,1549,36.1,50.5,Clear,32.7,0.0,0,0,1
2026-06-19 12:00,SEG_04,Super Corridor West (Airport to MR10),Expressway,4,85,3209,49.9,52.6,Clear,32.7,0.0,0,0,1
2026-06-19 12:00,SEG_05,Bhawarkua Arterial (University to Tower Square),Collector,2,45,1027,22.7,63.0,Clear,32.7,0.0,0,0,2
2026-06-19 12:00,SEG_06,MR-10 Expressway Link (Tigaria to Vijay Nagar),Expressway,3,70,2071,40.3,53.8,Clear,32.7,0.0,0,0,1
2026-06-19 12:00,SEG_07,Annapurna Road Corridor (Ranjeet Hanuman to Mhow),Collector,2,40,936,21.9,56.1,Clear,32.7,0.0,0,0,1
2026-06-19 12:00,SEG_08,Vijay Nagar Central Junction (Brilliant to Scheme 54),Arterial,3,50,1551,33.4,46.3,Clear,32.7,0.0,0,0,1
2026-06-19 14:00,SEG_01,AB Road Central (Palasia to Geeta Bhawan),Arterial,3,50,2033,25.3,63.8,Clear,34.6,0.0,0,0,2
2026-06-19 14:00,SEG_02,Eastern Bypass Corridor (Rau to Kanadia),Highway,4,80,3447,40.0,61.2,Clear,34.6,0.0,0,0,2
2026-06-19 14:00,SEG_03,Ring Road Section 3 (Robot Square to Radisson),Arterial,3,55,1545,33.7,53.1,Clear,34.6,0.0,0,0,1
2026-06-19 14:00,SEG_04,Super Corridor West (Airport to MR10),Expressway,4,85,3196,52.2,52.2,Clear,34.6,0.0,0,0,1
2026-06-19 14:00,SEG_05,Bhawarkua Arterial (University to Tower Square),Collector,2,45,979,27.8,52.4,Clear,34.6,0.0,0,0,1
2026-06-19 14:00,SEG_06,MR-10 Expressway Link (Tigaria to Vijay Nagar),Expressway,3,70,2005,40.6,51.3,Clear,34.6,0.0,0,0,1
2026-06-19 14:00,SEG_07,Annapurna Road Corridor (Ranjeet Hanuman to Mhow),Collector,2,40,777,26.6,45.1,Clear,34.6,0.0,0,0,1
2026-06-19 14:00,SEG_08,Vijay Nagar Central Junction (Brilliant to Scheme 54),Arterial,3,50,1706,31.9,55.1,Clear,34.6,0.0,0,0,1
2026-06-19 16:00,SEG_01,AB Road Central (Palasia to Geeta Bhawan),Arterial,3,50,1578,25.0,53.0,Rainy,24.3,12.0,0,0,1
2026-06-19 16:00,SEG_02,Eastern Bypass Corridor (Rau to Kanadia),Highway,4,80,2940,38.5,55.5,Rainy,24.3,12.0,0,0,1
2026-06-19 16:00,SEG_03,Ring Road Section 3 (Robot Square to Radisson),Arterial,3,55,1389,32.0,51.2,Rainy,24.3,12.0,0,0,1
2026-06-19 16:00,SEG_04,Super Corridor West (Airport to MR10),Expressway,4,85,3243,40.3,58.5,Rainy,24.3,12.0,0,0,2
2026-06-19 16:00,SEG_05,Bhawarkua Arterial (University to Tower Square),Collector,2,45,907,22.4,57.2,Rainy,24.3,12.0,0,0,1
2026-06-19 16:00,SEG_06,MR-10 Expressway Link (Tigaria to Vijay Nagar),Expressway,3,70,1683,38.7,49.2,Rainy,24.3,12.0,0,0,1
2026-06-19 16:00,SEG_07,Annapurna Road Corridor (Ranjeet Hanuman to Mhow),Collector,2,40,896,18.1,57.4,Rainy,24.3,12.0,0,0,2
2026-06-19 16:00,SEG_08,Vijay Nagar Central Junction (Brilliant to Scheme 54),Arterial,3,50,1463,15.8,59.8,Rainy,24.3,12.0,1,0,2
2026-06-19 18:00,SEG_01,AB Road Central (Palasia to Geeta Bhawan),Arterial,3,50,2592,12.9,87.6,Clear,26.4,0.0,0,0,3
2026-06-19 18:00,SEG_02,Eastern Bypass Corridor (Rau to Kanadia),Highway,4,80,4489,18.1,89.9,Clear,26.4,0.0,0,0,3
2026-06-19 18:00,SEG_03,Ring Road Section 3 (Robot Square to Radisson),Arterial,3,55,2358,16.4,82.7,Clear,26.4,0.0,0,0,3
2026-06-19 18:00,SEG_04,Super Corridor West (Airport to MR10),Expressway,4,85,5221,14.0,92.4,Clear,26.4,0.0,0,0,3
2026-06-19 18:00,SEG_05,Bhawarkua Arterial (University to Tower Square),Collector,2,45,1673,9.6,98.0,Clear,26.4,0.0,0,0,3
2026-06-19 18:00,SEG_06,MR-10 Expressway Link (Tigaria to Vijay Nagar),Expressway,3,70,3221,10.7,94.1,Clear,26.4,0.0,0,0,3
2026-06-19 18:00,SEG_07,Annapurna Road Corridor (Ranjeet Hanuman to Mhow),Collector,2,40,1330,8.0,88.0,Clear,26.4,0.0,0,0,3
2026-06-19 18:00,SEG_08,Vijay Nagar Central Junction (Brilliant to Scheme 54),Arterial,3,50,2519,11.4,84.0,Clear,26.4,0.0,0,0,3
2026-06-19 20:00,SEG_01,AB Road Central (Palasia to Geeta Bhawan),Arterial,3,50,2853,8.6,95.7,Clear,25.6,0.0,0,0,3
2026-06-19 20:00,SEG_02,Eastern Bypass Corridor (Rau to Kanadia),Highway,4,80,4757,15.1,93.2,Clear,25.6,0.0,0,0,3
2026-06-19 20:00,SEG_03,Ring Road Section 3 (Robot Square to Radisson),Arterial,3,55,2727,8.0,95.6,Clear,25.6,0.0,0,0,3
2026-06-19 20:00,SEG_04,Super Corridor West (Airport to MR10),Expressway,4,85,4342,31.2,76.9,Clear,25.6,0.0,0,0,2
2026-06-19 20:00,SEG_05,Bhawarkua Arterial (University to Tower Square),Collector,2,45,1373,13.8,80.8,Clear,25.6,0.0,0,0,3
2026-06-19 20:00,SEG_06,MR-10 Expressway Link (Tigaria to Vijay Nagar),Expressway,3,70,3141,12.6,91.1,Clear,25.6,0.0,0,0,3
2026-06-19 20:00,SEG_07,Annapurna Road Corridor (Ranjeet Hanuman to Mhow),Collector,2,40,1377,8.0,90.5,Clear,25.6,0.0,0,0,3
2026-06-19 20:00,SEG_08,Vijay Nagar Central Junction (Brilliant to Scheme 54),Arterial,3,50,2787,8.3,91.2,Clear,25.6,0.0,0,0,3
2026-06-19 22:00,SEG_01,AB Road Central (Palasia to Geeta Bhawan),Arterial,3,50,1108,39.5,31.1,Clear,24.4,0.0,0,0,0
2026-06-19 22:00,SEG_02,Eastern Bypass Corridor (Rau to Kanadia),Highway,4,80,2623,55.2,46.6,Clear,24.4,0.0,0,0,1
2026-06-19 22:00,SEG_03,Ring Road Section 3 (Robot Square to Radisson),Arterial,3,55,1448,35.6,45.7,Clear,24.4,0.0,0,0,1
2026-06-19 22:00,SEG_04,Super Corridor West (Airport to MR10),Expressway,4,85,2779,59.8,44.7,Clear,24.4,0.0,0,0,1
2026-06-19 22:00,SEG_05,Bhawarkua Arterial (University to Tower Square),Collector,2,45,627,34.9,35.7,Clear,24.4,0.0,0,0,0
2026-06-19 22:00,SEG_06,MR-10 Expressway Link (Tigaria to Vijay Nagar),Expressway,3,70,1612,49.6,41.9,Clear,24.4,0.0,0,0,1
2026-06-19 22:00,SEG_07,Annapurna Road Corridor (Ranjeet Hanuman to Mhow),Collector,2,40,604,32.0,36.8,Clear,24.4,0.0,0,0,0
2026-06-19 22:00,SEG_08,Vijay Nagar Central Junction (Brilliant to Scheme 54),Arterial,3,50,1526,33.9,44.3,Clear,24.4,0.0,0,0,1
2026-06-20 00:00,SEG_01,AB Road Central (Palasia to Geeta Bhawan),Arterial,3,50,616,46.1,15.5,Cloudy,21.9,1.5,0,0,0
2026-06-20 00:00,SEG_02,Eastern Bypass Corridor (Rau to Kanadia),Highway,4,80,1770,67.0,27.6,Cloudy,21.9,1.5,0,0,0
2026-06-20 00:00,SEG_03,Ring Road Section 3 (Robot Square to Radisson),Arterial,3,55,602,52.0,17.8,Cloudy,21.9,1.5,0,0,0
2026-06-20 00:00,SEG_04,Super Corridor West (Airport to MR10),Expressway,4,85,1142,78.7,15.2,Cloudy,21.9,1.5,0,0,0
2026-06-20 00:00,SEG_05,Bhawarkua Arterial (University to Tower Square),Collector,2,45,324,41.4,19.4,Cloudy,21.9,1.5,0,0,0
2026-06-20 00:00,SEG_06,MR-10 Expressway Link (Tigaria to Vijay Nagar),Expressway,3,70,502,66.4,12.4,Cloudy,21.9,1.5,0,0,0
2026-06-20 00:00,SEG_07,Annapurna Road Corridor (Ranjeet Hanuman to Mhow),Collector,2,40,249,39.0,10.9,Cloudy,21.9,1.5,0,0,0
2026-06-20 00:00,SEG_08,Vijay Nagar Central Junction (Brilliant to Scheme 54),Arterial,3,50,629,45.9,15.3,Cloudy,21.9,1.5,0,0,0
2026-06-20 02:00,SEG_01,AB Road Central (Palasia to Geeta Bhawan),Arterial,3,50,534,42.5,14.7,Foggy,18.5,0.0,0,0,0
2026-06-20 02:00,SEG_02,Eastern Bypass Corridor (Rau to Kanadia),Highway,4,80,1291,61.2,24.4,Foggy,18.5,0.0,0,0,0
2026-06-20 02:00,SEG_03,Ring Road Section 3 (Robot Square to Radisson),Arterial,3,55,427,28.7,26.4,Foggy,18.5,0.0,1,0,1
2026-06-20 02:00,SEG_04,Super Corridor West (Airport to MR10),Expressway,4,85,905,72.0,14.4,Foggy,18.5,0.0,0,0,0
2026-06-20 02:00,SEG_05,Bhawarkua Arterial (University to Tower Square),Collector,2,45,213,36.9,15.8,Foggy,18.5,0.0,0,0,0
2026-06-20 02:00,SEG_06,MR-10 Expressway Link (Tigaria to Vijay Nagar),Expressway,3,70,452,58.8,16.4,Foggy,18.5,0.0,0,0,0
2026-06-20 02:00,SEG_07,Annapurna Road Corridor (Ranjeet Hanuman to Mhow),Collector,2,40,274,31.4,18.5,Foggy,18.5,0.0,0,0,0
2026-06-20 02:00,SEG_08,Vijay Nagar Central Junction (Brilliant to Scheme 54),Arterial,3,50,445,42.7,14.4,Foggy,18.5,0.0,0,0,0
2026-06-20 04:00,SEG_01,AB Road Central (Palasia to Geeta Bhawan),Arterial,3,50,408,47.2,8.9,Clear,25.7,0.0,0,0,0
2026-06-20 04:00,SEG_02,Eastern Bypass Corridor (Rau to Kanadia),Highway,4,80,1601,67.6,29.2,Clear,25.7,0.0,0,0,0
2026-06-20 04:00,SEG_03,Ring Road Section 3 (Robot Square to Radisson),Arterial,3,55,437,51.5,15.6,Clear,25.7,0.0,0,0,0
2026-06-20 04:00,SEG_04,Super Corridor West (Airport to MR10),Expressway,4,85,1056,79.0,14.9,Clear,25.7,0.0,0,0,0
2026-06-20 04:00,SEG_05,Bhawarkua Arterial (University to Tower Square),Collector,2,45,215,43.0,12.2,Clear,25.7,0.0,0,0,0
2026-06-20 04:00,SEG_06,MR-10 Expressway Link (Tigaria to Vijay Nagar),Expressway,3,70,614,65.9,11.9,Clear,25.7,0.0,0,0,0
2026-06-20 04:00,SEG_07,Annapurna Road Corridor (Ranjeet Hanuman to Mhow),Collector,2,40,268,38.6,12.8,Clear,25.7,0.0,0,0,0
2026-06-20 04:00,SEG_08,Vijay Nagar Central Junction (Brilliant to Scheme 54),Arterial,3,50,446,49.2,10.7,Clear,25.7,0.0,0,0,0
2026-06-20 06:00,SEG_01,AB Road Central (Palasia to Geeta Bhawan),Arterial,3,50,1630,30.1,50.4,Clear,26.2,0.0,0,0,1
2026-06-20 06:00,SEG_02,Eastern Bypass Corridor (Rau to Kanadia),Highway,4,80,2449,57.5,43.8,Clear,26.2,0.0,0,0,1
2026-06-20 06:00,SEG_03,Ring Road Section 3 (Robot Square to Radisson),Arterial,3,55,1361,36.9,46.5,Clear,26.2,0.0,0,0,1
2026-06-20 06:00,SEG_04,Super Corridor West (Airport to MR10),Expressway,4,85,2634,62.0,40.7,Clear,26.2,0.0,0,0,1
2026-06-20 06:00,SEG_05,Bhawarkua Arterial (University to Tower Square),Collector,2,45,742,19.8,52.0,Clear,26.2,0.0,1,0,2
2026-06-20 06:00,SEG_06,MR-10 Expressway Link (Tigaria to Vijay Nagar),Expressway,3,70,1427,52.5,34.4,Clear,26.2,0.0,0,0,1
2026-06-20 06:00,SEG_07,Annapurna Road Corridor (Ranjeet Hanuman to Mhow),Collector,2,40,686,29.0,38.1,Clear,26.2,0.0,0,0,1
2026-06-20 06:00,SEG_08,Vijay Nagar Central Junction (Brilliant to Scheme 54),Arterial,3,50,1301,38.5,40.2,Clear,26.2,0.0,0,0,1
2026-06-20 08:00,SEG_01,AB Road Central (Palasia to Geeta Bhawan),Arterial,3,50,1623,31.5,51.4,Clear,32.3,0.0,0,0,1
2026-06-20 08:00,SEG_02,Eastern Bypass Corridor (Rau to Kanadia),Highway,4,80,2440,55.3,45.0,Clear,32.3,0.0,0,0,1
2026-06-20 08:00,SEG_03,Ring Road Section 3 (Robot Square to Radisson),Arterial,3,55,1391,38.4,47.6,Clear,32.3,0.0,0,0,1
2026-06-20 08:00,SEG_04,Super Corridor West (Airport to MR10),Expressway,4,85,2828,58.4,43.4,Clear,32.3,0.0,0,0,1
2026-06-20 08:00,SEG_05,Bhawarkua Arterial (University to Tower Square),Collector,2,45,778,31.6,43.6,Clear,32.3,0.0,0,0,1
2026-06-20 08:00,SEG_06,MR-10 Expressway Link (Tigaria to Vijay Nagar),Expressway,3,70,1457,55.0,36.9,Clear,32.3,0.0,0,0,0
2026-06-20 08:00,SEG_07,Annapurna Road Corridor (Ranjeet Hanuman to Mhow),Collector,2,40,701,28.7,43.1,Clear,32.3,0.0,0,0,1
2026-06-20 08:00,SEG_08,Vijay Nagar Central Junction (Brilliant to Scheme 54),Arterial,3,50,1487,35.6,44.6,Clear,32.3,0.0,0,0,1
2026-06-20 10:00,SEG_01,AB Road Central (Palasia to Geeta Bhawan),Arterial,3,50,1324,36.3,41.6,Clear,34.0,0.0,0,0,1
2026-06-20 10:00,SEG_02,Eastern Bypass Corridor (Rau to Kanadia),Highway,4,80,2507,54.7,46.3,Clear,34.0,0.0,0,0,1
2026-06-20 10:00,SEG_03,Ring Road Section 3 (Robot Square to Radisson),Arterial,3,55,1286,40.4,40.2,Clear,34.0,0.0,0,0,1
2026-06-20 10:00,SEG_04,Super Corridor West (Airport to MR10),Expressway,4,85,2809,59.7,46.7,Clear,34.0,0.0,0,0,1
2026-06-20 10:00,SEG_05,Bhawarkua Arterial (University to Tower Square),Collector,2,45,762,34.1,39.7,Clear,34.0,0.0,0,0,1
2026-06-20 10:00,SEG_06,MR-10 Expressway Link (Tigaria to Vijay Nagar),Expressway,3,70,1750,49.2,42.8,Clear,34.0,0.0,0,0,1
2026-06-20 10:00,SEG_07,Annapurna Road Corridor (Ranjeet Hanuman to Mhow),Collector,2,40,626,30.6,38.2,Clear,34.0,0.0,0,0,1
2026-06-20 10:00,SEG_08,Vijay Nagar Central Junction (Brilliant to Scheme 54),Arterial,3,50,1731,28.8,57.4,Clear,34.0,0.0,0,0,1
2026-06-20 12:00,SEG_01,AB Road Central (Palasia to Geeta Bhawan),Arterial,3,50,2173,21.4,68.1,Clear,35.6,0.0,0,0,2
2026-06-20 12:00,SEG_02,Eastern Bypass Corridor (Rau to Kanadia),Highway,4,80,3595,37.0,69.1,Clear,35.6,0.0,0,0,2
2026-06-20 12:00,SEG_03,Ring Road Section 3 (Robot Square to Radisson),Arterial,3,55,2071,21.9,75.0,Clear,35.6,0.0,0,0,2
2026-06-20 12:00,SEG_04,Super Corridor West (Airport to MR10),Expressway,4,85,3820,40.5,64.1,Clear,35.6,0.0,0,0,2
2026-06-20 12:00,SEG_05,Bhawarkua Arterial (University to Tower Square),Collector,2,45,1033,25.5,56.9,Clear,35.6,0.0,0,0,1
2026-06-20 12:00,SEG_06,MR-10 Expressway Link (Tigaria to Vijay Nagar),Expressway,3,70,2563,28.0,73.3,Clear,35.6,0.0,0,0,2
2026-06-20 12:00,SEG_07,Annapurna Road Corridor (Ranjeet Hanuman to Mhow),Collector,2,40,1123,16.4,69.1,Clear,35.6,0.0,0,0,2
2026-06-20 12:00,SEG_08,Vijay Nagar Central Junction (Brilliant to Scheme 54),Arterial,3,50,2056,24.0,65.8,Clear,35.6,0.0,0,0,2
2026-06-20 14:00,SEG_01,AB Road Central (Palasia to Geeta Bhawan),Arterial,3,50,2085,21.4,65.7,Cloudy,28.7,0.0,0,0,2
2026-06-20 14:00,SEG_02,Eastern Bypass Corridor (Rau to Kanadia),Highway,4,80,3511,36.5,67.9,Cloudy,28.7,0.0,0,0,2
2026-06-20 14:00,SEG_03,Ring Road Section 3 (Robot Square to Radisson),Arterial,3,55,1790,29.6,59.2,Cloudy,28.7,0.0,0,0,2
2026-06-20 14:00,SEG_04,Super Corridor West (Airport to MR10),Expressway,4,85,4026,35.9,71.0,Cloudy,28.7,0.0,0,0,2
2026-06-20 14:00,SEG_05,Bhawarkua Arterial (University to Tower Square),Collector,2,45,1127,19.4,67.9,Cloudy,28.7,0.0,0,0,2
2026-06-20 14:00,SEG_06,MR-10 Expressway Link (Tigaria to Vijay Nagar),Expressway,3,70,2815,22.2,76.7,Cloudy,28.7,0.0,0,0,2
2026-06-20 14:00,SEG_07,Annapurna Road Corridor (Ranjeet Hanuman to Mhow),Collector,2,40,1041,20.6,62.9,Cloudy,28.7,0.0,0,0,2
2026-06-20 14:00,SEG_08,Vijay Nagar Central Junction (Brilliant to Scheme 54),Arterial,3,50,1874,26.4,61.5,Cloudy,28.7,0.0,0,0,2
2026-06-20 16:00,SEG_01,AB Road Central (Palasia to Geeta Bhawan),Arterial,3,50,1661,32.6,49.1,Clear,31.2,0.0,0,0,1
2026-06-20 16:00,SEG_02,Eastern Bypass Corridor (Rau to Kanadia),Highway,4,80,2409,57.9,43.6,Clear,31.2,0.0,0,0,1
2026-06-20 16:00,SEG_03,Ring Road Section 3 (Robot Square to Radisson),Arterial,3,55,1306,39.8,42.5,Clear,31.2,0.0,0,0,1
2026-06-20 16:00,SEG_04,Super Corridor West (Airport to MR10),Expressway,4,85,2478,61.9,37.3,Clear,31.2,0.0,0,0,1
2026-06-20 16:00,SEG_05,Bhawarkua Arterial (University to Tower Square),Collector,2,45,708,33.4,37.7,Clear,31.2,0.0,0,0,1
2026-06-20 16:00,SEG_06,MR-10 Expressway Link (Tigaria to Vijay Nagar),Expressway,3,70,2024,40.3,56.4,Clear,31.2,0.0,0,0,1
2026-06-20 16:00,SEG_07,Annapurna Road Corridor (Ranjeet Hanuman to Mhow),Collector,2,40,812,26.6,50.1,Clear,31.2,0.0,0,0,1
2026-06-20 16:00,SEG_08,Vijay Nagar Central Junction (Brilliant to Scheme 54),Arterial,3,50,1379,36.8,40.8,Clear,31.2,0.0,0,0,1
2026-06-20 18:00,SEG_01,AB Road Central (Palasia to Geeta Bhawan),Arterial,3,50,2542,12.2,83.5,Clear,26.6,0.0,0,0,3
2026-06-20 18:00,SEG_02,Eastern Bypass Corridor (Rau to Kanadia),Highway,4,80,3832,32.3,70.7,Clear,26.6,0.0,0,0,2
2026-06-20 18:00,SEG_03,Ring Road Section 3 (Robot Square to Radisson),Arterial,3,55,2547,10.2,94.2,Clear,26.6,0.0,0,0,3
2026-06-20 18:00,SEG_04,Super Corridor West (Airport to MR10),Expressway,4,85,4238,31.1,72.1,Clear,26.6,0.0,0,0,2
2026-06-20 18:00,SEG_05,Bhawarkua Arterial (University to Tower Square),Collector,2,45,1149,21.0,65.6,Clear,26.6,0.0,0,0,2
2026-06-20 18:00,SEG_06,MR-10 Expressway Link (Tigaria to Vijay Nagar),Expressway,3,70,2771,22.3,75.9,Clear,26.6,0.0,0,0,2
2026-06-20 18:00,SEG_07,Annapurna Road Corridor (Ranjeet Hanuman to Mhow),Collector,2,40,1178,15.3,74.3,Clear,26.6,0.0,0,0,2
2026-06-20 18:00,SEG_08,Vijay Nagar Central Junction (Brilliant to Scheme 54),Arterial,3,50,2516,15.1,84.4,Clear,26.6,0.0,0,0,3
2026-06-20 20:00,SEG_01,AB Road Central (Palasia to Geeta Bhawan),Arterial,3,50,2345,17.2,74.6,Clear,25.6,0.0,0,0,2
2026-06-20 20:00,SEG_02,Eastern Bypass Corridor (Rau to Kanadia),Highway,4,80,4681,13.5,90.2,Clear,25.6,0.0,0,0,3
2026-06-20 20:00,SEG_03,Ring Road Section 3 (Robot Square to Radisson),Arterial,3,55,2266,18.3,77.4,Clear,25.6,0.0,0,0,2
2026-06-20 20:00,SEG_04,Super Corridor West (Airport to MR10),Expressway,4,85,4662,26.1,82.8,Clear,25.6,0.0,0,0,3
2026-06-20 20:00,SEG_05,Bhawarkua Arterial (University to Tower Square),Collector,2,45,1361,12.7,79.8,Clear,25.6,0.0,0,0,3
2026-06-20 20:00,SEG_06,MR-10 Expressway Link (Tigaria to Vijay Nagar),Expressway,3,70,2666,24.9,73.7,Clear,25.6,0.0,0,0,2
2026-06-20 20:00,SEG_07,Annapurna Road Corridor (Ranjeet Hanuman to Mhow),Collector,2,40,1262,10.9,80.1,Clear,25.6,0.0,0,0,3
2026-06-20 20:00,SEG_08,Vijay Nagar Central Junction (Brilliant to Scheme 54),Arterial,3,50,2157,19.5,70.2,Clear,25.6,0.0,0,0,2
2026-06-20 22:00,SEG_01,AB Road Central (Palasia to Geeta Bhawan),Arterial,3,50,1307,38.8,40.6,Clear,22.2,0.0,0,0,1
2026-06-20 22:00,SEG_02,Eastern Bypass Corridor (Rau to Kanadia),Highway,4,80,3444,38.8,66.3,Clear,22.2,0.0,0,0,2
2026-06-20 22:00,SEG_03,Ring Road Section 3 (Robot Square to Radisson),Arterial,3,55,1340,39.7,40.1,Clear,22.2,0.0,0,0,1
2026-06-20 22:00,SEG_04,Super Corridor West (Airport to MR10),Expressway,4,85,2434,64.2,40.7,Clear,22.2,0.0,0,0,1
2026-06-20 22:00,SEG_05,Bhawarkua Arterial (University to Tower Square),Collector,2,45,891,28.9,50.2,Clear,22.2,0.0,0,0,1
2026-06-20 22:00,SEG_06,MR-10 Expressway Link (Tigaria to Vijay Nagar),Expressway,3,70,1543,53.6,36.4,Clear,22.2,0.0,0,0,1
2026-06-20 22:00,SEG_07,Annapurna Road Corridor (Ranjeet Hanuman to Mhow),Collector,2,40,684,27.6,40.4,Clear,22.2,0.0,0,0,1
2026-06-20 22:00,SEG_08,Vijay Nagar Central Junction (Brilliant to Scheme 54),Arterial,3,50,1444,35.4,42.9,Clear,22.2,0.0,0,0,1
2026-06-21 00:00,SEG_01,AB Road Central (Palasia to Geeta Bhawan),Arterial,3,50,505,46.5,12.7,Cloudy,22.1,0.0,0,0,0
2026-06-21 00:00,SEG_02,Eastern Bypass Corridor (Rau to Kanadia),Highway,4,80,1390,70.4,25.7,Cloudy,22.1,0.0,0,0,0
2026-06-21 00:00,SEG_03,Ring Road Section 3 (Robot Square to Radisson),Arterial,3,55,501,49.9,18.2,Cloudy,22.1,0.0,0,0,0
2026-06-21 00:00,SEG_04,Super Corridor West (Airport to MR10),Expressway,4,85,867,79.1,11.2,Cloudy,22.1,0.0,0,0,0
2026-06-21 00:00,SEG_05,Bhawarkua Arterial (University to Tower Square),Collector,2,45,305,40.6,17.1,Cloudy,22.1,0.0,0,0,0
2026-06-21 00:00,SEG_06,MR-10 Expressway Link (Tigaria to Vijay Nagar),Expressway,3,70,503,65.4,9.4,Cloudy,22.1,0.0,0,0,0
2026-06-21 00:00,SEG_07,Annapurna Road Corridor (Ranjeet Hanuman to Mhow),Collector,2,40,300,35.3,19.1,Cloudy,22.1,0.0,0,0,0
2026-06-21 00:00,SEG_08,Vijay Nagar Central Junction (Brilliant to Scheme 54),Arterial,3,50,411,47.0,12.7,Cloudy,22.1,0.0,0,0,0
2026-06-21 02:00,SEG_01,AB Road Central (Palasia to Geeta Bhawan),Arterial,3,50,480,38.7,19.1,Rainy,21.8,24.4,0,0,0
2026-06-21 02:00,SEG_02,Eastern Bypass Corridor (Rau to Kanadia),Highway,4,80,1273,60.1,25.3,Rainy,21.8,24.4,0,0,0
2026-06-21 02:00,SEG_03,Ring Road Section 3 (Robot Square to Radisson),Arterial,3,55,501,41.6,22.6,Rainy,21.8,24.4,0,0,0
2026-06-21 02:00,SEG_04,Super Corridor West (Airport to MR10),Expressway,4,85,798,66.6,20.2,Rainy,21.8,24.4,0,0,0
2026-06-21 02:00,SEG_05,Bhawarkua Arterial (University to Tower Square),Collector,2,45,258,36.8,19.7,Rainy,21.8,24.4,0,0,0
2026-06-21 02:00,SEG_06,MR-10 Expressway Link (Tigaria to Vijay Nagar),Expressway,3,70,428,55.5,17.4,Rainy,21.8,24.4,0,0,0
2026-06-21 02:00,SEG_07,Annapurna Road Corridor (Ranjeet Hanuman to Mhow),Collector,2,40,243,30.0,21.8,Rainy,21.8,24.4,0,0,0
2026-06-21 02:00,SEG_08,Vijay Nagar Central Junction (Brilliant to Scheme 54),Arterial,3,50,372,41.6,12.0,Rainy,21.8,24.4,0,0,0
2026-06-21 04:00,SEG_01,AB Road Central (Palasia to Geeta Bhawan),Arterial,3,50,440,47.9,11.2,Clear,26.7,0.0,0,0,0
2026-06-21 04:00,SEG_02,Eastern Bypass Corridor (Rau to Kanadia),Highway,4,80,1733,64.7,29.8,Clear,26.7,0.0,0,0,0
2026-06-21 04:00,SEG_03,Ring Road Section 3 (Robot Square to Radisson),Arterial,3,55,481,53.2,11.7,Clear,26.7,0.0,0,0,0
2026-06-21 04:00,SEG_04,Super Corridor West (Airport to MR10),Expressway,4,85,802,80.8,11.3,Clear,26.7,0.0,0,0,0
2026-06-21 04:00,SEG_05,Bhawarkua Arterial (University to Tower Square),Collector,2,45,295,43.1,16.2,Clear,26.7,0.0,0,0,0
2026-06-21 04:00,SEG_06,MR-10 Expressway Link (Tigaria to Vijay Nagar),Expressway,3,70,545,68.2,12.6,Clear,26.7,0.0,0,0,0
2026-06-21 04:00,SEG_07,Annapurna Road Corridor (Ranjeet Hanuman to Mhow),Collector,2,40,271,37.8,16.2,Clear,26.7,0.0,0,0,0
2026-06-21 04:00,SEG_08,Vijay Nagar Central Junction (Brilliant to Scheme 54),Arterial,3,50,416,47.6,11.8,Clear,26.7,0.0,0,0,0
2026-06-21 06:00,SEG_01,AB Road Central (Palasia to Geeta Bhawan),Arterial,3,50,1343,36.2,43.7,Clear,27.0,0.0,0,0,1
2026-06-21 06:00,SEG_02,Eastern Bypass Corridor (Rau to Kanadia),Highway,4,80,2634,55.2,48.5,Clear,27.0,0.0,0,0,1
2026-06-21 06:00,SEG_03,Ring Road Section 3 (Robot Square to Radisson),Arterial,3,55,1132,42.8,38.2,Clear,27.0,0.0,0,0,0
2026-06-21 06:00,SEG_04,Super Corridor West (Airport to MR10),Expressway,4,85,2759,58.4,46.1,Clear,27.0,0.0,0,0,1
2026-06-21 06:00,SEG_05,Bhawarkua Arterial (University to Tower Square),Collector,2,45,854,31.4,49.0,Clear,27.0,0.0,0,0,1
2026-06-21 06:00,SEG_06,MR-10 Expressway Link (Tigaria to Vijay Nagar),Expressway,3,70,1633,51.0,39.4,Clear,27.0,0.0,0,0,1
2026-06-21 06:00,SEG_07,Annapurna Road Corridor (Ranjeet Hanuman to Mhow),Collector,2,40,877,24.5,56.4,Clear,27.0,0.0,0,0,1
2026-06-21 06:00,SEG_08,Vijay Nagar Central Junction (Brilliant to Scheme 54),Arterial,3,50,1341,36.4,40.0,Clear,27.0,0.0,0,0,1
2026-06-21 08:00,SEG_01,AB Road Central (Palasia to Geeta Bhawan),Arterial,3,50,1380,34.7,44.3,Clear,32.3,0.0,0,0,1
2026-06-21 08:00,SEG_02,Eastern Bypass Corridor (Rau to Kanadia),Highway,4,80,3000,49.1,54.4,Clear,32.3,0.0,0,0,1
2026-06-21 08:00,SEG_03,Ring Road Section 3 (Robot Square to Radisson),Arterial,3,55,1365,38.0,44.5,Clear,32.3,0.0,0,0,1
2026-06-21 08:00,SEG_04,Super Corridor West (Airport to MR10),Expressway,4,85,3024,53.8,49.1,Clear,32.3,0.0,0,0,1
2026-06-21 08:00,SEG_05,Bhawarkua Arterial (University to Tower Square),Collector,2,45,870,30.6,47.5,Clear,32.3,0.0,0,0,1
2026-06-21 08:00,SEG_06,MR-10 Expressway Link (Tigaria to Vijay Nagar),Expressway,3,70,1597,49.4,43.6,Clear,32.3,0.0,0,0,1
2026-06-21 08:00,SEG_07,Annapurna Road Corridor (Ranjeet Hanuman to Mhow),Collector,2,40,855,24.7,52.7,Clear,32.3,0.0,0,0,1
2026-06-21 08:00,SEG_08,Vijay Nagar Central Junction (Brilliant to Scheme 54),Arterial,3,50,1413,33.9,42.7,Clear,32.3,0.0,0,0,1
2026-06-21 10:00,SEG_01,AB Road Central (Palasia to Geeta Bhawan),Arterial,3,50,1477,35.4,47.0,Clear,34.7,0.0,0,0,1
2026-06-21 10:00,SEG_02,Eastern Bypass Corridor (Rau to Kanadia),Highway,4,80,2488,57.3,44.9,Clear,34.7,0.0,0,0,1
2026-06-21 10:00,SEG_03,Ring Road Section 3 (Robot Square to Radisson),Arterial,3,55,1287,39.9,43.1,Clear,34.7,0.0,0,0,1
2026-06-21 10:00,SEG_04,Super Corridor West (Airport to MR10),Expressway,4,85,2532,60.9,43.7,Clear,34.7,0.0,0,0,1
2026-06-21 10:00,SEG_05,Bhawarkua Arterial (University to Tower Square),Collector,2,45,850,31.1,45.5,Clear,34.7,0.0,0,0,1
2026-06-21 10:00,SEG_06,MR-10 Expressway Link (Tigaria to Vijay Nagar),Expressway,3,70,1600,50.6,40.8,Clear,34.7,0.0,0,0,1
2026-06-21 10:00,SEG_07,Annapurna Road Corridor (Ranjeet Hanuman to Mhow),Collector,2,40,742,28.7,41.3,Clear,34.7,0.0,0,0,1
2026-06-21 10:00,SEG_08,Vijay Nagar Central Junction (Brilliant to Scheme 54),Arterial,3,50,1315,37.9,37.9,Clear,34.7,0.0,0,0,1
2026-06-21 12:00,SEG_01,AB Road Central (Palasia to Geeta Bhawan),Arterial,3,50,2158,22.1,68.4,Clear,33.1,0.0,0,0,2
2026-06-21 12:00,SEG_02,Eastern Bypass Corridor (Rau to Kanadia),Highway,4,80,3868,32.4,71.7,Clear,33.1,0.0,0,0,2
2026-06-21 12:00,SEG_03,Ring Road Section 3 (Robot Square to Radisson),Arterial,3,55,2157,18.4,77.2,Clear,33.1,0.0,0,0,2
2026-06-21 12:00,SEG_04,Super Corridor West (Airport to MR10),Expressway,4,85,3396,50.1,57.2,Clear,33.1,0.0,0,0,1
2026-06-21 12:00,SEG_05,Bhawarkua Arterial (University to Tower Square),Collector,2,45,1044,24.8,58.5,Clear,33.1,0.0,0,0,1
2026-06-21 12:00,SEG_06,MR-10 Expressway Link (Tigaria to Vijay Nagar),Expressway,3,70,2480,32.7,69.0,Clear,33.1,0.0,0,0,2
2026-06-21 12:00,SEG_07,Annapurna Road Corridor (Ranjeet Hanuman to Mhow),Collector,2,40,908,21.9,55.2,Clear,33.1,0.0,0,0,1
2026-06-21 12:00,SEG_08,Vijay Nagar Central Junction (Brilliant to Scheme 54),Arterial,3,50,1993,25.1,64.4,Clear,33.1,0.0,0,0,2
2026-06-21 14:00,SEG_01,AB Road Central (Palasia to Geeta Bhawan),Arterial,3,50,1918,25.4,61.6,Clear,33.8,0.0,0,0,2
2026-06-21 14:00,SEG_02,Eastern Bypass Corridor (Rau to Kanadia),Highway,4,80,3759,33.3,68.5,Clear,33.8,0.0,0,0,2
2026-06-21 14:00,SEG_03,Ring Road Section 3 (Robot Square to Radisson),Arterial,3,55,1952,24.5,70.3,Clear,33.8,0.0,0,0,2
2026-06-21 14:00,SEG_04,Super Corridor West (Airport to MR10),Expressway,4,85,3933,38.5,66.5,Clear,33.8,0.0,0,0,2
2026-06-21 14:00,SEG_05,Bhawarkua Arterial (University to Tower Square),Collector,2,45,1107,22.9,63.8,Clear,33.8,0.0,0,0,2
2026-06-21 14:00,SEG_06,MR-10 Expressway Link (Tigaria to Vijay Nagar),Expressway,3,70,2607,27.0,71.6,Clear,33.8,0.0,0,0,2
2026-06-21 14:00,SEG_07,Annapurna Road Corridor (Ranjeet Hanuman to Mhow),Collector,2,40,1140,13.9,76.3,Clear,33.8,0.0,0,0,2
2026-06-21 14:00,SEG_08,Vijay Nagar Central Junction (Brilliant to Scheme 54),Arterial,3,50,1953,25.3,61.9,Clear,33.8,0.0,0,0,2
2026-06-21 16:00,SEG_01,AB Road Central (Palasia to Geeta Bhawan),Arterial,3,50,1358,29.4,46.3,Rainy,21.3,24.7,0,0,1
2026-06-21 16:00,SEG_02,Eastern Bypass Corridor (Rau to Kanadia),Highway,4,80,2025,53.2,39.6,Rainy,21.3,24.7,0,0,1
2026-06-21 16:00,SEG_03,Ring Road Section 3 (Robot Square to Radisson),Arterial,3,55,1233,34.3,45.3,Rainy,21.3,24.7,0,0,1
2026-06-21 16:00,SEG_04,Super Corridor West (Airport to MR10),Expressway,4,85,2342,54.2,41.8,Rainy,21.3,24.7,0,0,1
2026-06-21 16:00,SEG_05,Bhawarkua Arterial (University to Tower Square),Collector,2,45,772,25.0,46.1,Rainy,21.3,24.7,0,0,1
2026-06-21 16:00,SEG_06,MR-10 Expressway Link (Tigaria to Vijay Nagar),Expressway,3,70,1693,41.4,50.1,Rainy,21.3,24.7,0,0,1
2026-06-21 16:00,SEG_07,Annapurna Road Corridor (Ranjeet Hanuman to Mhow),Collector,2,40,627,26.9,37.2,Rainy,21.3,24.7,0,0,1
2026-06-21 16:00,SEG_08,Vijay Nagar Central Junction (Brilliant to Scheme 54),Arterial,3,50,1263,30.6,42.8,Rainy,21.3,24.7,0,0,1
2026-06-21 18:00,SEG_01,AB Road Central (Palasia to Geeta Bhawan),Arterial,3,50,2384,15.4,77.2,Clear,27.2,0.0,0,0,2
2026-06-21 18:00,SEG_02,Eastern Bypass Corridor (Rau to Kanadia),Highway,4,80,4540,17.9,86.8,Clear,27.2,0.0,0,0,3
2026-06-21 18:00,SEG_03,Ring Road Section 3 (Robot Square to Radisson),Arterial,3,55,1938,26.8,65.2,Clear,27.2,0.0,0,0,2
2026-06-21 18:00,SEG_04,Super Corridor West (Airport to MR10),Expressway,4,85,4310,29.9,77.2,Clear,27.2,0.0,0,0,2
2026-06-21 18:00,SEG_05,Bhawarkua Arterial (University to Tower Square),Collector,2,45,1342,12.7,80.7,Clear,27.2,0.0,0,0,3
2026-06-21 18:00,SEG_06,MR-10 Expressway Link (Tigaria to Vijay Nagar),Expressway,3,70,2639,26.0,72.6,Clear,27.2,0.0,0,0,2
2026-06-21 18:00,SEG_07,Annapurna Road Corridor (Ranjeet Hanuman to Mhow),Collector,2,40,1269,9.5,87.2,Clear,27.2,0.0,0,0,3
2026-06-21 18:00,SEG_08,Vijay Nagar Central Junction (Brilliant to Scheme 54),Arterial,3,50,2447,15.0,79.7,Clear,27.2,0.0,0,0,3
2026-06-21 20:00,SEG_01,AB Road Central (Palasia to Geeta Bhawan),Arterial,3,50,2320,16.2,75.8,Clear,25.0,0.0,0,0,2
2026-06-21 20:00,SEG_02,Eastern Bypass Corridor (Rau to Kanadia),Highway,4,80,4522,16.8,88.8,Clear,25.0,0.0,0,0,3
2026-06-21 20:00,SEG_03,Ring Road Section 3 (Robot Square to Radisson),Arterial,3,55,2285,18.8,76.9,Clear,25.0,0.0,0,0,2
2026-06-21 20:00,SEG_04,Super Corridor West (Airport to MR10),Expressway,4,85,4490,26.7,77.1,Clear,25.0,0.0,0,0,2
2026-06-21 20:00,SEG_05,Bhawarkua Arterial (University to Tower Square),Collector,2,45,1356,13.2,80.4,Clear,25.0,0.0,0,0,3
2026-06-21 20:00,SEG_06,MR-10 Expressway Link (Tigaria to Vijay Nagar),Expressway,3,70,2891,19.9,79.9,Clear,25.0,0.0,0,0,3
2026-06-21 20:00,SEG_07,Annapurna Road Corridor (Ranjeet Hanuman to Mhow),Collector,2,40,1200,11.6,80.5,Clear,25.0,0.0,0,0,2
2026-06-21 20:00,SEG_08,Vijay Nagar Central Junction (Brilliant to Scheme 54),Arterial,3,50,2672,8.8,91.7,Clear,25.0,0.0,0,0,3
2026-06-21 22:00,SEG_01,AB Road Central (Palasia to Geeta Bhawan),Arterial,3,50,1556,31.3,46.8,Clear,23.6,0.0,0,0,1
2026-06-21 22:00,SEG_02,Eastern Bypass Corridor (Rau to Kanadia),Highway,4,80,3255,41.6,62.0,Clear,23.6,0.0,0,0,2
2026-06-21 22:00,SEG_03,Ring Road Section 3 (Robot Square to Radisson),Arterial,3,55,1247,38.7,40.6,Clear,23.6,0.0,0,0,1
2026-06-21 22:00,SEG_04,Super Corridor West (Airport to MR10),Expressway,4,85,2645,61.4,42.6,Clear,23.6,0.0,0,0,1
2026-06-21 22:00,SEG_05,Bhawarkua Arterial (University to Tower Square),Collector,2,45,758,31.5,45.0,Clear,23.6,0.0,0,0,1
2026-06-21 22:00,SEG_06,MR-10 Expressway Link (Tigaria to Vijay Nagar),Expressway,3,70,1810,46.1,48.5,Clear,23.6,0.0,0,0,1
2026-06-21 22:00,SEG_07,Annapurna Road Corridor (Ranjeet Hanuman to Mhow),Collector,2,40,680,29.8,41.1,Clear,23.6,0.0,0,0,1
2026-06-21 22:00,SEG_08,Vijay Nagar Central Junction (Brilliant to Scheme 54),Arterial,3,50,1415,37.1,44.4,Clear,23.6,0.0,0,0,1
2026-06-22 00:00,SEG_01,AB Road Central (Palasia to Geeta Bhawan),Arterial,3,50,390,36.2,16.1,Cloudy,22.4,0.8,0,1,0
2026-06-22 00:00,SEG_02,Eastern Bypass Corridor (Rau to Kanadia),Highway,4,80,1400,71.2,22.9,Cloudy,22.4,0.8,0,0,0
2026-06-22 00:00,SEG_03,Ring Road Section 3 (Robot Square to Radisson),Arterial,3,55,282,52.3,7.8,Cloudy,22.4,0.8,0,0,0
2026-06-22 00:00,SEG_04,Super Corridor West (Airport to MR10),Expressway,4,85,664,84.0,7.2,Cloudy,22.4,0.8,0,0,0
2026-06-22 00:00,SEG_05,Bhawarkua Arterial (University to Tower Square),Collector,2,45,245,42.1,13.3,Cloudy,22.4,0.8,0,0,0
2026-06-22 00:00,SEG_06,MR-10 Expressway Link (Tigaria to Vijay Nagar),Expressway,3,70,381,68.7,5.6,Cloudy,22.4,0.8,0,0,0
2026-06-22 00:00,SEG_07,Annapurna Road Corridor (Ranjeet Hanuman to Mhow),Collector,2,40,151,29.5,13.7,Cloudy,22.4,0.8,0,1,0
2026-06-22 00:00,SEG_08,Vijay Nagar Central Junction (Brilliant to Scheme 54),Arterial,3,50,423,47.2,13.4,Cloudy,22.4,0.8,0,0,0
2026-06-22 02:00,SEG_01,AB Road Central (Palasia to Geeta Bhawan),Arterial,3,50,444,37.1,17.3,Clear,21.9,0.0,0,1,0
2026-06-22 02:00,SEG_02,Eastern Bypass Corridor (Rau to Kanadia),Highway,4,80,1483,70.7,21.9,Clear,21.9,0.0,0,0,0
2026-06-22 02:00,SEG_03,Ring Road Section 3 (Robot Square to Radisson),Arterial,3,55,287,55,4.4,Clear,21.9,0.0,0,0,0
2026-06-22 02:00,SEG_04,Super Corridor West (Airport to MR10),Expressway,4,85,669,81.6,9.6,Clear,21.9,0.0,0,0,0
2026-06-22 02:00,SEG_05,Bhawarkua Arterial (University to Tower Square),Collector,2,45,154,43.6,7.4,Clear,21.9,0.0,0,0,0
2026-06-22 02:00,SEG_06,MR-10 Expressway Link (Tigaria to Vijay Nagar),Expressway,3,70,376,69.6,9.7,Clear,21.9,0.0,0,0,0
2026-06-22 02:00,SEG_07,Annapurna Road Corridor (Ranjeet Hanuman to Mhow),Collector,2,40,245,30.4,21.6,Clear,21.9,0.0,0,1,0
2026-06-22 02:00,SEG_08,Vijay Nagar Central Junction (Brilliant to Scheme 54),Arterial,3,50,368,49.0,9.6,Clear,21.9,0.0,0,0,0
2026-06-22 04:00,SEG_01,AB Road Central (Palasia to Geeta Bhawan),Arterial,3,50,254,39.0,15.0,Clear,24.4,0.0,0,1,0
2026-06-22 04:00,SEG_02,Eastern Bypass Corridor (Rau to Kanadia),Highway,4,80,1186,74.4,17.7,Clear,24.4,0.0,0,0,0
2026-06-22 04:00,SEG_03,Ring Road Section 3 (Robot Square to Radisson),Arterial,3,55,256,34.6,19.4,Clear,24.4,0.0,1,0,1
2026-06-22 04:00,SEG_04,Super Corridor West (Airport to MR10),Expressway,4,85,467,82.9,5.1,Clear,24.4,0.0,0,0,0
2026-06-22 04:00,SEG_05,Bhawarkua Arterial (University to Tower Square),Collector,2,45,247,42.0,12.6,Clear,24.4,0.0,0,0,0
2026-06-22 04:00,SEG_06,MR-10 Expressway Link (Tigaria to Vijay Nagar),Expressway,3,70,320,69.0,9.6,Clear,24.4,0.0,0,0,0
2026-06-22 04:00,SEG_07,Annapurna Road Corridor (Ranjeet Hanuman to Mhow),Collector,2,40,228,31.7,18.4,Clear,24.4,0.0,0,1,0
2026-06-22 04:00,SEG_08,Vijay Nagar Central Junction (Brilliant to Scheme 54),Arterial,3,50,353,49.4,10.4,Clear,24.4,0.0,0,0,0
2026-06-22 06:00,SEG_01,AB Road Central (Palasia to Geeta Bhawan),Arterial,3,50,1406,29.2,44.9,Clear,26.1,0.0,0,1,1
2026-06-22 06:00,SEG_02,Eastern Bypass Corridor (Rau to Kanadia),Highway,4,80,2381,58.1,38.9,Clear,26.1,0.0,0,0,1
2026-06-22 06:00,SEG_03,Ring Road Section 3 (Robot Square to Radisson),Arterial,3,55,1122,41.6,36.8,Clear,26.1,0.0,0,0,1
2026-06-22 06:00,SEG_04,Super Corridor West (Airport to MR10),Expressway,4,85,2289,64.8,37.8,Clear,26.1,0.0,0,0,1
2026-06-22 06:00,SEG_05,Bhawarkua Arterial (University to Tower Square),Collector,2,45,831,30.4,49.1,Clear,26.1,0.0,0,0,1
2026-06-22 06:00,SEG_06,MR-10 Expressway Link (Tigaria to Vijay Nagar),Expressway,3,70,1614,48.8,44.3,Clear,26.1,0.0,0,0,1
2026-06-22 06:00,SEG_07,Annapurna Road Corridor (Ranjeet Hanuman to Mhow),Collector,2,40,707,22.1,46.5,Clear,26.1,0.0,0,1,1
2026-06-22 06:00,SEG_08,Vijay Nagar Central Junction (Brilliant to Scheme 54),Arterial,3,50,1224,39.4,37.8,Clear,26.1,0.0,0,0,0
2026-06-22 08:00,SEG_01,AB Road Central (Palasia to Geeta Bhawan),Arterial,3,50,2428,12.7,82.8,Clear,30.1,0.0,0,1,3
2026-06-22 08:00,SEG_02,Eastern Bypass Corridor (Rau to Kanadia),Highway,4,80,4137,26.6,77.0,Clear,30.1,0.0,0,0,2
2026-06-22 08:00,SEG_03,Ring Road Section 3 (Robot Square to Radisson),Arterial,3,55,2656,11.1,91.6,Clear,30.1,0.0,0,0,3
2026-06-22 08:00,SEG_04,Super Corridor West (Airport to MR10),Expressway,4,85,4399,28.5,79.4,Clear,30.1,0.0,0,0,2
2026-06-22 08:00,SEG_05,Bhawarkua Arterial (University to Tower Square),Collector,2,45,1551,9.1,91.2,Clear,30.1,0.0,0,0,3
2026-06-22 08:00,SEG_06,MR-10 Expressway Link (Tigaria to Vijay Nagar),Expressway,3,70,2825,20.9,79.1,Clear,30.1,0.0,0,0,3
2026-06-22 08:00,SEG_07,Annapurna Road Corridor (Ranjeet Hanuman to Mhow),Collector,2,40,1173,10.1,78.3,Clear,30.1,0.0,0,1,3
2026-06-22 08:00,SEG_08,Vijay Nagar Central Junction (Brilliant to Scheme 54),Arterial,3,50,2585,12.0,85.6,Clear,30.1,0.0,0,0,3
2026-06-22 10:00,SEG_01,AB Road Central (Palasia to Geeta Bhawan),Arterial,3,50,2510,8.0,86.9,Clear,33.0,0.0,1,1,3
2026-06-22 10:00,SEG_02,Eastern Bypass Corridor (Rau to Kanadia),Highway,4,80,4273,22.1,84.6,Clear,33.0,0.0,0,0,3
2026-06-22 10:00,SEG_03,Ring Road Section 3 (Robot Square to Radisson),Arterial,3,55,2459,12.1,89.8,Clear,33.0,0.0,0,0,3
2026-06-22 10:00,SEG_04,Super Corridor West (Airport to MR10),Expressway,4,85,4820,19.9,85.9,Clear,33.0,0.0,0,0,3
2026-06-22 10:00,SEG_05,Bhawarkua Arterial (University to Tower Square),Collector,2,45,1191,17.7,69.3,Clear,33.0,0.0,0,0,2
2026-06-22 10:00,SEG_06,MR-10 Expressway Link (Tigaria to Vijay Nagar),Expressway,3,70,3024,17.2,83.2,Clear,33.0,0.0,0,0,3
2026-06-22 10:00,SEG_07,Annapurna Road Corridor (Ranjeet Hanuman to Mhow),Collector,2,40,1398,8.0,91.1,Clear,33.0,0.0,0,1,3
2026-06-22 10:00,SEG_08,Vijay Nagar Central Junction (Brilliant to Scheme 54),Arterial,3,50,2541,14.4,82.6,Clear,33.0,0.0,0,0,3
2026-06-22 12:00,SEG_01,AB Road Central (Palasia to Geeta Bhawan),Arterial,3,50,1614,25.2,54.4,Clear,32.7,0.0,0,1,2
2026-06-22 12:00,SEG_02,Eastern Bypass Corridor (Rau to Kanadia),Highway,4,80,3058,46.0,55.0,Clear,32.7,0.0,0,0,1
2026-06-22 12:00,SEG_03,Ring Road Section 3 (Robot Square to Radisson),Arterial,3,55,1630,34.3,54.9,Clear,32.7,0.0,0,0,1
2026-06-22 12:00,SEG_04,Super Corridor West (Airport to MR10),Expressway,4,85,3532,47.1,61.8,Clear,32.7,0.0,0,0,1
2026-06-22 12:00,SEG_05,Bhawarkua Arterial (University to Tower Square),Collector,2,45,854,31.4,48.9,Clear,32.7,0.0,0,0,1
2026-06-22 12:00,SEG_06,MR-10 Expressway Link (Tigaria to Vijay Nagar),Expressway,3,70,2392,35.3,66.0,Clear,32.7,0.0,0,0,2
2026-06-22 12:00,SEG_07,Annapurna Road Corridor (Ranjeet Hanuman to Mhow),Collector,2,40,783,22.7,49.6,Clear,32.7,0.0,0,1,2
2026-06-22 12:00,SEG_08,Vijay Nagar Central Junction (Brilliant to Scheme 54),Arterial,3,50,1910,25.0,58.8,Clear,32.7,0.0,0,0,2
2026-06-22 14:00,SEG_01,AB Road Central (Palasia to Geeta Bhawan),Arterial,3,50,1534,24.8,50.7,Clear,34.7,0.0,0,1,2
2026-06-22 14:00,SEG_02,Eastern Bypass Corridor (Rau to Kanadia),Highway,4,80,2884,49.0,52.2,Clear,34.7,0.0,0,0,1
2026-06-22 14:00,SEG_03,Ring Road Section 3 (Robot Square to Radisson),Arterial,3,55,1556,35.2,53.4,Clear,34.7,0.0,0,0,1
2026-06-22 14:00,SEG_04,Super Corridor West (Airport to MR10),Expressway,4,85,3539,46.9,56.8,Clear,34.7,0.0,0,0,1
2026-06-22 14:00,SEG_05,Bhawarkua Arterial (University to Tower Square),Collector,2,45,903,29.4,52.6,Clear,34.7,0.0,0,0,1
2026-06-22 14:00,SEG_06,MR-10 Expressway Link (Tigaria to Vijay Nagar),Expressway,3,70,2248,36.5,58.5,Clear,34.7,0.0,0,0,2
2026-06-22 14:00,SEG_07,Annapurna Road Corridor (Ranjeet Hanuman to Mhow),Collector,2,40,908,16.9,62.1,Clear,34.7,0.0,0,1,2
2026-06-22 14:00,SEG_08,Vijay Nagar Central Junction (Brilliant to Scheme 54),Arterial,3,50,1785,30.1,56.0,Clear,34.7,0.0,0,0,1
2026-06-22 16:00,SEG_01,AB Road Central (Palasia to Geeta Bhawan),Arterial,3,50,1503,26.2,50.5,Cloudy,28.7,0.0,0,1,2
2026-06-22 16:00,SEG_02,Eastern Bypass Corridor (Rau to Kanadia),Highway,4,80,3035,46.4,57.4,Cloudy,28.7,0.0,0,0,1
2026-06-22 16:00,SEG_03,Ring Road Section 3 (Robot Square to Radisson),Arterial,3,55,1559,33.0,53.5,Cloudy,28.7,0.0,0,0,1
2026-06-22 16:00,SEG_04,Super Corridor West (Airport to MR10),Expressway,4,85,3461,48.0,55.5,Cloudy,28.7,0.0,0,0,1
2026-06-22 16:00,SEG_05,Bhawarkua Arterial (University to Tower Square),Collector,2,45,963,14.3,65.0,Cloudy,28.7,0.0,1,0,3
2026-06-22 16:00,SEG_06,MR-10 Expressway Link (Tigaria to Vijay Nagar),Expressway,3,70,1958,45.3,50.3,Cloudy,28.7,0.0,0,0,1
2026-06-22 16:00,SEG_07,Annapurna Road Corridor (Ranjeet Hanuman to Mhow),Collector,2,40,901,18.7,60.2,Cloudy,28.7,0.0,0,1,2
2026-06-22 16:00,SEG_08,Vijay Nagar Central Junction (Brilliant to Scheme 54),Arterial,3,50,1822,28.0,56.6,Cloudy,28.7,0.0,0,0,1
2026-06-22 18:00,SEG_01,AB Road Central (Palasia to Geeta Bhawan),Arterial,3,50,3148,8.0,98.0,Clear,27.5,0.0,0,1,3
2026-06-22 18:00,SEG_02,Eastern Bypass Corridor (Rau to Kanadia),Highway,4,80,4232,24.0,79.5,Clear,27.5,0.0,0,0,3
2026-06-22 18:00,SEG_03,Ring Road Section 3 (Robot Square to Radisson),Arterial,3,55,2868,8.1,98.0,Clear,27.5,0.0,0,0,3
2026-06-22 18:00,SEG_04,Super Corridor West (Airport to MR10),Expressway,4,85,4698,25.0,83.7,Clear,27.5,0.0,0,0,3
2026-06-22 18:00,SEG_05,Bhawarkua Arterial (University to Tower Square),Collector,2,45,1381,13.3,83.2,Clear,27.5,0.0,0,0,3
2026-06-22 18:00,SEG_06,MR-10 Expressway Link (Tigaria to Vijay Nagar),Expressway,3,70,2623,12.2,81.4,Clear,27.5,0.0,1,0,3
2026-06-22 18:00,SEG_07,Annapurna Road Corridor (Ranjeet Hanuman to Mhow),Collector,2,40,1255,8.0,83.5,Clear,27.5,0.0,1,1,3
2026-06-22 18:00,SEG_08,Vijay Nagar Central Junction (Brilliant to Scheme 54),Arterial,3,50,2315,18.4,75.4,Clear,27.5,0.0,0,0,2
2026-06-22 20:00,SEG_01,AB Road Central (Palasia to Geeta Bhawan),Arterial,3,50,2744,8.4,94.1,Clear,26.9,0.0,0,1,3
2026-06-22 20:00,SEG_02,Eastern Bypass Corridor (Rau to Kanadia),Highway,4,80,4724,13.9,90.2,Clear,26.9,0.0,0,0,3
2026-06-22 20:00,SEG_03,Ring Road Section 3 (Robot Square to Radisson),Arterial,3,55,2929,9.4,98.0,Clear,26.9,0.0,0,0,3
2026-06-22 20:00,SEG_04,Super Corridor West (Airport to MR10),Expressway,4,85,4972,17.2,86.3,Clear,26.9,0.0,0,0,3
2026-06-22 20:00,SEG_05,Bhawarkua Arterial (University to Tower Square),Collector,2,45,1597,9.6,97.0,Clear,26.9,0.0,0,0,3
2026-06-22 20:00,SEG_06,MR-10 Expressway Link (Tigaria to Vijay Nagar),Expressway,3,70,2980,17.1,84.0,Clear,26.9,0.0,0,0,3
2026-06-22 20:00,SEG_07,Annapurna Road Corridor (Ranjeet Hanuman to Mhow),Collector,2,40,1481,8.0,94.6,Clear,26.9,0.0,0,1,3
2026-06-22 20:00,SEG_08,Vijay Nagar Central Junction (Brilliant to Scheme 54),Arterial,3,50,2837,10.0,95.4,Clear,26.9,0.0,0,0,3
2026-06-22 22:00,SEG_01,AB Road Central (Palasia to Geeta Bhawan),Arterial,3,50,1469,26.0,50.3,Clear,23.5,0.0,0,1,2
2026-06-22 22:00,SEG_02,Eastern Bypass Corridor (Rau to Kanadia),Highway,4,80,2615,53.0,47.5,Clear,23.5,0.0,0,0,1
2026-06-22 22:00,SEG_03,Ring Road Section 3 (Robot Square to Radisson),Arterial,3,55,1389,35.9,45.3,Clear,23.5,0.0,0,0,1
2026-06-22 22:00,SEG_04,Super Corridor West (Airport to MR10),Expressway,4,85,2130,68.9,33.4,Clear,23.5,0.0,0,0,0
2026-06-22 22:00,SEG_05,Bhawarkua Arterial (University to Tower Square),Collector,2,45,742,34.5,36.6,Clear,23.5,0.0,0,0,1
2026-06-22 22:00,SEG_06,MR-10 Expressway Link (Tigaria to Vijay Nagar),Expressway,3,70,1466,53.2,38.7,Clear,23.5,0.0,0,0,1
2026-06-22 22:00,SEG_07,Annapurna Road Corridor (Ranjeet Hanuman to Mhow),Collector,2,40,645,22.6,41.7,Clear,23.5,0.0,0,1,1
2026-06-22 22:00,SEG_08,Vijay Nagar Central Junction (Brilliant to Scheme 54),Arterial,3,50,1583,32.8,47.8,Clear,23.5,0.0,0,0,1
2026-06-23 00:00,SEG_01,AB Road Central (Palasia to Geeta Bhawan),Arterial,3,50,319,38.6,12.5,Clear,23.9,0.0,0,1,0
2026-06-23 00:00,SEG_02,Eastern Bypass Corridor (Rau to Kanadia),Highway,4,80,1249,71.7,23.4,Clear,23.9,0.0,0,0,0
2026-06-23 00:00,SEG_03,Ring Road Section 3 (Robot Square to Radisson),Arterial,3,55,263,53.8,5.6,Clear,23.9,0.0,0,0,0
2026-06-23 00:00,SEG_04,Super Corridor West (Airport to MR10),Expressway,4,85,784,82.9,8.1,Clear,23.9,0.0,0,0,0
2026-06-23 00:00,SEG_05,Bhawarkua Arterial (University to Tower Square),Collector,2,45,177,42.5,7.4,Clear,23.9,0.0,0,0,0
2026-06-23 00:00,SEG_06,MR-10 Expressway Link (Tigaria to Vijay Nagar),Expressway,3,70,504,66.6,13.1,Clear,23.9,0.0,0,0,0
2026-06-23 00:00,SEG_07,Annapurna Road Corridor (Ranjeet Hanuman to Mhow),Collector,2,40,176,29.7,14.6,Clear,23.9,0.0,0,1,0
2026-06-23 00:00,SEG_08,Vijay Nagar Central Junction (Brilliant to Scheme 54),Arterial,3,50,467,46.8,13.3,Clear,23.9,0.0,0,0,0
2026-06-23 02:00,SEG_01,AB Road Central (Palasia to Geeta Bhawan),Arterial,3,50,353,37.6,19.4,Clear,24.2,0.0,0,1,0
2026-06-23 02:00,SEG_02,Eastern Bypass Corridor (Rau to Kanadia),Highway,4,80,1123,72.6,18.1,Clear,24.2,0.0,0,0,0
2026-06-23 02:00,SEG_03,Ring Road Section 3 (Robot Square to Radisson),Arterial,3,55,290,54.2,10.5,Clear,24.2,0.0,0,0,0
2026-06-23 02:00,SEG_04,Super Corridor West (Airport to MR10),Expressway,4,85,651,80.9,10.4,Clear,24.2,0.0,0,0,0
2026-06-23 02:00,SEG_05,Bhawarkua Arterial (University to Tower Square),Collector,2,45,255,44.6,10.0,Clear,24.2,0.0,0,0,0
2026-06-23 02:00,SEG_06,MR-10 Expressway Link (Tigaria to Vijay Nagar),Expressway,3,70,363,66.6,8.1,Clear,24.2,0.0,0,0,0
2026-06-23 02:00,SEG_07,Annapurna Road Corridor (Ranjeet Hanuman to Mhow),Collector,2,40,219,30.1,20.8,Clear,24.2,0.0,0,1,0
2026-06-23 02:00,SEG_08,Vijay Nagar Central Junction (Brilliant to Scheme 54),Arterial,3,50,405,49.5,7.8,Clear,24.2,0.0,0,0,0
2026-06-23 04:00,SEG_01,AB Road Central (Palasia to Geeta Bhawan),Arterial,3,50,307,31.0,18.9,Rainy,24.6,13.7,0,1,1
2026-06-23 04:00,SEG_02,Eastern Bypass Corridor (Rau to Kanadia),Highway,4,80,1301,60.5,26.0,Rainy,24.6,13.7,0,0,0
2026-06-23 04:00,SEG_03,Ring Road Section 3 (Robot Square to Radisson),Arterial,3,55,244,45.9,9.8,Rainy,24.6,13.7,0,0,0
2026-06-23 04:00,SEG_04,Super Corridor West (Airport to MR10),Expressway,4,85,584,42.1,25.9,Rainy,24.6,13.7,1,0,1
2026-06-23 04:00,SEG_05,Bhawarkua Arterial (University to Tower Square),Collector,2,45,235,33.6,18.3,Rainy,24.6,13.7,0,0,0
2026-06-23 04:00,SEG_06,MR-10 Expressway Link (Tigaria to Vijay Nagar),Expressway,3,70,344,57.2,14.1,Rainy,24.6,13.7,0,0,0
2026-06-23 04:00,SEG_07,Annapurna Road Corridor (Ranjeet Hanuman to Mhow),Collector,2,40,157,25.8,18.3,Rainy,24.6,13.7,0,1,0
2026-06-23 04:00,SEG_08,Vijay Nagar Central Junction (Brilliant to Scheme 54),Arterial,3,50,325,39.3,16.3,Rainy,24.6,13.7,0,0,0
2026-06-23 06:00,SEG_01,AB Road Central (Palasia to Geeta Bhawan),Arterial,3,50,1232,28.9,45.3,Clear,28.6,0.0,0,1,1
2026-06-23 06:00,SEG_02,Eastern Bypass Corridor (Rau to Kanadia),Highway,4,80,2323,58.1,39.8,Clear,28.6,0.0,0,0,1
2026-06-23 06:00,SEG_03,Ring Road Section 3 (Robot Square to Radisson),Arterial,3,55,1475,34.5,50.2,Clear,28.6,0.0,0,0,1
2026-06-23 06:00,SEG_04,Super Corridor West (Airport to MR10),Expressway,4,85,2354,63.6,36.4,Clear,28.6,0.0,0,0,1
2026-06-23 06:00,SEG_05,Bhawarkua Arterial (University to Tower Square),Collector,2,45,685,35.0,37.1,Clear,28.6,0.0,0,0,1
2026-06-23 06:00,SEG_06,MR-10 Expressway Link (Tigaria to Vijay Nagar),Expressway,3,70,1685,48.3,42.4,Clear,28.6,0.0,0,0,1
2026-06-23 06:00,SEG_07,Annapurna Road Corridor (Ranjeet Hanuman to Mhow),Collector,2,40,642,25.4,39.9,Clear,28.6,0.0,0,1,1
2026-06-23 06:00,SEG_08,Vijay Nagar Central Junction (Brilliant to Scheme 54),Arterial,3,50,1384,35.1,44.0,Clear,28.6,0.0,0,0,1
2026-06-23 08:00,SEG_01,AB Road Central (Palasia to Geeta Bhawan),Arterial,3,50,2451,10.8,84.7,Cloudy,25.6,0.6,0,1,3
2026-06-23 08:00,SEG_02,Eastern Bypass Corridor (Rau to Kanadia),Highway,4,80,4360,22.9,83.0,Cloudy,25.6,0.6,0,0,3
2026-06-23 08:00,SEG_03,Ring Road Section 3 (Robot Square to Radisson),Arterial,3,55,2355,13.6,86.4,Cloudy,25.6,0.6,0,0,3
2026-06-23 08:00,SEG_04,Super Corridor West (Airport to MR10),Expressway,4,85,4558,26.3,78.3,Cloudy,25.6,0.6,0,0,3
2026-06-23 08:00,SEG_05,Bhawarkua Arterial (University to Tower Square),Collector,2,45,1347,11.3,85.7,Cloudy,25.6,0.6,0,0,3
2026-06-23 08:00,SEG_06,MR-10 Expressway Link (Tigaria to Vijay Nagar),Expressway,3,70,2836,21.1,82.0,Cloudy,25.6,0.6,0,0,3
2026-06-23 08:00,SEG_07,Annapurna Road Corridor (Ranjeet Hanuman to Mhow),Collector,2,40,1429,8.0,95.4,Cloudy,25.6,0.6,0,1,3
2026-06-23 08:00,SEG_08,Vijay Nagar Central Junction (Brilliant to Scheme 54),Arterial,3,50,2955,10.1,96.6,Cloudy,25.6,0.6,0,0,3
2026-06-23 10:00,SEG_01,AB Road Central (Palasia to Geeta Bhawan),Arterial,3,50,2624,8.0,87.6,Clear,32.0,0.0,0,1,3
2026-06-23 10:00,SEG_02,Eastern Bypass Corridor (Rau to Kanadia),Highway,4,80,4520,18.9,90.3,Clear,32.0,0.0,0,0,3
2026-06-23 10:00,SEG_03,Ring Road Section 3 (Robot Square to Radisson),Arterial,3,55,2212,17.8,79.6,Clear,32.0,0.0,0,0,2
2026-06-23 10:00,SEG_04,Super Corridor West (Airport to MR10),Expressway,4,85,5170,16.1,91.8,Clear,32.0,0.0,0,0,3
2026-06-23 10:00,SEG_05,Bhawarkua Arterial (University to Tower Square),Collector,2,45,1294,13.6,77.2,Clear,32.0,0.0,0,0,2
2026-06-23 10:00,SEG_06,MR-10 Expressway Link (Tigaria to Vijay Nagar),Expressway,3,70,3021,17.0,83.4,Clear,32.0,0.0,0,0,3
2026-06-23 10:00,SEG_07,Annapurna Road Corridor (Ranjeet Hanuman to Mhow),Collector,2,40,1252,9.0,84.3,Clear,32.0,0.0,0,1,3
2026-06-23 10:00,SEG_08,Vijay Nagar Central Junction (Brilliant to Scheme 54),Arterial,3,50,2654,8.8,88.0,Clear,32.0,0.0,0,0,3
2026-06-23 12:00,SEG_01,AB Road Central (Palasia to Geeta Bhawan),Arterial,3,50,1658,24.6,56.7,Clear,32.8,0.0,0,1,2
2026-06-23 12:00,SEG_02,Eastern Bypass Corridor (Rau to Kanadia),Highway,4,80,3008,48.5,52.3,Clear,32.8,0.0,0,0,1
2026-06-23 12:00,SEG_03,Ring Road Section 3 (Robot Square to Radisson),Arterial,3,55,1761,27.9,62.1,Clear,32.8,0.0,0,0,2
2026-06-23 12:00,SEG_04,Super Corridor West (Airport to MR10),Expressway,4,85,3309,49.9,55.3,Clear,32.8,0.0,0,0,1
2026-06-23 12:00,SEG_05,Bhawarkua Arterial (University to Tower Square),Collector,2,45,1006,24.1,57.4,Clear,32.8,0.0,0,0,1
2026-06-23 12:00,SEG_06,MR-10 Expressway Link (Tigaria to Vijay Nagar),Expressway,3,70,1989,44.7,54.5,Clear,32.8,0.0,0,0,1
2026-06-23 12:00,SEG_07,Annapurna Road Corridor (Ranjeet Hanuman to Mhow),Collector,2,40,849,19.2,54.8,Clear,32.8,0.0,0,1,2
2026-06-23 12:00,SEG_08,Vijay Nagar Central Junction (Brilliant to Scheme 54),Arterial,3,50,1538,35.0,45.8,Clear,32.8,0.0,0,0,1
2026-06-23 14:00,SEG_01,AB Road Central (Palasia to Geeta Bhawan),Arterial,3,50,1671,23.0,57.6,Clear,33.4,0.0,0,1,2
2026-06-23 14:00,SEG_02,Eastern Bypass Corridor (Rau to Kanadia),Highway,4,80,2865,49.0,52.7,Clear,33.4,0.0,0,0,1
2026-06-23 14:00,SEG_03,Ring Road Section 3 (Robot Square to Radisson),Arterial,3,55,1554,35.5,52.4,Clear,33.4,0.0,0,0,1
2026-06-23 14:00,SEG_04,Super Corridor West (Airport to MR10),Expressway,4,85,3555,47.4,62.1,Clear,33.4,0.0,0,0,1
2026-06-23 14:00,SEG_05,Bhawarkua Arterial (University to Tower Square),Collector,2,45,1022,23.7,62.3,Clear,33.4,0.0,0,0,2
2026-06-23 14:00,SEG_06,MR-10 Expressway Link (Tigaria to Vijay Nagar),Expressway,3,70,2127,38.3,56.7,Clear,33.4,0.0,0,0,1
2026-06-23 14:00,SEG_07,Annapurna Road Corridor (Ranjeet Hanuman to Mhow),Collector,2,40,882,18.3,58.4,Clear,33.4,0.0,0,1,2
2026-06-23 14:00,SEG_08,Vijay Nagar Central Junction (Brilliant to Scheme 54),Arterial,3,50,1760,31.2,53.1,Clear,33.4,0.0,0,0,1
2026-06-23 16:00,SEG_01,AB Road Central (Palasia to Geeta Bhawan),Arterial,3,50,1587,26.2,52.2,Cloudy,28.9,0.0,0,1,2
2026-06-23 16:00,SEG_02,Eastern Bypass Corridor (Rau to Kanadia),Highway,4,80,2804,50.1,51.1,Cloudy,28.9,0.0,0,0,1
2026-06-23 16:00,SEG_03,Ring Road Section 3 (Robot Square to Radisson),Arterial,3,55,1442,38.2,43.8,Cloudy,28.9,0.0,0,0,1
2026-06-23 16:00,SEG_04,Super Corridor West (Airport to MR10),Expressway,4,85,2969,56.3,48.2,Cloudy,28.9,0.0,0,0,1
2026-06-23 16:00,SEG_05,Bhawarkua Arterial (University to Tower Square),Collector,2,45,968,27.1,57.2,Cloudy,28.9,0.0,0,0,1
2026-06-23 16:00,SEG_06,MR-10 Expressway Link (Tigaria to Vijay Nagar),Expressway,3,70,1948,43.2,49.4,Cloudy,28.9,0.0,0,0,1
2026-06-23 16:00,SEG_07,Annapurna Road Corridor (Ranjeet Hanuman to Mhow),Collector,2,40,872,20.5,54.4,Cloudy,28.9,0.0,0,1,2
2026-06-23 16:00,SEG_08,Vijay Nagar Central Junction (Brilliant to Scheme 54),Arterial,3,50,1644,32.5,49.8,Cloudy,28.9,0.0,0,0,1
2026-06-23 18:00,SEG_01,AB Road Central (Palasia to Geeta Bhawan),Arterial,3,50,2487,9.9,86.1,Clear,26.6,0.0,0,1,3
2026-06-23 18:00,SEG_02,Eastern Bypass Corridor (Rau to Kanadia),Highway,4,80,4826,13.6,91.0,Clear,26.6,0.0,0,0,3
2026-06-23 18:00,SEG_03,Ring Road Section 3 (Robot Square to Radisson),Arterial,3,55,2553,10.7,89.9,Clear,26.6,0.0,0,0,3
2026-06-23 18:00,SEG_04,Super Corridor West (Airport to MR10),Expressway,4,85,5946,16.8,98.0,Clear,26.6,0.0,0,0,3
2026-06-23 18:00,SEG_05,Bhawarkua Arterial (University to Tower Square),Collector,2,45,1484,8.8,92.0,Clear,26.6,0.0,0,0,3
2026-06-23 18:00,SEG_06,MR-10 Expressway Link (Tigaria to Vijay Nagar),Expressway,3,70,2845,8.0,86.5,Clear,26.6,0.0,1,0,3
2026-06-23 18:00,SEG_07,Annapurna Road Corridor (Ranjeet Hanuman to Mhow),Collector,2,40,1360,8.0,92.3,Clear,26.6,0.0,0,1,3
2026-06-23 18:00,SEG_08,Vijay Nagar Central Junction (Brilliant to Scheme 54),Arterial,3,50,2536,11.0,86.1,Clear,26.6,0.0,0,0,3
2026-06-23 20:00,SEG_01,AB Road Central (Palasia to Geeta Bhawan),Arterial,3,50,2848,8.0,98.0,Cloudy,24.2,0.0,0,1,3
2026-06-23 20:00,SEG_02,Eastern Bypass Corridor (Rau to Kanadia),Highway,4,80,5064,15.8,93.6,Cloudy,24.2,0.0,0,0,3
2026-06-23 20:00,SEG_03,Ring Road Section 3 (Robot Square to Radisson),Arterial,3,55,2883,10.9,98.0,Cloudy,24.2,0.0,0,0,3
2026-06-23 20:00,SEG_04,Super Corridor West (Airport to MR10),Expressway,4,85,4895,20.7,88.2,Cloudy,24.2,0.0,0,0,3
2026-06-23 20:00,SEG_05,Bhawarkua Arterial (University to Tower Square),Collector,2,45,1451,8.6,89.7,Cloudy,24.2,0.0,0,0,3
2026-06-23 20:00,SEG_06,MR-10 Expressway Link (Tigaria to Vijay Nagar),Expressway,3,70,3542,10.7,98.0,Cloudy,24.2,0.0,0,0,3
2026-06-23 20:00,SEG_07,Annapurna Road Corridor (Ranjeet Hanuman to Mhow),Collector,2,40,1171,8.0,80.8,Cloudy,24.2,0.0,1,1,3
2026-06-23 20:00,SEG_08,Vijay Nagar Central Junction (Brilliant to Scheme 54),Arterial,3,50,2472,13.6,82.5,Cloudy,24.2,0.0,0,0,3
2026-06-23 22:00,SEG_01,AB Road Central (Palasia to Geeta Bhawan),Arterial,3,50,1361,26.9,49.3,Cloudy,22.6,0.0,0,1,1
2026-06-23 22:00,SEG_02,Eastern Bypass Corridor (Rau to Kanadia),Highway,4,80,2634,54.0,48.8,Cloudy,22.6,0.0,0,0,1
2026-06-23 22:00,SEG_03,Ring Road Section 3 (Robot Square to Radisson),Arterial,3,55,1369,37.5,43.7,Cloudy,22.6,0.0,0,0,1
2026-06-23 22:00,SEG_04,Super Corridor West (Airport to MR10),Expressway,4,85,2217,66.2,33.7,Cloudy,22.6,0.0,0,0,0
2026-06-23 22:00,SEG_05,Bhawarkua Arterial (University to Tower Square),Collector,2,45,789,30.1,47.3,Cloudy,22.6,0.0,0,0,1
2026-06-23 22:00,SEG_06,MR-10 Expressway Link (Tigaria to Vijay Nagar),Expressway,3,70,1630,50.0,43.6,Cloudy,22.6,0.0,0,0,1
2026-06-23 22:00,SEG_07,Annapurna Road Corridor (Ranjeet Hanuman to Mhow),Collector,2,40,715,21.8,46.7,Cloudy,22.6,0.0,0,1,2
2026-06-23 22:00,SEG_08,Vijay Nagar Central Junction (Brilliant to Scheme 54),Arterial,3,50,1358,35.0,44.4,Cloudy,22.6,0.0,0,0,1
2026-06-24 00:00,SEG_01,AB Road Central (Palasia to Geeta Bhawan),Arterial,3,50,279,39.2,12.9,Cloudy,19.5,0.0,0,1,0
2026-06-24 00:00,SEG_02,Eastern Bypass Corridor (Rau to Kanadia),Highway,4,80,1257,71.4,19.2,Cloudy,19.5,0.0,0,0,0
2026-06-24 00:00,SEG_03,Ring Road Section 3 (Robot Square to Radisson),Arterial,3,55,233,36.2,17.1,Cloudy,19.5,0.0,1,0,1
2026-06-24 00:00,SEG_04,Super Corridor West (Airport to MR10),Expressway,4,85,790,82.8,10.2,Cloudy,19.5,0.0,0,0,0
2026-06-24 00:00,SEG_05,Bhawarkua Arterial (University to Tower Square),Collector,2,45,227,41.5,13.2,Cloudy,19.5,0.0,0,0,0
2026-06-24 00:00,SEG_06,MR-10 Expressway Link (Tigaria to Vijay Nagar),Expressway,3,70,391,67.1,10.0,Cloudy,19.5,0.0,0,0,0
2026-06-24 00:00,SEG_07,Annapurna Road Corridor (Ranjeet Hanuman to Mhow),Collector,2,40,154,30.7,12.9,Cloudy,19.5,0.0,0,1,0
2026-06-24 00:00,SEG_08,Vijay Nagar Central Junction (Brilliant to Scheme 54),Arterial,3,50,295,47.1,10.7,Cloudy,19.5,0.0,0,0,0
2026-06-24 02:00,SEG_01,AB Road Central (Palasia to Geeta Bhawan),Arterial,3,50,295,33.0,21.5,Rainy,23.3,15.0,0,1,0
2026-06-24 02:00,SEG_02,Eastern Bypass Corridor (Rau to Kanadia),Highway,4,80,1314,60.0,24.1,Rainy,23.3,15.0,0,0,0
2026-06-24 02:00,SEG_03,Ring Road Section 3 (Robot Square to Radisson),Arterial,3,55,249,44.7,15.1,Rainy,23.3,15.0,0,0,0
2026-06-24 02:00,SEG_04,Super Corridor West (Airport to MR10),Expressway,4,85,519,67.5,15.9,Rainy,23.3,15.0,0,0,0
2026-06-24 02:00,SEG_05,Bhawarkua Arterial (University to Tower Square),Collector,2,45,140,34.4,13.4,Rainy,23.3,15.0,0,0,0
2026-06-24 02:00,SEG_06,MR-10 Expressway Link (Tigaria to Vijay Nagar),Expressway,3,70,409,53.7,18.6,Rainy,23.3,15.0,0,0,0
2026-06-24 02:00,SEG_07,Annapurna Road Corridor (Ranjeet Hanuman to Mhow),Collector,2,40,138,25.0,22.3,Rainy,23.3,15.0,0,1,0
2026-06-24 02:00,SEG_08,Vijay Nagar Central Junction (Brilliant to Scheme 54),Arterial,3,50,397,39.8,17.2,Rainy,23.3,15.0,0,0,0
2026-06-24 04:00,SEG_01,AB Road Central (Palasia to Geeta Bhawan),Arterial,3,50,413,36.9,19.4,Clear,24.9,0.0,0,1,0
2026-06-24 04:00,SEG_02,Eastern Bypass Corridor (Rau to Kanadia),Highway,4,80,1347,72.4,19.6,Clear,24.9,0.0,0,0,0
2026-06-24 04:00,SEG_03,Ring Road Section 3 (Robot Square to Radisson),Arterial,3,55,265,52.7,5.5,Clear,24.9,0.0,0,0,0
2026-06-24 04:00,SEG_04,Super Corridor West (Airport to MR10),Expressway,4,85,508,81.7,6.0,Clear,24.9,0.0,0,0,0
2026-06-24 04:00,SEG_05,Bhawarkua Arterial (University to Tower Square),Collector,2,45,164,45,7.9,Clear,24.9,0.0,0,0,0
2026-06-24 04:00,SEG_06,MR-10 Expressway Link (Tigaria to Vijay Nagar),Expressway,3,70,430,68.7,6.9,Clear,24.9,0.0,0,0,0
2026-06-24 04:00,SEG_07,Annapurna Road Corridor (Ranjeet Hanuman to Mhow),Collector,2,40,178,32.0,12.3,Clear,24.9,0.0,0,1,0
2026-06-24 04:00,SEG_08,Vijay Nagar Central Junction (Brilliant to Scheme 54),Arterial,3,50,431,46.6,10.5,Clear,24.9,0.0,0,0,0
2026-06-24 06:00,SEG_01,AB Road Central (Palasia to Geeta Bhawan),Arterial,3,50,1372,28.4,46.8,Clear,26.1,0.0,0,1,1
2026-06-24 06:00,SEG_02,Eastern Bypass Corridor (Rau to Kanadia),Highway,4,80,2252,59.8,38.8,Clear,26.1,0.0,0,0,1
2026-06-24 06:00,SEG_03,Ring Road Section 3 (Robot Square to Radisson),Arterial,3,55,1179,40.2,37.1,Clear,26.1,0.0,0,0,1
2026-06-24 06:00,SEG_04,Super Corridor West (Airport to MR10),Expressway,4,85,2897,58.2,45.2,Clear,26.1,0.0,0,0,1
2026-06-24 06:00,SEG_05,Bhawarkua Arterial (University to Tower Square),Collector,2,45,797,32.0,44.8,Clear,26.1,0.0,0,0,1
2026-06-24 06:00,SEG_06,MR-10 Expressway Link (Tigaria to Vijay Nagar),Expressway,3,70,1508,52.0,39.6,Clear,26.1,0.0,0,0,1
2026-06-24 06:00,SEG_07,Annapurna Road Corridor (Ranjeet Hanuman to Mhow),Collector,2,40,726,21.8,46.6,Clear,26.1,0.0,0,1,2
2026-06-24 06:00,SEG_08,Vijay Nagar Central Junction (Brilliant to Scheme 54),Arterial,3,50,1313,36.3,39.6,Clear,26.1,0.0,0,0,1
2026-06-24 08:00,SEG_01,AB Road Central (Palasia to Geeta Bhawan),Arterial,3,50,2783,8.8,96.3,Cloudy,16.3,0.0,0,1,3
2026-06-24 08:00,SEG_02,Eastern Bypass Corridor (Rau to Kanadia),Highway,4,80,4374,18.6,87.0,Cloudy,16.3,0.0,0,0,3
2026-06-24 08:00,SEG_03,Ring Road Section 3 (Robot Square to Radisson),Arterial,3,55,2384,15.6,83.9,Cloudy,16.3,0.0,0,0,3
2026-06-24 08:00,SEG_04,Super Corridor West (Airport to MR10),Expressway,4,85,5051,17.6,90.1,Cloudy,16.3,0.0,0,0,3
2026-06-24 08:00,SEG_05,Bhawarkua Arterial (University to Tower Square),Collector,2,45,1287,16.0,77.6,Cloudy,16.3,0.0,0,0,2
2026-06-24 08:00,SEG_06,MR-10 Expressway Link (Tigaria to Vijay Nagar),Expressway,3,70,3387,14.4,95.2,Cloudy,16.3,0.0,0,0,3
2026-06-24 08:00,SEG_07,Annapurna Road Corridor (Ranjeet Hanuman to Mhow),Collector,2,40,1365,8.0,88.8,Cloudy,16.3,0.0,0,1,3
2026-06-24 08:00,SEG_08,Vijay Nagar Central Junction (Brilliant to Scheme 54),Arterial,3,50,3011,8.9,96.4,Cloudy,16.3,0.0,0,0,3
2026-06-24 10:00,SEG_01,AB Road Central (Palasia to Geeta Bhawan),Arterial,3,50,2325,11.7,83.4,Rainy,20.0,11.8,0,1,3
2026-06-24 10:00,SEG_02,Eastern Bypass Corridor (Rau to Kanadia),Highway,4,80,3642,30.5,72.2,Rainy,20.0,11.8,0,0,2
2026-06-24 10:00,SEG_03,Ring Road Section 3 (Robot Square to Radisson),Arterial,3,55,2550,9.3,92.7,Rainy,20.0,11.8,0,0,3
2026-06-24 10:00,SEG_04,Super Corridor West (Airport to MR10),Expressway,4,85,4140,26.7,77.8,Rainy,20.0,11.8,0,0,2
2026-06-24 10:00,SEG_05,Bhawarkua Arterial (University to Tower Square),Collector,2,45,1315,12.8,83.2,Rainy,20.0,11.8,0,0,3
2026-06-24 10:00,SEG_06,MR-10 Expressway Link (Tigaria to Vijay Nagar),Expressway,3,70,2552,25.2,69.7,Rainy,20.0,11.8,0,0,2
2026-06-24 10:00,SEG_07,Annapurna Road Corridor (Ranjeet Hanuman to Mhow),Collector,2,40,1073,12.0,73.1,Rainy,20.0,11.8,0,1,3
2026-06-24 10:00,SEG_08,Vijay Nagar Central Junction (Brilliant to Scheme 54),Arterial,3,50,2373,14.6,79.5,Rainy,20.0,11.8,0,0,2
2026-06-24 12:00,SEG_01,AB Road Central (Palasia to Geeta Bhawan),Arterial,3,50,1830,23.7,60.1,Clear,35.9,0.0,0,1,2
2026-06-24 12:00,SEG_02,Eastern Bypass Corridor (Rau to Kanadia),Highway,4,80,3028,47.3,57.2,Clear,35.9,0.0,0,0,1
2026-06-24 12:00,SEG_03,Ring Road Section 3 (Robot Square to Radisson),Arterial,3,55,1768,28.6,57.9,Clear,35.9,0.0,0,0,2
2026-06-24 12:00,SEG_04,Super Corridor West (Airport to MR10),Expressway,4,85,3657,43.2,64.4,Clear,35.9,0.0,0,0,2
2026-06-24 12:00,SEG_05,Bhawarkua Arterial (University to Tower Square),Collector,2,45,1032,24.0,60.7,Clear,35.9,0.0,0,0,2
2026-06-24 12:00,SEG_06,MR-10 Expressway Link (Tigaria to Vijay Nagar),Expressway,3,70,2112,39.2,55.5,Clear,35.9,0.0,0,0,1
2026-06-24 12:00,SEG_07,Annapurna Road Corridor (Ranjeet Hanuman to Mhow),Collector,2,40,867,20.9,53.6,Clear,35.9,0.0,0,1,2
2026-06-24 12:00,SEG_08,Vijay Nagar Central Junction (Brilliant to Scheme 54),Arterial,3,50,1645,31.4,51.7,Clear,35.9,0.0,0,0,1
2026-06-24 14:00,SEG_01,AB Road Central (Palasia to Geeta Bhawan),Arterial,3,50,1818,21.5,62.2,Cloudy,26.9,0.0,0,1,2
2026-06-24 14:00,SEG_02,Eastern Bypass Corridor (Rau to Kanadia),Highway,4,80,3189,44.5,60.1,Cloudy,26.9,0.0,0,0,1
2026-06-24 14:00,SEG_03,Ring Road Section 3 (Robot Square to Radisson),Arterial,3,55,1805,29.9,59.6,Cloudy,26.9,0.0,0,0,2
2026-06-24 14:00,SEG_04,Super Corridor West (Airport to MR10),Expressway,4,85,3581,44.7,62.1,Cloudy,26.9,0.0,0,0,2
2026-06-24 14:00,SEG_05,Bhawarkua Arterial (University to Tower Square),Collector,2,45,955,27.0,54.4,Cloudy,26.9,0.0,0,0,1
2026-06-24 14:00,SEG_06,MR-10 Expressway Link (Tigaria to Vijay Nagar),Expressway,3,70,2334,36.0,64.0,Cloudy,26.9,0.0,0,0,2
2026-06-24 14:00,SEG_07,Annapurna Road Corridor (Ranjeet Hanuman to Mhow),Collector,2,40,793,22.4,49.0,Cloudy,26.9,0.0,0,1,2
2026-06-24 14:00,SEG_08,Vijay Nagar Central Junction (Brilliant to Scheme 54),Arterial,3,50,1973,26.5,60.7,Cloudy,26.9,0.0,0,0,2
2026-06-24 16:00,SEG_01,AB Road Central (Palasia to Geeta Bhawan),Arterial,3,50,1611,24.8,57.9,Cloudy,26.4,0.0,0,1,2
2026-06-24 16:00,SEG_02,Eastern Bypass Corridor (Rau to Kanadia),Highway,4,80,2945,49.5,53.2,Cloudy,26.4,0.0,0,0,1
2026-06-24 16:00,SEG_03,Ring Road Section 3 (Robot Square to Radisson),Arterial,3,55,1531,36.2,51.7,Cloudy,26.4,0.0,0,0,1
2026-06-24 16:00,SEG_04,Super Corridor West (Airport to MR10),Expressway,4,85,3403,49.2,58.7,Cloudy,26.4,0.0,0,0,1
2026-06-24 16:00,SEG_05,Bhawarkua Arterial (University to Tower Square),Collector,2,45,934,28.2,53.3,Cloudy,26.4,0.0,0,0,1
2026-06-24 16:00,SEG_06,MR-10 Expressway Link (Tigaria to Vijay Nagar),Expressway,3,70,1939,43.4,50.1,Cloudy,26.4,0.0,0,0,1
2026-06-24 16:00,SEG_07,Annapurna Road Corridor (Ranjeet Hanuman to Mhow),Collector,2,40,895,19.9,59.8,Cloudy,26.4,0.0,0,1,2
2026-06-24 16:00,SEG_08,Vijay Nagar Central Junction (Brilliant to Scheme 54),Arterial,3,50,1843,28.0,60.6,Cloudy,26.4,0.0,0,0,1
2026-06-24 18:00,SEG_01,AB Road Central (Palasia to Geeta Bhawan),Arterial,3,50,2720,8.0,90.0,Cloudy,25.2,0.0,0,1,3
2026-06-24 18:00,SEG_02,Eastern Bypass Corridor (Rau to Kanadia),Highway,4,80,5129,13.5,98.0,Cloudy,25.2,0.0,0,0,3
2026-06-24 18:00,SEG_03,Ring Road Section 3 (Robot Square to Radisson),Arterial,3,55,2556,8.3,95.4,Cloudy,25.2,0.0,0,0,3
2026-06-24 18:00,SEG_04,Super Corridor West (Airport to MR10),Expressway,4,85,5880,15.6,98.0,Cloudy,25.2,0.0,0,0,3
2026-06-24 18:00,SEG_05,Bhawarkua Arterial (University to Tower Square),Collector,2,45,1664,8.3,98.0,Cloudy,25.2,0.0,0,0,3
2026-06-24 18:00,SEG_06,MR-10 Expressway Link (Tigaria to Vijay Nagar),Expressway,3,70,3052,18.0,84.6,Cloudy,25.2,0.0,0,0,3
2026-06-24 18:00,SEG_07,Annapurna Road Corridor (Ranjeet Hanuman to Mhow),Collector,2,40,1339,8.0,87.3,Cloudy,25.2,0.0,0,1,3
2026-06-24 18:00,SEG_08,Vijay Nagar Central Junction (Brilliant to Scheme 54),Arterial,3,50,2479,13.8,83.1,Cloudy,25.2,0.0,0,0,3
2026-06-24 20:00,SEG_01,AB Road Central (Palasia to Geeta Bhawan),Arterial,3,50,3001,8.6,98.0,Clear,24.6,0.0,0,1,3
2026-06-24 20:00,SEG_02,Eastern Bypass Corridor (Rau to Kanadia),Highway,4,80,5166,15.6,96.1,Clear,24.6,0.0,0,0,3
2026-06-24 20:00,SEG_03,Ring Road Section 3 (Robot Square to Radisson),Arterial,3,55,2662,9.2,93.8,Clear,24.6,0.0,0,0,3
2026-06-24 20:00,SEG_04,Super Corridor West (Airport to MR10),Expressway,4,85,5375,17.2,92.6,Clear,24.6,0.0,0,0,3
2026-06-24 20:00,SEG_05,Bhawarkua Arterial (University to Tower Square),Collector,2,45,1428,11.3,86.5,Clear,24.6,0.0,0,0,3
2026-06-24 20:00,SEG_06,MR-10 Expressway Link (Tigaria to Vijay Nagar),Expressway,3,70,3111,14.8,90.2,Clear,24.6,0.0,0,0,3
2026-06-24 20:00,SEG_07,Annapurna Road Corridor (Ranjeet Hanuman to Mhow),Collector,2,40,1502,8.0,96.1,Clear,24.6,0.0,0,1,3
2026-06-24 20:00,SEG_08,Vijay Nagar Central Junction (Brilliant to Scheme 54),Arterial,3,50,2589,11.6,86.5,Clear,24.6,0.0,0,0,3
2026-06-24 22:00,SEG_01,AB Road Central (Palasia to Geeta Bhawan),Arterial,3,50,1374,24.1,52.2,Foggy,16.7,0.0,0,1,2
2026-06-24 22:00,SEG_02,Eastern Bypass Corridor (Rau to Kanadia),Highway,4,80,2817,45.4,53.4,Foggy,16.7,0.0,0,0,1
2026-06-24 22:00,SEG_03,Ring Road Section 3 (Robot Square to Radisson),Arterial,3,55,1472,31.8,52.2,Foggy,16.7,0.0,0,0,1
2026-06-24 22:00,SEG_04,Super Corridor West (Airport to MR10),Expressway,4,85,3059,47.3,53.4,Foggy,16.7,0.0,0,0,1
2026-06-24 22:00,SEG_05,Bhawarkua Arterial (University to Tower Square),Collector,2,45,750,30.2,45.8,Foggy,16.7,0.0,0,0,1
2026-06-24 22:00,SEG_06,MR-10 Expressway Link (Tigaria to Vijay Nagar),Expressway,3,70,1423,46.8,36.7,Foggy,16.7,0.0,0,0,1
2026-06-24 22:00,SEG_07,Annapurna Road Corridor (Ranjeet Hanuman to Mhow),Collector,2,40,727,17.8,55.3,Foggy,16.7,0.0,0,1,2
2026-06-24 22:00,SEG_08,Vijay Nagar Central Junction (Brilliant to Scheme 54),Arterial,3,50,1388,32.5,42.9,Foggy,16.7,0.0,0,0,1
2026-06-25 00:00,SEG_01,AB Road Central (Palasia to Geeta Bhawan),Arterial,3,50,276,48.9,4.9,Clear,23.0,0.0,0,0,0
2026-06-25 00:00,SEG_02,Eastern Bypass Corridor (Rau to Kanadia),Highway,4,80,1212,74.2,18.1,Clear,23.0,0.0,0,0,0
2026-06-25 00:00,SEG_03,Ring Road Section 3 (Robot Square to Radisson),Arterial,3,55,328,52.7,7.1,Clear,23.0,0.0,0,0,0
2026-06-25 00:00,SEG_04,Super Corridor West (Airport to MR10),Expressway,4,85,636,82.5,7.0,Clear,23.0,0.0,0,0,0
2026-06-25 00:00,SEG_05,Bhawarkua Arterial (University to Tower Square),Collector,2,45,176,44.3,7.0,Clear,23.0,0.0,0,0,0
2026-06-25 00:00,SEG_06,MR-10 Expressway Link (Tigaria to Vijay Nagar),Expressway,3,70,482,67.6,13.6,Clear,23.0,0.0,0,0,0
2026-06-25 00:00,SEG_07,Annapurna Road Corridor (Ranjeet Hanuman to Mhow),Collector,2,40,133,40,6.2,Clear,23.0,0.0,0,0,0
2026-06-25 00:00,SEG_08,Vijay Nagar Central Junction (Brilliant to Scheme 54),Arterial,3,50,251,50,6.2,Clear,23.0,0.0,0,0,0
2026-06-25 02:00,SEG_01,AB Road Central (Palasia to Geeta Bhawan),Arterial,3,50,333,39.2,17.5,Rainy,24.8,10.1,0,0,0
2026-06-25 02:00,SEG_02,Eastern Bypass Corridor (Rau to Kanadia),Highway,4,80,1328,59.9,27.9,Rainy,24.8,10.1,0,0,0
2026-06-25 02:00,SEG_03,Ring Road Section 3 (Robot Square to Radisson),Arterial,3,55,356,44.8,12.4,Rainy,24.8,10.1,0,0,0
2026-06-25 02:00,SEG_04,Super Corridor West (Airport to MR10),Expressway,4,85,458,70.2,13.6,Rainy,24.8,10.1,0,0,0
2026-06-25 02:00,SEG_05,Bhawarkua Arterial (University to Tower Square),Collector,2,45,155,34.8,14.6,Rainy,24.8,10.1,0,0,0
2026-06-25 02:00,SEG_06,MR-10 Expressway Link (Tigaria to Vijay Nagar),Expressway,3,70,474,57.1,18.3,Rainy,24.8,10.1,0,0,0
2026-06-25 02:00,SEG_07,Annapurna Road Corridor (Ranjeet Hanuman to Mhow),Collector,2,40,223,30.9,17.8,Rainy,24.8,10.1,0,0,0
2026-06-25 02:00,SEG_08,Vijay Nagar Central Junction (Brilliant to Scheme 54),Arterial,3,50,258,39.7,11.6,Rainy,24.8,10.1,0,0,0
2026-06-25 04:00,SEG_01,AB Road Central (Palasia to Geeta Bhawan),Arterial,3,50,349,49.7,10.8,Cloudy,21.8,0.0,0,0,0
2026-06-25 04:00,SEG_02,Eastern Bypass Corridor (Rau to Kanadia),Highway,4,80,1422,70.2,24.4,Cloudy,21.8,0.0,0,0,0
2026-06-25 04:00,SEG_03,Ring Road Section 3 (Robot Square to Radisson),Arterial,3,55,302,53.6,7.7,Cloudy,21.8,0.0,0,0,0
2026-06-25 04:00,SEG_04,Super Corridor West (Airport to MR10),Expressway,4,85,656,82.2,7.4,Cloudy,21.8,0.0,0,0,0
2026-06-25 04:00,SEG_05,Bhawarkua Arterial (University to Tower Square),Collector,2,45,242,41.3,10.2,Cloudy,21.8,0.0,0,0,0
2026-06-25 04:00,SEG_06,MR-10 Expressway Link (Tigaria to Vijay Nagar),Expressway,3,70,328,67.7,10.6,Cloudy,21.8,0.0,0,0,0
2026-06-25 04:00,SEG_07,Annapurna Road Corridor (Ranjeet Hanuman to Mhow),Collector,2,40,219,38.4,8.6,Cloudy,21.8,0.0,0,0,0
2026-06-25 04:00,SEG_08,Vijay Nagar Central Junction (Brilliant to Scheme 54),Arterial,3,50,434,49.4,10.7,Cloudy,21.8,0.0,0,0,0
2026-06-25 06:00,SEG_01,AB Road Central (Palasia to Geeta Bhawan),Arterial,3,50,1253,36.7,41.1,Clear,29.0,0.0,0,0,1
2026-06-25 06:00,SEG_02,Eastern Bypass Corridor (Rau to Kanadia),Highway,4,80,2119,62.3,36.3,Clear,29.0,0.0,0,0,1
2026-06-25 06:00,SEG_03,Ring Road Section 3 (Robot Square to Radisson),Arterial,3,55,1120,44.5,31.8,Clear,29.0,0.0,0,0,0
2026-06-25 06:00,SEG_04,Super Corridor West (Airport to MR10),Expressway,4,85,3022,52.9,48.6,Clear,29.0,0.0,0,0,1
2026-06-25 06:00,SEG_05,Bhawarkua Arterial (University to Tower Square),Collector,2,45,688,35.9,34.4,Clear,29.0,0.0,0,0,0
2026-06-25 06:00,SEG_06,MR-10 Expressway Link (Tigaria to Vijay Nagar),Expressway,3,70,1594,29.8,53.4,Clear,29.0,0.0,1,0,2
2026-06-25 06:00,SEG_07,Annapurna Road Corridor (Ranjeet Hanuman to Mhow),Collector,2,40,805,27.4,46.8,Clear,29.0,0.0,0,0,1
2026-06-25 06:00,SEG_08,Vijay Nagar Central Junction (Brilliant to Scheme 54),Arterial,3,50,1361,35.3,42.8,Clear,29.0,0.0,0,0,1
2026-06-25 08:00,SEG_01,AB Road Central (Palasia to Geeta Bhawan),Arterial,3,50,2608,10.6,89.4,Rainy,22.1,20.4,0,0,3
2026-06-25 08:00,SEG_02,Eastern Bypass Corridor (Rau to Kanadia),Highway,4,80,4004,22.9,77.4,Rainy,22.1,20.4,0,0,2
2026-06-25 08:00,SEG_03,Ring Road Section 3 (Robot Square to Radisson),Arterial,3,55,2547,8.5,93.1,Rainy,22.1,20.4,0,0,3
2026-06-25 08:00,SEG_04,Super Corridor West (Airport to MR10),Expressway,4,85,4495,23.3,79.1,Rainy,22.1,20.4,0,0,3
2026-06-25 08:00,SEG_05,Bhawarkua Arterial (University to Tower Square),Collector,2,45,1257,13.6,75.6,Rainy,22.1,20.4,0,0,2
2026-06-25 08:00,SEG_06,MR-10 Expressway Link (Tigaria to Vijay Nagar),Expressway,3,70,2873,18.0,85.2,Rainy,22.1,20.4,0,0,3
2026-06-25 08:00,SEG_07,Annapurna Road Corridor (Ranjeet Hanuman to Mhow),Collector,2,40,1188,11.8,76.3,Rainy,22.1,20.4,0,0,2
2026-06-25 08:00,SEG_08,Vijay Nagar Central Junction (Brilliant to Scheme 54),Arterial,3,50,2285,17.0,76.4,Rainy,22.1,20.4,0,0,2
2026-06-25 10:00,SEG_01,AB Road Central (Palasia to Geeta Bhawan),Arterial,3,50,2839,8.0,97.2,Clear,31.7,0.0,0,0,3
2026-06-25 10:00,SEG_02,Eastern Bypass Corridor (Rau to Kanadia),Highway,4,80,4312,20.9,84.5,Clear,31.7,0.0,0,0,3
2026-06-25 10:00,SEG_03,Ring Road Section 3 (Robot Square to Radisson),Arterial,3,55,2254,15.9,83.0,Clear,31.7,0.0,0,0,3
2026-06-25 10:00,SEG_04,Super Corridor West (Airport to MR10),Expressway,4,85,4874,18.9,87.6,Clear,31.7,0.0,0,0,3
2026-06-25 10:00,SEG_05,Bhawarkua Arterial (University to Tower Square),Collector,2,45,1512,9.8,90.3,Clear,31.7,0.0,0,0,3
2026-06-25 10:00,SEG_06,MR-10 Expressway Link (Tigaria to Vijay Nagar),Expressway,3,70,2897,19.0,81.3,Clear,31.7,0.0,0,0,3
2026-06-25 10:00,SEG_07,Annapurna Road Corridor (Ranjeet Hanuman to Mhow),Collector,2,40,1128,16.7,71.3,Clear,31.7,0.0,0,0,2
2026-06-25 10:00,SEG_08,Vijay Nagar Central Junction (Brilliant to Scheme 54),Arterial,3,50,2592,11.6,87.3,Clear,31.7,0.0,0,0,3
2026-06-25 12:00,SEG_01,AB Road Central (Palasia to Geeta Bhawan),Arterial,3,50,1597,32.4,50.0,Clear,35.9,0.0,0,0,1
2026-06-25 12:00,SEG_02,Eastern Bypass Corridor (Rau to Kanadia),Highway,4,80,2942,47.1,51.5,Clear,35.9,0.0,0,0,1
2026-06-25 12:00,SEG_03,Ring Road Section 3 (Robot Square to Radisson),Arterial,3,55,1495,36.9,49.9,Clear,35.9,0.0,0,0,1
2026-06-25 12:00,SEG_04,Super Corridor West (Airport to MR10),Expressway,4,85,2835,57.8,43.5,Clear,35.9,0.0,0,0,1
2026-06-25 12:00,SEG_05,Bhawarkua Arterial (University to Tower Square),Collector,2,45,1040,24.6,58.5,Clear,35.9,0.0,0,0,1
2026-06-25 12:00,SEG_06,MR-10 Expressway Link (Tigaria to Vijay Nagar),Expressway,3,70,2060,42.0,55.3,Clear,35.9,0.0,0,0,1
2026-06-25 12:00,SEG_07,Annapurna Road Corridor (Ranjeet Hanuman to Mhow),Collector,2,40,913,24.6,52.9,Clear,35.9,0.0,0,0,1
2026-06-25 12:00,SEG_08,Vijay Nagar Central Junction (Brilliant to Scheme 54),Arterial,3,50,1696,31.0,50.6,Clear,35.9,0.0,0,0,1
2026-06-25 14:00,SEG_01,AB Road Central (Palasia to Geeta Bhawan),Arterial,3,50,1827,29.2,54.8,Cloudy,20.0,0.0,0,0,1
2026-06-25 14:00,SEG_02,Eastern Bypass Corridor (Rau to Kanadia),Highway,4,80,3042,45.7,55.3,Cloudy,20.0,0.0,0,0,1
2026-06-25 14:00,SEG_03,Ring Road Section 3 (Robot Square to Radisson),Arterial,3,55,1701,30.9,56.7,Cloudy,20.0,0.0,0,0,1
2026-06-25 14:00,SEG_04,Super Corridor West (Airport to MR10),Expressway,4,85,3377,48.1,55.7,Cloudy,20.0,0.0,0,0,1
2026-06-25 14:00,SEG_05,Bhawarkua Arterial (University to Tower Square),Collector,2,45,956,25.5,53.7,Cloudy,20.0,0.0,0,0,1
2026-06-25 14:00,SEG_06,MR-10 Expressway Link (Tigaria to Vijay Nagar),Expressway,3,70,2000,43.0,55.3,Cloudy,20.0,0.0,0,0,1
2026-06-25 14:00,SEG_07,Annapurna Road Corridor (Ranjeet Hanuman to Mhow),Collector,2,40,924,23.2,55.0,Cloudy,20.0,0.0,0,0,1
2026-06-25 14:00,SEG_08,Vijay Nagar Central Junction (Brilliant to Scheme 54),Arterial,3,50,1484,33.4,48.0,Cloudy,20.0,0.0,0,0,1
2026-06-25 16:00,SEG_01,AB Road Central (Palasia to Geeta Bhawan),Arterial,3,50,1645,31.5,49.2,Cloudy,27.5,0.3,0,0,1
2026-06-25 16:00,SEG_02,Eastern Bypass Corridor (Rau to Kanadia),Highway,4,80,3023,47.8,53.3,Cloudy,27.5,0.3,0,0,1
2026-06-25 16:00,SEG_03,Ring Road Section 3 (Robot Square to Radisson),Arterial,3,55,1725,30.3,59.9,Cloudy,27.5,0.3,0,0,1
2026-06-25 16:00,SEG_04,Super Corridor West (Airport to MR10),Expressway,4,85,2979,56.8,46.1,Cloudy,27.5,0.3,0,0,1
2026-06-25 16:00,SEG_05,Bhawarkua Arterial (University to Tower Square),Collector,2,45,1005,25.6,58.9,Cloudy,27.5,0.3,0,0,1
2026-06-25 16:00,SEG_06,MR-10 Expressway Link (Tigaria to Vijay Nagar),Expressway,3,70,2256,35.1,58.9,Cloudy,27.5,0.3,0,0,2
2026-06-25 16:00,SEG_07,Annapurna Road Corridor (Ranjeet Hanuman to Mhow),Collector,2,40,880,23.2,57.1,Cloudy,27.5,0.3,0,0,1
2026-06-25 16:00,SEG_08,Vijay Nagar Central Junction (Brilliant to Scheme 54),Arterial,3,50,1517,35.0,44.8,Cloudy,27.5,0.3,0,0,1
2026-06-25 18:00,SEG_01,AB Road Central (Palasia to Geeta Bhawan),Arterial,3,50,2589,8.0,89.8,Rainy,22.9,27.4,0,0,3
2026-06-25 18:00,SEG_02,Eastern Bypass Corridor (Rau to Kanadia),Highway,4,80,4492,14.9,89.5,Rainy,22.9,27.4,0,0,3
2026-06-25 18:00,SEG_03,Ring Road Section 3 (Robot Square to Radisson),Arterial,3,55,2203,17.5,79.2,Rainy,22.9,27.4,0,0,2
2026-06-25 18:00,SEG_04,Super Corridor West (Airport to MR10),Expressway,4,85,5588,11.1,98.0,Rainy,22.9,27.4,0,0,3
2026-06-25 18:00,SEG_05,Bhawarkua Arterial (University to Tower Square),Collector,2,45,1381,9.3,84.1,Rainy,22.9,27.4,0,0,3
2026-06-25 18:00,SEG_06,MR-10 Expressway Link (Tigaria to Vijay Nagar),Expressway,3,70,2715,22.4,77.8,Rainy,22.9,27.4,0,0,2
2026-06-25 18:00,SEG_07,Annapurna Road Corridor (Ranjeet Hanuman to Mhow),Collector,2,40,1265,11.0,83.3,Rainy,22.9,27.4,0,0,3
2026-06-25 18:00,SEG_08,Vijay Nagar Central Junction (Brilliant to Scheme 54),Arterial,3,50,2962,8.0,95.8,Rainy,22.9,27.4,0,0,3
2026-06-25 20:00,SEG_01,AB Road Central (Palasia to Geeta Bhawan),Arterial,3,50,2716,9.7,93.9,Clear,24.6,0.0,0,0,3
2026-06-25 20:00,SEG_02,Eastern Bypass Corridor (Rau to Kanadia),Highway,4,80,4686,12.7,93.0,Clear,24.6,0.0,0,0,3
2026-06-25 20:00,SEG_03,Ring Road Section 3 (Robot Square to Radisson),Arterial,3,55,2545,9.6,89.6,Clear,24.6,0.0,0,0,3
2026-06-25 20:00,SEG_04,Super Corridor West (Airport to MR10),Expressway,4,85,5306,15.4,96.5,Clear,24.6,0.0,0,0,3
2026-06-25 20:00,SEG_05,Bhawarkua Arterial (University to Tower Square),Collector,2,45,1598,8.0,95.1,Clear,24.6,0.0,0,0,3
2026-06-25 20:00,SEG_06,MR-10 Expressway Link (Tigaria to Vijay Nagar),Expressway,3,70,3152,14.2,91.5,Clear,24.6,0.0,0,0,3
2026-06-25 20:00,SEG_07,Annapurna Road Corridor (Ranjeet Hanuman to Mhow),Collector,2,40,1290,8.9,88.7,Clear,24.6,0.0,0,0,3
2026-06-25 20:00,SEG_08,Vijay Nagar Central Junction (Brilliant to Scheme 54),Arterial,3,50,2633,8.0,92.8,Clear,24.6,0.0,1,0,3
2026-06-25 22:00,SEG_01,AB Road Central (Palasia to Geeta Bhawan),Arterial,3,50,1448,36.0,45.5,Clear,20.9,0.0,0,0,1
2026-06-25 22:00,SEG_02,Eastern Bypass Corridor (Rau to Kanadia),Highway,4,80,3110,47.3,57.4,Clear,20.9,0.0,0,0,1
2026-06-25 22:00,SEG_03,Ring Road Section 3 (Robot Square to Radisson),Arterial,3,55,1276,41.6,42.5,Clear,20.9,0.0,0,0,1
2026-06-25 22:00,SEG_04,Super Corridor West (Airport to MR10),Expressway,4,85,2280,65.7,33.7,Clear,20.9,0.0,0,0,1
2026-06-25 22:00,SEG_05,Bhawarkua Arterial (University to Tower Square),Collector,2,45,839,28.4,47.6,Clear,20.9,0.0,0,0,1
2026-06-25 22:00,SEG_06,MR-10 Expressway Link (Tigaria to Vijay Nagar),Expressway,3,70,1487,54.4,34.1,Clear,20.9,0.0,0,0,1
2026-06-25 22:00,SEG_07,Annapurna Road Corridor (Ranjeet Hanuman to Mhow),Collector,2,40,616,31.4,33.5,Clear,20.9,0.0,0,0,0
2026-06-25 22:00,SEG_08,Vijay Nagar Central Junction (Brilliant to Scheme 54),Arterial,3,50,1469,36.0,45.6,Clear,20.9,0.0,0,0,1
2026-06-26 00:00,SEG_01,AB Road Central (Palasia to Geeta Bhawan),Arterial,3,50,379,46.5,8.8,Clear,20.5,0.0,0,0,0
2026-06-26 00:00,SEG_02,Eastern Bypass Corridor (Rau to Kanadia),Highway,4,80,1320,70.2,19.3,Clear,20.5,0.0,0,0,0
2026-06-26 00:00,SEG_03,Ring Road Section 3 (Robot Square to Radisson),Arterial,3,55,247,53.8,5.0,Clear,20.5,0.0,0,0,0
2026-06-26 00:00,SEG_04,Super Corridor West (Airport to MR10),Expressway,4,85,873,80.0,13.9,Clear,20.5,0.0,0,0,0
2026-06-26 00:00,SEG_05,Bhawarkua Arterial (University to Tower Square),Collector,2,45,220,41.3,10.2,Clear,20.5,0.0,0,0,0
2026-06-26 00:00,SEG_06,MR-10 Expressway Link (Tigaria to Vijay Nagar),Expressway,3,70,327,70,7.6,Clear,20.5,0.0,0,0,0
2026-06-26 00:00,SEG_07,Annapurna Road Corridor (Ranjeet Hanuman to Mhow),Collector,2,40,189,37.9,13.4,Clear,20.5,0.0,0,0,0
2026-06-26 00:00,SEG_08,Vijay Nagar Central Junction (Brilliant to Scheme 54),Arterial,3,50,294,49.2,7.4,Clear,20.5,0.0,0,0,0
2026-06-26 02:00,SEG_01,AB Road Central (Palasia to Geeta Bhawan),Arterial,3,50,439,48.4,14.1,Clear,22.5,0.0,0,0,0
2026-06-26 02:00,SEG_02,Eastern Bypass Corridor (Rau to Kanadia),Highway,4,80,1236,70.4,19.9,Clear,22.5,0.0,0,0,0
2026-06-26 02:00,SEG_03,Ring Road Section 3 (Robot Square to Radisson),Arterial,3,55,388,51.1,13.6,Clear,22.5,0.0,0,0,0
2026-06-26 02:00,SEG_04,Super Corridor West (Airport to MR10),Expressway,4,85,696,80.5,10.9,Clear,22.5,0.0,0,0,0
2026-06-26 02:00,SEG_05,Bhawarkua Arterial (University to Tower Square),Collector,2,45,237,43.7,8.4,Clear,22.5,0.0,0,0,0
2026-06-26 02:00,SEG_06,MR-10 Expressway Link (Tigaria to Vijay Nagar),Expressway,3,70,382,69.0,7.9,Clear,22.5,0.0,0,0,0
2026-06-26 02:00,SEG_07,Annapurna Road Corridor (Ranjeet Hanuman to Mhow),Collector,2,40,189,40,6.7,Clear,22.5,0.0,0,0,0
2026-06-26 02:00,SEG_08,Vijay Nagar Central Junction (Brilliant to Scheme 54),Arterial,3,50,347,48.3,9.0,Clear,22.5,0.0,0,0,0
2026-06-26 04:00,SEG_01,AB Road Central (Palasia to Geeta Bhawan),Arterial,3,50,342,38.3,17.6,Rainy,24.2,31.3,0,0,0
2026-06-26 04:00,SEG_02,Eastern Bypass Corridor (Rau to Kanadia),Highway,4,80,1060,59.8,26.0,Rainy,24.2,31.3,0,0,0
2026-06-26 04:00,SEG_03,Ring Road Section 3 (Robot Square to Radisson),Arterial,3,55,294,29.6,24.4,Rainy,24.2,31.3,1,0,1
2026-06-26 04:00,SEG_04,Super Corridor West (Airport to MR10),Expressway,4,85,510,66.6,13.2,Rainy,24.2,31.3,0,0,0
2026-06-26 04:00,SEG_05,Bhawarkua Arterial (University to Tower Square),Collector,2,45,140,35.8,11.9,Rainy,24.2,31.3,0,0,0
2026-06-26 04:00,SEG_06,MR-10 Expressway Link (Tigaria to Vijay Nagar),Expressway,3,70,490,55.0,18.5,Rainy,24.2,31.3,0,0,0
2026-06-26 04:00,SEG_07,Annapurna Road Corridor (Ranjeet Hanuman to Mhow),Collector,2,40,172,33.7,10.7,Rainy,24.2,31.3,0,0,0
2026-06-26 04:00,SEG_08,Vijay Nagar Central Junction (Brilliant to Scheme 54),Arterial,3,50,386,39.4,15.1,Rainy,24.2,31.3,0,0,0
2026-06-26 06:00,SEG_01,AB Road Central (Palasia to Geeta Bhawan),Arterial,3,50,1291,22.0,47.5,Clear,29.8,0.0,1,0,2
2026-06-26 06:00,SEG_02,Eastern Bypass Corridor (Rau to Kanadia),Highway,4,80,2466,54.7,42.0,Clear,29.8,0.0,0,0,1
2026-06-26 06:00,SEG_03,Ring Road Section 3 (Robot Square to Radisson),Arterial,3,55,1223,42.4,37.3,Clear,29.8,0.0,0,0,1
2026-06-26 06:00,SEG_04,Super Corridor West (Airport to MR10),Expressway,4,85,2658,59.9,41.3,Clear,29.8,0.0,0,0,1
2026-06-26 06:00,SEG_05,Bhawarkua Arterial (University to Tower Square),Collector,2,45,668,33.9,39.3,Clear,29.8,0.0,0,0,1
2026-06-26 06:00,SEG_06,MR-10 Expressway Link (Tigaria to Vijay Nagar),Expressway,3,70,1869,45.7,48.0,Clear,29.8,0.0,0,0,1
2026-06-26 06:00,SEG_07,Annapurna Road Corridor (Ranjeet Hanuman to Mhow),Collector,2,40,585,32.2,36.2,Clear,29.8,0.0,0,0,0
2026-06-26 06:00,SEG_08,Vijay Nagar Central Junction (Brilliant to Scheme 54),Arterial,3,50,1253,39.2,36.5,Clear,29.8,0.0,0,0,1
2026-06-26 08:00,SEG_01,AB Road Central (Palasia to Geeta Bhawan),Arterial,3,50,2414,16.1,77.2,Clear,29.1,0.0,0,0,2
2026-06-26 08:00,SEG_02,Eastern Bypass Corridor (Rau to Kanadia),Highway,4,80,4508,19.5,85.6,Clear,29.1,0.0,0,0,3
2026-06-26 08:00,SEG_03,Ring Road Section 3 (Robot Square to Radisson),Arterial,3,55,2503,10.0,88.1,Clear,29.1,0.0,0,0,3
2026-06-26 08:00,SEG_04,Super Corridor West (Airport to MR10),Expressway,4,85,4847,20.8,85.1,Clear,29.1,0.0,0,0,3
2026-06-26 08:00,SEG_05,Bhawarkua Arterial (University to Tower Square),Collector,2,45,1509,8.0,91.4,Clear,29.1,0.0,0,0,3
2026-06-26 08:00,SEG_06,MR-10 Expressway Link (Tigaria to Vijay Nagar),Expressway,3,70,3406,13.9,96.0,Clear,29.1,0.0,0,0,3
2026-06-26 08:00,SEG_07,Annapurna Road Corridor (Ranjeet Hanuman to Mhow),Collector,2,40,1466,8.1,96.0,Clear,29.1,0.0,0,0,3
2026-06-26 08:00,SEG_08,Vijay Nagar Central Junction (Brilliant to Scheme 54),Arterial,3,50,2519,14.4,82.8,Clear,29.1,0.0,0,0,3
2026-06-26 10:00,SEG_01,AB Road Central (Palasia to Geeta Bhawan),Arterial,3,50,2365,15.1,79.0,Cloudy,26.5,0.2,0,0,2
2026-06-26 10:00,SEG_02,Eastern Bypass Corridor (Rau to Kanadia),Highway,4,80,4567,16.5,89.7,Cloudy,26.5,0.2,0,0,3
2026-06-26 10:00,SEG_03,Ring Road Section 3 (Robot Square to Radisson),Arterial,3,55,2399,12.9,87.1,Cloudy,26.5,0.2,0,0,3
2026-06-26 10:00,SEG_04,Super Corridor West (Airport to MR10),Expressway,4,85,4539,28.5,76.9,Cloudy,26.5,0.2,0,0,2
2026-06-26 10:00,SEG_05,Bhawarkua Arterial (University to Tower Square),Collector,2,45,1540,8.0,95.1,Cloudy,26.5,0.2,0,0,3
2026-06-26 10:00,SEG_06,MR-10 Expressway Link (Tigaria to Vijay Nagar),Expressway,3,70,3126,13.5,88.8,Cloudy,26.5,0.2,0,0,3
2026-06-26 10:00,SEG_07,Annapurna Road Corridor (Ranjeet Hanuman to Mhow),Collector,2,40,1304,10.1,85.8,Cloudy,26.5,0.2,0,0,3
2026-06-26 10:00,SEG_08,Vijay Nagar Central Junction (Brilliant to Scheme 54),Arterial,3,50,2592,10.0,85.4,Cloudy,26.5,0.2,0,0,3
2026-06-26 12:00,SEG_01,AB Road Central (Palasia to Geeta Bhawan),Arterial,3,50,1851,28.6,60.7,Clear,32.6,0.0,0,0,1
2026-06-26 12:00,SEG_02,Eastern Bypass Corridor (Rau to Kanadia),Highway,4,80,2823,50.5,51.1,Clear,32.6,0.0,0,0,1
2026-06-26 12:00,SEG_03,Ring Road Section 3 (Robot Square to Radisson),Arterial,3,55,1665,30.6,58.5,Clear,32.6,0.0,0,0,1
2026-06-26 12:00,SEG_04,Super Corridor West (Airport to MR10),Expressway,4,85,3437,49.3,55.6,Clear,32.6,0.0,0,0,1
2026-06-26 12:00,SEG_05,Bhawarkua Arterial (University to Tower Square),Collector,2,45,910,26.3,55.0,Clear,32.6,0.0,0,0,1
2026-06-26 12:00,SEG_06,MR-10 Expressway Link (Tigaria to Vijay Nagar),Expressway,3,70,1762,46.5,44.4,Clear,32.6,0.0,0,0,1
2026-06-26 12:00,SEG_07,Annapurna Road Corridor (Ranjeet Hanuman to Mhow),Collector,2,40,949,22.9,59.1,Clear,32.6,0.0,0,0,1
2026-06-26 12:00,SEG_08,Vijay Nagar Central Junction (Brilliant to Scheme 54),Arterial,3,50,1602,32.9,50.3,Clear,32.6,0.0,0,0,1
2026-06-26 14:00,SEG_01,AB Road Central (Palasia to Geeta Bhawan),Arterial,3,50,1673,28.9,54.7,Clear,31.4,0.0,0,0,1
2026-06-26 14:00,SEG_02,Eastern Bypass Corridor (Rau to Kanadia),Highway,4,80,2960,46.8,52.6,Clear,31.4,0.0,0,0,1
2026-06-26 14:00,SEG_03,Ring Road Section 3 (Robot Square to Radisson),Arterial,3,55,1741,29.4,59.5,Clear,31.4,0.0,0,0,1
2026-06-26 14:00,SEG_04,Super Corridor West (Airport to MR10),Expressway,4,85,3071,54.2,49.5,Clear,31.4,0.0,0,0,1
2026-06-26 14:00,SEG_05,Bhawarkua Arterial (University to Tower Square),Collector,2,45,873,28.3,47.0,Clear,31.4,0.0,0,0,1
2026-06-26 14:00,SEG_06,MR-10 Expressway Link (Tigaria to Vijay Nagar),Expressway,3,70,2121,39.5,55.1,Clear,31.4,0.0,0,0,1
2026-06-26 14:00,SEG_07,Annapurna Road Corridor (Ranjeet Hanuman to Mhow),Collector,2,40,826,27.0,47.1,Clear,31.4,0.0,0,0,1
2026-06-26 14:00,SEG_08,Vijay Nagar Central Junction (Brilliant to Scheme 54),Arterial,3,50,1817,28.9,59.2,Clear,31.4,0.0,0,0,1
2026-06-26 16:00,SEG_01,AB Road Central (Palasia to Geeta Bhawan),Arterial,3,50,1854,27.5,57.6,Cloudy,26.4,0.9,0,0,1
2026-06-26 16:00,SEG_02,Eastern Bypass Corridor (Rau to Kanadia),Highway,4,80,2640,53.5,48.4,Cloudy,26.4,0.9,0,0,1
2026-06-26 16:00,SEG_03,Ring Road Section 3 (Robot Square to Radisson),Arterial,3,55,1687,32.5,58.4,Cloudy,26.4,0.9,0,0,1
2026-06-26 16:00,SEG_04,Super Corridor West (Airport to MR10),Expressway,4,85,3275,51.1,56.9,Cloudy,26.4,0.9,0,0,1
2026-06-26 16:00,SEG_05,Bhawarkua Arterial (University to Tower Square),Collector,2,45,721,18.4,48.4,Cloudy,26.4,0.9,1,0,2
2026-06-26 16:00,SEG_06,MR-10 Expressway Link (Tigaria to Vijay Nagar),Expressway,3,70,1565,31.0,51.7,Cloudy,26.4,0.9,1,0,2
2026-06-26 16:00,SEG_07,Annapurna Road Corridor (Ranjeet Hanuman to Mhow),Collector,2,40,905,23.8,58.1,Cloudy,26.4,0.9,0,0,1
2026-06-26 16:00,SEG_08,Vijay Nagar Central Junction (Brilliant to Scheme 54),Arterial,3,50,1776,29.6,54.2,Cloudy,26.4,0.9,0,0,1
2026-06-26 18:00,SEG_01,AB Road Central (Palasia to Geeta Bhawan),Arterial,3,50,2495,15.7,84.3,Clear,26.5,0.0,0,0,3
2026-06-26 18:00,SEG_02,Eastern Bypass Corridor (Rau to Kanadia),Highway,4,80,4406,21.0,87.3,Clear,26.5,0.0,0,0,3
2026-06-26 18:00,SEG_03,Ring Road Section 3 (Robot Square to Radisson),Arterial,3,55,2691,10.8,94.1,Clear,26.5,0.0,0,0,3
2026-06-26 18:00,SEG_04,Super Corridor West (Airport to MR10),Expressway,4,85,5799,13.4,98.0,Clear,26.5,0.0,0,0,3
2026-06-26 18:00,SEG_05,Bhawarkua Arterial (University to Tower Square),Collector,2,45,1393,11.1,84.4,Clear,26.5,0.0,0,0,3
2026-06-26 18:00,SEG_06,MR-10 Expressway Link (Tigaria to Vijay Nagar),Expressway,3,70,2846,20.4,77.9,Clear,26.5,0.0,0,0,3
2026-06-26 18:00,SEG_07,Annapurna Road Corridor (Ranjeet Hanuman to Mhow),Collector,2,40,1564,8.7,98.0,Clear,26.5,0.0,0,0,3
2026-06-26 18:00,SEG_08,Vijay Nagar Central Junction (Brilliant to Scheme 54),Arterial,3,50,2743,9.7,94.6,Clear,26.5,0.0,0,0,3
2026-06-26 20:00,SEG_01,AB Road Central (Palasia to Geeta Bhawan),Arterial,3,50,3172,9.3,98.0,Clear,25.8,0.0,0,0,3
2026-06-26 20:00,SEG_02,Eastern Bypass Corridor (Rau to Kanadia),Highway,4,80,4950,15.3,96.2,Clear,25.8,0.0,0,0,3
2026-06-26 20:00,SEG_03,Ring Road Section 3 (Robot Square to Radisson),Arterial,3,55,2290,18.0,80.2,Clear,25.8,0.0,0,0,2
2026-06-26 20:00,SEG_04,Super Corridor West (Airport to MR10),Expressway,4,85,5329,15.5,93.1,Clear,25.8,0.0,0,0,3
2026-06-26 20:00,SEG_05,Bhawarkua Arterial (University to Tower Square),Collector,2,45,1530,8.0,96.3,Clear,25.8,0.0,0,0,3
2026-06-26 20:00,SEG_06,MR-10 Expressway Link (Tigaria to Vijay Nagar),Expressway,3,70,3232,14.2,92.6,Clear,25.8,0.0,0,0,3
2026-06-26 20:00,SEG_07,Annapurna Road Corridor (Ranjeet Hanuman to Mhow),Collector,2,40,1468,8.0,92.6,Clear,25.8,0.0,0,0,3
2026-06-26 20:00,SEG_08,Vijay Nagar Central Junction (Brilliant to Scheme 54),Arterial,3,50,3082,9.2,98.0,Clear,25.8,0.0,0,0,3
2026-06-26 22:00,SEG_01,AB Road Central (Palasia to Geeta Bhawan),Arterial,3,50,1321,30.8,45.5,Rainy,21.7,29.8,0,0,1
2026-06-26 22:00,SEG_02,Eastern Bypass Corridor (Rau to Kanadia),Highway,4,80,2980,40.4,59.3,Rainy,21.7,29.8,0,0,1
2026-06-26 22:00,SEG_03,Ring Road Section 3 (Robot Square to Radisson),Arterial,3,55,1183,36.2,41.4,Rainy,21.7,29.8,0,0,1
2026-06-26 22:00,SEG_04,Super Corridor West (Airport to MR10),Expressway,4,85,2359,53.1,44.8,Rainy,21.7,29.8,0,0,1
2026-06-26 22:00,SEG_05,Bhawarkua Arterial (University to Tower Square),Collector,2,45,743,26.8,44.5,Rainy,21.7,29.8,0,0,1
2026-06-26 22:00,SEG_06,MR-10 Expressway Link (Tigaria to Vijay Nagar),Expressway,3,70,1556,42.4,46.4,Rainy,21.7,29.8,0,0,1
2026-06-26 22:00,SEG_07,Annapurna Road Corridor (Ranjeet Hanuman to Mhow),Collector,2,40,563,27.4,34.3,Rainy,21.7,29.8,0,0,1
2026-06-26 22:00,SEG_08,Vijay Nagar Central Junction (Brilliant to Scheme 54),Arterial,3,50,1271,32.5,39.8,Rainy,21.7,29.8,0,0,1
2026-06-27 00:00,SEG_01,AB Road Central (Palasia to Geeta Bhawan),Arterial,3,50,479,45.7,16.8,Clear,23.2,0.0,0,0,0
2026-06-27 00:00,SEG_02,Eastern Bypass Corridor (Rau to Kanadia),Highway,4,80,1404,70.5,20.6,Clear,23.2,0.0,0,0,0
2026-06-27 00:00,SEG_03,Ring Road Section 3 (Robot Square to Radisson),Arterial,3,55,513,50.0,13.9,Clear,23.2,0.0,0,0,0
2026-06-27 00:00,SEG_04,Super Corridor West (Airport to MR10),Expressway,4,85,1017,81.5,13.5,Clear,23.2,0.0,0,0,0
2026-06-27 00:00,SEG_05,Bhawarkua Arterial (University to Tower Square),Collector,2,45,256,42.0,12.5,Clear,23.2,0.0,0,0,0
2026-06-27 00:00,SEG_06,MR-10 Expressway Link (Tigaria to Vijay Nagar),Expressway,3,70,506,66.9,12.2,Clear,23.2,0.0,0,0,0
2026-06-27 00:00,SEG_07,Annapurna Road Corridor (Ranjeet Hanuman to Mhow),Collector,2,40,200,37.8,8.2,Clear,23.2,0.0,0,0,0
2026-06-27 00:00,SEG_08,Vijay Nagar Central Junction (Brilliant to Scheme 54),Arterial,3,50,593,46.5,13.8,Clear,23.2,0.0,0,0,0
2026-06-27 02:00,SEG_01,AB Road Central (Palasia to Geeta Bhawan),Arterial,3,50,629,44.2,18.6,Cloudy,22.0,0.0,0,0,0
2026-06-27 02:00,SEG_02,Eastern Bypass Corridor (Rau to Kanadia),Highway,4,80,1711,65.1,30.8,Cloudy,22.0,0.0,0,0,0
2026-06-27 02:00,SEG_03,Ring Road Section 3 (Robot Square to Radisson),Arterial,3,55,567,51.9,14.4,Cloudy,22.0,0.0,0,0,0
2026-06-27 02:00,SEG_04,Super Corridor West (Airport to MR10),Expressway,4,85,1103,80.0,17.8,Cloudy,22.0,0.0,0,0,0
2026-06-27 02:00,SEG_05,Bhawarkua Arterial (University to Tower Square),Collector,2,45,212,26.5,25.5,Cloudy,22.0,0.0,1,0,1
2026-06-27 02:00,SEG_06,MR-10 Expressway Link (Tigaria to Vijay Nagar),Expressway,3,70,731,64.5,16.9,Cloudy,22.0,0.0,0,0,0
2026-06-27 02:00,SEG_07,Annapurna Road Corridor (Ranjeet Hanuman to Mhow),Collector,2,40,280,38.0,11.8,Cloudy,22.0,0.0,0,0,0
2026-06-27 02:00,SEG_08,Vijay Nagar Central Junction (Brilliant to Scheme 54),Arterial,3,50,548,48.4,12.6,Cloudy,22.0,0.0,0,0,0
2026-06-27 04:00,SEG_01,AB Road Central (Palasia to Geeta Bhawan),Arterial,3,50,437,49.1,9.0,Clear,24.2,0.0,0,0,0
2026-06-27 04:00,SEG_02,Eastern Bypass Corridor (Rau to Kanadia),Highway,4,80,1412,71.5,25.1,Clear,24.2,0.0,0,0,0
2026-06-27 04:00,SEG_03,Ring Road Section 3 (Robot Square to Radisson),Arterial,3,55,505,51.0,16.1,Clear,24.2,0.0,0,0,0
2026-06-27 04:00,SEG_04,Super Corridor West (Airport to MR10),Expressway,4,85,1076,80.0,17.8,Clear,24.2,0.0,0,0,0
2026-06-27 04:00,SEG_05,Bhawarkua Arterial (University to Tower Square),Collector,2,45,211,45,9.3,Clear,24.2,0.0,0,0,0
2026-06-27 04:00,SEG_06,MR-10 Expressway Link (Tigaria to Vijay Nagar),Expressway,3,70,569,64.4,14.2,Clear,24.2,0.0,0,0,0
2026-06-27 04:00,SEG_07,Annapurna Road Corridor (Ranjeet Hanuman to Mhow),Collector,2,40,291,37.2,14.4,Clear,24.2,0.0,0,0,0
2026-06-27 04:00,SEG_08,Vijay Nagar Central Junction (Brilliant to Scheme 54),Arterial,3,50,518,46.1,17.4,Clear,24.2,0.0,0,0,0
2026-06-27 06:00,SEG_01,AB Road Central (Palasia to Geeta Bhawan),Arterial,3,50,1732,28.3,53.3,Clear,27.6,0.0,0,0,1
2026-06-27 06:00,SEG_02,Eastern Bypass Corridor (Rau to Kanadia),Highway,4,80,2644,55.4,45.5,Clear,27.6,0.0,0,0,1
2026-06-27 06:00,SEG_03,Ring Road Section 3 (Robot Square to Radisson),Arterial,3,55,1204,40.1,38.6,Clear,27.6,0.0,0,0,1
2026-06-27 06:00,SEG_04,Super Corridor West (Airport to MR10),Expressway,4,85,2682,58.4,45.2,Clear,27.6,0.0,0,0,1
2026-06-27 06:00,SEG_05,Bhawarkua Arterial (University to Tower Square),Collector,2,45,652,33.5,37.5,Clear,27.6,0.0,0,0,1
2026-06-27 06:00,SEG_06,MR-10 Expressway Link (Tigaria to Vijay Nagar),Expressway,3,70,1624,48.9,45.1,Clear,27.6,0.0,0,0,1
2026-06-27 06:00,SEG_07,Annapurna Road Corridor (Ranjeet Hanuman to Mhow),Collector,2,40,857,24.5,52.4,Clear,27.6,0.0,0,0,1
2026-06-27 06:00,SEG_08,Vijay Nagar Central Junction (Brilliant to Scheme 54),Arterial,3,50,1289,37.6,40.4,Clear,27.6,0.0,0,0,1
2026-06-27 08:00,SEG_01,AB Road Central (Palasia to Geeta Bhawan),Arterial,3,50,1554,33.1,50.8,Clear,29.5,0.0,0,0,1
2026-06-27 08:00,SEG_02,Eastern Bypass Corridor (Rau to Kanadia),Highway,4,80,2469,57.6,42.1,Clear,29.5,0.0,0,0,1
2026-06-27 08:00,SEG_03,Ring Road Section 3 (Robot Square to Radisson),Arterial,3,55,1232,40.5,41.8,Clear,29.5,0.0,0,0,1
2026-06-27 08:00,SEG_04,Super Corridor West (Airport to MR10),Expressway,4,85,2738,60.8,43.0,Clear,29.5,0.0,0,0,1
2026-06-27 08:00,SEG_05,Bhawarkua Arterial (University to Tower Square),Collector,2,45,875,27.6,51.2,Clear,29.5,0.0,0,0,1
2026-06-27 08:00,SEG_06,MR-10 Expressway Link (Tigaria to Vijay Nagar),Expressway,3,70,1971,44.2,49.7,Clear,29.5,0.0,0,0,1
2026-06-27 08:00,SEG_07,Annapurna Road Corridor (Ranjeet Hanuman to Mhow),Collector,2,40,740,27.6,41.7,Clear,29.5,0.0,0,0,1
2026-06-27 08:00,SEG_08,Vijay Nagar Central Junction (Brilliant to Scheme 54),Arterial,3,50,1213,37.2,37.9,Clear,29.5,0.0,0,0,1
2026-06-27 10:00,SEG_01,AB Road Central (Palasia to Geeta Bhawan),Arterial,3,50,1523,32.8,47.5,Clear,32.8,0.0,0,0,1
2026-06-27 10:00,SEG_02,Eastern Bypass Corridor (Rau to Kanadia),Highway,4,80,2341,58.2,40.3,Clear,32.8,0.0,0,0,1
2026-06-27 10:00,SEG_03,Ring Road Section 3 (Robot Square to Radisson),Arterial,3,55,1559,36.0,51.1,Clear,32.8,0.0,0,0,1
2026-06-27 10:00,SEG_04,Super Corridor West (Airport to MR10),Expressway,4,85,2909,54.8,48.2,Clear,32.8,0.0,0,0,1
2026-06-27 10:00,SEG_05,Bhawarkua Arterial (University to Tower Square),Collector,2,45,774,30.9,42.2,Clear,32.8,0.0,0,0,1
2026-06-27 10:00,SEG_06,MR-10 Expressway Link (Tigaria to Vijay Nagar),Expressway,3,70,1567,50.7,43.0,Clear,32.8,0.0,0,0,1
2026-06-27 10:00,SEG_07,Annapurna Road Corridor (Ranjeet Hanuman to Mhow),Collector,2,40,835,24.5,53.5,Clear,32.8,0.0,0,0,1
2026-06-27 10:00,SEG_08,Vijay Nagar Central Junction (Brilliant to Scheme 54),Arterial,3,50,1452,34.5,45.5,Clear,32.8,0.0,0,0,1
2026-06-27 12:00,SEG_01,AB Road Central (Palasia to Geeta Bhawan),Arterial,3,50,2085,23.0,66.1,Cloudy,30.6,1.2,0,0,2
2026-06-27 12:00,SEG_02,Eastern Bypass Corridor (Rau to Kanadia),Highway,4,80,3876,31.9,75.4,Cloudy,30.6,1.2,0,0,2
2026-06-27 12:00,SEG_03,Ring Road Section 3 (Robot Square to Radisson),Arterial,3,55,1934,27.1,63.5,Cloudy,30.6,1.2,0,0,2
2026-06-27 12:00,SEG_04,Super Corridor West (Airport to MR10),Expressway,4,85,4064,36.1,68.8,Cloudy,30.6,1.2,0,0,2
2026-06-27 12:00,SEG_05,Bhawarkua Arterial (University to Tower Square),Collector,2,45,1176,19.9,67.7,Cloudy,30.6,1.2,0,0,2
2026-06-27 12:00,SEG_06,MR-10 Expressway Link (Tigaria to Vijay Nagar),Expressway,3,70,2819,20.5,78.4,Cloudy,30.6,1.2,0,0,3
2026-06-27 12:00,SEG_07,Annapurna Road Corridor (Ranjeet Hanuman to Mhow),Collector,2,40,1236,14.3,79.2,Cloudy,30.6,1.2,0,0,2
2026-06-27 12:00,SEG_08,Vijay Nagar Central Junction (Brilliant to Scheme 54),Arterial,3,50,2040,22.0,66.4,Cloudy,30.6,1.2,0,0,2
2026-06-27 14:00,SEG_01,AB Road Central (Palasia to Geeta Bhawan),Arterial,3,50,2056,22.2,66.3,Cloudy,18.4,0.0,0,0,2
2026-06-27 14:00,SEG_02,Eastern Bypass Corridor (Rau to Kanadia),Highway,4,80,3555,36.5,67.1,Cloudy,18.4,0.0,0,0,2
2026-06-27 14:00,SEG_03,Ring Road Section 3 (Robot Square to Radisson),Arterial,3,55,1982,25.4,65.9,Cloudy,18.4,0.0,0,0,2
2026-06-27 14:00,SEG_04,Super Corridor West (Airport to MR10),Expressway,4,85,3857,20.0,75.0,Cloudy,18.4,0.0,1,0,3
2026-06-27 14:00,SEG_05,Bhawarkua Arterial (University to Tower Square),Collector,2,45,1095,22.7,64.0,Cloudy,18.4,0.0,0,0,2
2026-06-27 14:00,SEG_06,MR-10 Expressway Link (Tigaria to Vijay Nagar),Expressway,3,70,2389,32.1,66.3,Cloudy,18.4,0.0,0,0,2
2026-06-27 14:00,SEG_07,Annapurna Road Corridor (Ranjeet Hanuman to Mhow),Collector,2,40,990,21.9,59.1,Cloudy,18.4,0.0,0,0,2
2026-06-27 14:00,SEG_08,Vijay Nagar Central Junction (Brilliant to Scheme 54),Arterial,3,50,2304,19.1,77.9,Cloudy,18.4,0.0,0,0,2
2026-06-27 16:00,SEG_01,AB Road Central (Palasia to Geeta Bhawan),Arterial,3,50,1384,35.7,40.1,Clear,30.9,0.0,0,0,1
2026-06-27 16:00,SEG_02,Eastern Bypass Corridor (Rau to Kanadia),Highway,4,80,2210,59.0,37.7,Clear,30.9,0.0,0,0,1
2026-06-27 16:00,SEG_03,Ring Road Section 3 (Robot Square to Radisson),Arterial,3,55,1431,35.8,45.1,Clear,30.9,0.0,0,0,1
2026-06-27 16:00,SEG_04,Super Corridor West (Airport to MR10),Expressway,4,85,2542,62.9,39.7,Clear,30.9,0.0,0,0,1
2026-06-27 16:00,SEG_05,Bhawarkua Arterial (University to Tower Square),Collector,2,45,813,29.9,48.4,Clear,30.9,0.0,0,0,1
2026-06-27 16:00,SEG_06,MR-10 Expressway Link (Tigaria to Vijay Nagar),Expressway,3,70,1800,46.1,47.4,Clear,30.9,0.0,0,0,1
2026-06-27 16:00,SEG_07,Annapurna Road Corridor (Ranjeet Hanuman to Mhow),Collector,2,40,811,25.4,50.9,Clear,30.9,0.0,0,0,1
2026-06-27 16:00,SEG_08,Vijay Nagar Central Junction (Brilliant to Scheme 54),Arterial,3,50,1552,34.2,45.3,Clear,30.9,0.0,0,0,1
2026-06-27 18:00,SEG_01,AB Road Central (Palasia to Geeta Bhawan),Arterial,3,50,2217,20.4,71.9,Clear,27.6,0.0,0,0,2
2026-06-27 18:00,SEG_02,Eastern Bypass Corridor (Rau to Kanadia),Highway,4,80,4023,28.8,76.1,Clear,27.6,0.0,0,0,2
2026-06-27 18:00,SEG_03,Ring Road Section 3 (Robot Square to Radisson),Arterial,3,55,2380,13.8,84.8,Clear,27.6,0.0,0,0,3
2026-06-27 18:00,SEG_04,Super Corridor West (Airport to MR10),Expressway,4,85,5087,14.3,90.1,Clear,27.6,0.0,0,0,3
2026-06-27 18:00,SEG_05,Bhawarkua Arterial (University to Tower Square),Collector,2,45,1395,10.1,88.1,Clear,27.6,0.0,0,0,3
2026-06-27 18:00,SEG_06,MR-10 Expressway Link (Tigaria to Vijay Nagar),Expressway,3,70,2983,19.4,86.9,Clear,27.6,0.0,0,0,3
2026-06-27 18:00,SEG_07,Annapurna Road Corridor (Ranjeet Hanuman to Mhow),Collector,2,40,1249,13.5,77.5,Clear,27.6,0.0,0,0,2
2026-06-27 18:00,SEG_08,Vijay Nagar Central Junction (Brilliant to Scheme 54),Arterial,3,50,2340,19.0,75.6,Clear,27.6,0.0,0,0,2
2026-06-27 20:00,SEG_01,AB Road Central (Palasia to Geeta Bhawan),Arterial,3,50,2463,13.8,82.5,Clear,26.4,0.0,0,0,3
2026-06-27 20:00,SEG_02,Eastern Bypass Corridor (Rau to Kanadia),Highway,4,80,3686,35.4,70.7,Clear,26.4,0.0,0,0,2
2026-06-27 20:00,SEG_03,Ring Road Section 3 (Robot Square to Radisson),Arterial,3,55,2674,10.1,97.1,Clear,26.4,0.0,0,0,3
2026-06-27 20:00,SEG_04,Super Corridor West (Airport to MR10),Expressway,4,85,4730,21.5,85.7,Clear,26.4,0.0,0,0,3
2026-06-27 20:00,SEG_05,Bhawarkua Arterial (University to Tower Square),Collector,2,45,1131,19.7,65.2,Clear,26.4,0.0,0,0,2
2026-06-27 20:00,SEG_06,MR-10 Expressway Link (Tigaria to Vijay Nagar),Expressway,3,70,2945,17.6,86.8,Clear,26.4,0.0,0,0,3
2026-06-27 20:00,SEG_07,Annapurna Road Corridor (Ranjeet Hanuman to Mhow),Collector,2,40,1076,18.9,67.5,Clear,26.4,0.0,0,0,2
2026-06-27 20:00,SEG_08,Vijay Nagar Central Junction (Brilliant to Scheme 54),Arterial,3,50,2179,19.4,69.2,Clear,26.4,0.0,0,0,2
2026-06-27 22:00,SEG_01,AB Road Central (Palasia to Geeta Bhawan),Arterial,3,50,1690,29.7,51.8,Clear,21.3,0.0,0,0,1
2026-06-27 22:00,SEG_02,Eastern Bypass Corridor (Rau to Kanadia),Highway,4,80,2789,51.6,51.4,Clear,21.3,0.0,0,0,1
2026-06-27 22:00,SEG_03,Ring Road Section 3 (Robot Square to Radisson),Arterial,3,55,1080,26.7,46.4,Clear,21.3,0.0,1,0,2
2026-06-27 22:00,SEG_04,Super Corridor West (Airport to MR10),Expressway,4,85,2839,57.1,46.6,Clear,21.3,0.0,0,0,1
2026-06-27 22:00,SEG_05,Bhawarkua Arterial (University to Tower Square),Collector,2,45,966,26.8,56.2,Clear,21.3,0.0,0,0,1
2026-06-27 22:00,SEG_06,MR-10 Expressway Link (Tigaria to Vijay Nagar),Expressway,3,70,1911,44.1,50.6,Clear,21.3,0.0,0,0,1
2026-06-27 22:00,SEG_07,Annapurna Road Corridor (Ranjeet Hanuman to Mhow),Collector,2,40,783,27.1,46.1,Clear,21.3,0.0,0,0,1
2026-06-27 22:00,SEG_08,Vijay Nagar Central Junction (Brilliant to Scheme 54),Arterial,3,50,1412,34.9,42.5,Clear,21.3,0.0,0,0,1
2026-06-28 00:00,SEG_01,AB Road Central (Palasia to Geeta Bhawan),Arterial,3,50,382,46.8,13.3,Clear,20.8,0.0,0,0,0
2026-06-28 00:00,SEG_02,Eastern Bypass Corridor (Rau to Kanadia),Highway,4,80,1734,65.7,28.0,Clear,20.8,0.0,0,0,0
2026-06-28 00:00,SEG_03,Ring Road Section 3 (Robot Square to Radisson),Arterial,3,55,348,53.1,9.6,Clear,20.8,0.0,0,0,0
2026-06-28 00:00,SEG_04,Super Corridor West (Airport to MR10),Expressway,4,85,1001,79.5,11.9,Clear,20.8,0.0,0,0,0
2026-06-28 00:00,SEG_05,Bhawarkua Arterial (University to Tower Square),Collector,2,45,364,40.3,16.3,Clear,20.8,0.0,0,0,0
2026-06-28 00:00,SEG_06,MR-10 Expressway Link (Tigaria to Vijay Nagar),Expressway,3,70,578,66.0,14.0,Clear,20.8,0.0,0,0,0
2026-06-28 00:00,SEG_07,Annapurna Road Corridor (Ranjeet Hanuman to Mhow),Collector,2,40,241,39.7,13.4,Clear,20.8,0.0,0,0,0
2026-06-28 00:00,SEG_08,Vijay Nagar Central Junction (Brilliant to Scheme 54),Arterial,3,50,492,49.0,10.1,Clear,20.8,0.0,0,0,0
2026-06-28 02:00,SEG_01,AB Road Central (Palasia to Geeta Bhawan),Arterial,3,50,543,40.1,19.6,Foggy,16.6,0.0,0,0,0
2026-06-28 02:00,SEG_02,Eastern Bypass Corridor (Rau to Kanadia),Highway,4,80,1310,62.6,25.9,Foggy,16.6,0.0,0,0,0
2026-06-28 02:00,SEG_03,Ring Road Section 3 (Robot Square to Radisson),Arterial,3,55,397,44.9,15.8,Foggy,16.6,0.0,0,0,0
2026-06-28 02:00,SEG_04,Super Corridor West (Airport to MR10),Expressway,4,85,994,71.4,19.2,Foggy,16.6,0.0,0,0,0
2026-06-28 02:00,SEG_05,Bhawarkua Arterial (University to Tower Square),Collector,2,45,269,39.2,15.1,Foggy,16.6,0.0,0,0,0
2026-06-28 02:00,SEG_06,MR-10 Expressway Link (Tigaria to Vijay Nagar),Expressway,3,70,641,56.8,17.1,Foggy,16.6,0.0,0,0,0
2026-06-28 02:00,SEG_07,Annapurna Road Corridor (Ranjeet Hanuman to Mhow),Collector,2,40,293,32.3,17.3,Foggy,16.6,0.0,0,0,0
2026-06-28 02:00,SEG_08,Vijay Nagar Central Junction (Brilliant to Scheme 54),Arterial,3,50,493,41.9,16.6,Foggy,16.6,0.0,0,0,0
2026-06-28 04:00,SEG_01,AB Road Central (Palasia to Geeta Bhawan),Arterial,3,50,429,29.1,26.7,Cloudy,21.6,0.0,1,0,1
2026-06-28 04:00,SEG_02,Eastern Bypass Corridor (Rau to Kanadia),Highway,4,80,1432,69.9,26.5,Cloudy,21.6,0.0,0,0,0
2026-06-28 04:00,SEG_03,Ring Road Section 3 (Robot Square to Radisson),Arterial,3,55,581,50.6,19.5,Cloudy,21.6,0.0,0,0,0
2026-06-28 04:00,SEG_04,Super Corridor West (Airport to MR10),Expressway,4,85,1094,80.8,13.7,Cloudy,21.6,0.0,0,0,0
2026-06-28 04:00,SEG_05,Bhawarkua Arterial (University to Tower Square),Collector,2,45,306,41.4,16.7,Cloudy,21.6,0.0,0,0,0
2026-06-28 04:00,SEG_06,MR-10 Expressway Link (Tigaria to Vijay Nagar),Expressway,3,70,624,66.1,15.3,Cloudy,21.6,0.0,0,0,0
2026-06-28 04:00,SEG_07,Annapurna Road Corridor (Ranjeet Hanuman to Mhow),Collector,2,40,313,38.2,15.4,Cloudy,21.6,0.0,0,0,0
2026-06-28 04:00,SEG_08,Vijay Nagar Central Junction (Brilliant to Scheme 54),Arterial,3,50,483,49.3,14.6,Cloudy,21.6,0.0,0,0,0
2026-06-28 06:00,SEG_01,AB Road Central (Palasia to Geeta Bhawan),Arterial,3,50,1520,33.8,48.6,Clear,28.4,0.0,0,0,1
2026-06-28 06:00,SEG_02,Eastern Bypass Corridor (Rau to Kanadia),Highway,4,80,2515,54.1,42.7,Clear,28.4,0.0,0,0,1
2026-06-28 06:00,SEG_03,Ring Road Section 3 (Robot Square to Radisson),Arterial,3,55,1364,38.0,43.4,Clear,28.4,0.0,0,0,1
2026-06-28 06:00,SEG_04,Super Corridor West (Airport to MR10),Expressway,4,85,2325,66.7,33.6,Clear,28.4,0.0,0,0,0
2026-06-28 06:00,SEG_05,Bhawarkua Arterial (University to Tower Square),Collector,2,45,813,32.1,42.3,Clear,28.4,0.0,0,0,1
2026-06-28 06:00,SEG_06,MR-10 Expressway Link (Tigaria to Vijay Nagar),Expressway,3,70,1584,49.6,39.8,Clear,28.4,0.0,0,0,1
2026-06-28 06:00,SEG_07,Annapurna Road Corridor (Ranjeet Hanuman to Mhow),Collector,2,40,820,26.0,49.0,Clear,28.4,0.0,0,0,1
2026-06-28 06:00,SEG_08,Vijay Nagar Central Junction (Brilliant to Scheme 54),Arterial,3,50,1545,31.8,46.5,Clear,28.4,0.0,0,0,1
2026-06-28 08:00,SEG_01,AB Road Central (Palasia to Geeta Bhawan),Arterial,3,50,1219,36.5,37.9,Clear,30.5,0.0,0,0,1
2026-06-28 08:00,SEG_02,Eastern Bypass Corridor (Rau to Kanadia),Highway,4,80,2360,59.1,41.7,Clear,30.5,0.0,0,0,1
2026-06-28 08:00,SEG_03,Ring Road Section 3 (Robot Square to Radisson),Arterial,3,55,1433,35.5,50.6,Clear,30.5,0.0,0,0,1
2026-06-28 08:00,SEG_04,Super Corridor West (Airport to MR10),Expressway,4,85,2743,58.4,45.2,Clear,30.5,0.0,0,0,1
2026-06-28 08:00,SEG_05,Bhawarkua Arterial (University to Tower Square),Collector,2,45,753,30.6,43.5,Clear,30.5,0.0,0,0,1
2026-06-28 08:00,SEG_06,MR-10 Expressway Link (Tigaria to Vijay Nagar),Expressway,3,70,1980,41.8,51.1,Clear,30.5,0.0,0,0,1
2026-06-28 08:00,SEG_07,Annapurna Road Corridor (Ranjeet Hanuman to Mhow),Collector,2,40,783,27.0,47.7,Clear,30.5,0.0,0,0,1
2026-06-28 08:00,SEG_08,Vijay Nagar Central Junction (Brilliant to Scheme 54),Arterial,3,50,1554,31.3,49.7,Clear,30.5,0.0,0,0,1
2026-06-28 10:00,SEG_01,AB Road Central (Palasia to Geeta Bhawan),Arterial,3,50,1443,35.7,40.6,Clear,33.8,0.0,0,0,1
2026-06-28 10:00,SEG_02,Eastern Bypass Corridor (Rau to Kanadia),Highway,4,80,2835,51.5,49.7,Clear,33.8,0.0,0,0,1
2026-06-28 10:00,SEG_03,Ring Road Section 3 (Robot Square to Radisson),Arterial,3,55,1337,38.4,45.3,Clear,33.8,0.0,0,0,1
2026-06-28 10:00,SEG_04,Super Corridor West (Airport to MR10),Expressway,4,85,2768,57.9,43.7,Clear,33.8,0.0,0,0,1
2026-06-28 10:00,SEG_05,Bhawarkua Arterial (University to Tower Square),Collector,2,45,690,34.5,35.0,Clear,33.8,0.0,0,0,1
2026-06-28 10:00,SEG_06,MR-10 Expressway Link (Tigaria to Vijay Nagar),Expressway,3,70,1535,50.3,41.7,Clear,33.8,0.0,0,0,1
2026-06-28 10:00,SEG_07,Annapurna Road Corridor (Ranjeet Hanuman to Mhow),Collector,2,40,794,26.1,46.0,Clear,33.8,0.0,0,0,1
2026-06-28 10:00,SEG_08,Vijay Nagar Central Junction (Brilliant to Scheme 54),Arterial,3,50,1629,32.0,53.0,Clear,33.8,0.0,0,0,1
2026-06-28 12:00,SEG_01,AB Road Central (Palasia to Geeta Bhawan),Arterial,3,50,1819,26.4,55.9,Clear,33.9,0.0,0,0,1
2026-06-28 12:00,SEG_02,Eastern Bypass Corridor (Rau to Kanadia),Highway,4,80,3709,34.3,70.8,Clear,33.9,0.0,0,0,2
2026-06-28 12:00,SEG_03,Ring Road Section 3 (Robot Square to Radisson),Arterial,3,55,2008,22.5,69.1,Clear,33.9,0.0,0,0,2
2026-06-28 12:00,SEG_04,Super Corridor West (Airport to MR10),Expressway,4,85,4242,34.3,73.5,Clear,33.9,0.0,0,0,2
2026-06-28 12:00,SEG_05,Bhawarkua Arterial (University to Tower Square),Collector,2,45,1102,23.8,62.5,Clear,33.9,0.0,0,0,2
2026-06-28 12:00,SEG_06,MR-10 Expressway Link (Tigaria to Vijay Nagar),Expressway,3,70,2662,28.2,71.8,Clear,33.9,0.0,0,0,2
2026-06-28 12:00,SEG_07,Annapurna Road Corridor (Ranjeet Hanuman to Mhow),Collector,2,40,1172,15.5,74.2,Clear,33.9,0.0,0,0,2
2026-06-28 12:00,SEG_08,Vijay Nagar Central Junction (Brilliant to Scheme 54),Arterial,3,50,2253,20.4,72.2,Clear,33.9,0.0,0,0,2
2026-06-28 14:00,SEG_01,AB Road Central (Palasia to Geeta Bhawan),Arterial,3,50,2228,19.1,74.2,Clear,33.1,0.0,0,0,2
2026-06-28 14:00,SEG_02,Eastern Bypass Corridor (Rau to Kanadia),Highway,4,80,3789,34.3,73.8,Clear,33.1,0.0,0,0,2
2026-06-28 14:00,SEG_03,Ring Road Section 3 (Robot Square to Radisson),Arterial,3,55,2056,24.6,71.8,Clear,33.1,0.0,0,0,2
2026-06-28 14:00,SEG_04,Super Corridor West (Airport to MR10),Expressway,4,85,4065,36.3,71.6,Clear,33.1,0.0,0,0,2
2026-06-28 14:00,SEG_05,Bhawarkua Arterial (University to Tower Square),Collector,2,45,1030,24.9,60.9,Clear,33.1,0.0,0,0,1
2026-06-28 14:00,SEG_06,MR-10 Expressway Link (Tigaria to Vijay Nagar),Expressway,3,70,2612,29.6,72.3,Clear,33.1,0.0,0,0,2
2026-06-28 14:00,SEG_07,Annapurna Road Corridor (Ranjeet Hanuman to Mhow),Collector,2,40,989,20.4,60.9,Clear,33.1,0.0,0,0,2
2026-06-28 14:00,SEG_08,Vijay Nagar Central Junction (Brilliant to Scheme 54),Arterial,3,50,2002,26.2,61.6,Clear,33.1,0.0,0,0,2
2026-06-28 16:00,SEG_01,AB Road Central (Palasia to Geeta Bhawan),Arterial,3,50,1383,35.5,41.8,Clear,31.1,0.0,0,0,1
2026-06-28 16:00,SEG_02,Eastern Bypass Corridor (Rau to Kanadia),Highway,4,80,2969,49.3,53.6,Clear,31.1,0.0,0,0,1
2026-06-28 16:00,SEG_03,Ring Road Section 3 (Robot Square to Radisson),Arterial,3,55,1350,39.7,43.8,Clear,31.1,0.0,0,0,1
2026-06-28 16:00,SEG_04,Super Corridor West (Airport to MR10),Expressway,4,85,2662,62.1,40.5,Clear,31.1,0.0,0,0,1
2026-06-28 16:00,SEG_05,Bhawarkua Arterial (University to Tower Square),Collector,2,45,810,29.9,48.9,Clear,31.1,0.0,0,0,1
2026-06-28 16:00,SEG_06,MR-10 Expressway Link (Tigaria to Vijay Nagar),Expressway,3,70,1704,47.6,45.9,Clear,31.1,0.0,0,0,1
2026-06-28 16:00,SEG_07,Annapurna Road Corridor (Ranjeet Hanuman to Mhow),Collector,2,40,681,27.4,39.8,Clear,31.1,0.0,0,0,1
2026-06-28 16:00,SEG_08,Vijay Nagar Central Junction (Brilliant to Scheme 54),Arterial,3,50,1501,34.6,45.1,Clear,31.1,0.0,0,0,1
2026-06-28 18:00,SEG_01,AB Road Central (Palasia to Geeta Bhawan),Arterial,3,50,2180,17.2,73.8,Rainy,21.0,9.4,0,0,2
2026-06-28 18:00,SEG_02,Eastern Bypass Corridor (Rau to Kanadia),Highway,4,80,3766,28.7,70.0,Rainy,21.0,9.4,0,0,2
2026-06-28 18:00,SEG_03,Ring Road Section 3 (Robot Square to Radisson),Arterial,3,55,2070,20.2,75.9,Rainy,21.0,9.4,0,0,2
2026-06-28 18:00,SEG_04,Super Corridor West (Airport to MR10),Expressway,4,85,3823,34.4,69.6,Rainy,21.0,9.4,0,0,2
2026-06-28 18:00,SEG_05,Bhawarkua Arterial (University to Tower Square),Collector,2,45,1141,16.1,68.1,Rainy,21.0,9.4,0,0,2
2026-06-28 18:00,SEG_06,MR-10 Expressway Link (Tigaria to Vijay Nagar),Expressway,3,70,2716,19.4,81.5,Rainy,21.0,9.4,0,0,2
2026-06-28 18:00,SEG_07,Annapurna Road Corridor (Ranjeet Hanuman to Mhow),Collector,2,40,1268,11.0,84.6,Rainy,21.0,9.4,0,0,3
2026-06-28 18:00,SEG_08,Vijay Nagar Central Junction (Brilliant to Scheme 54),Arterial,3,50,2326,14.5,79.9,Rainy,21.0,9.4,0,0,2
2026-06-28 20:00,SEG_01,AB Road Central (Palasia to Geeta Bhawan),Arterial,3,50,2493,13.4,84.9,Clear,27.0,0.0,0,0,3
2026-06-28 20:00,SEG_02,Eastern Bypass Corridor (Rau to Kanadia),Highway,4,80,3838,30.6,71.3,Clear,27.0,0.0,0,0,2
2026-06-28 20:00,SEG_03,Ring Road Section 3 (Robot Square to Radisson),Arterial,3,55,2448,10.7,91.4,Clear,27.0,0.0,0,0,3
2026-06-28 20:00,SEG_04,Super Corridor West (Airport to MR10),Expressway,4,85,4405,29.4,78.7,Clear,27.0,0.0,0,0,2
2026-06-28 20:00,SEG_05,Bhawarkua Arterial (University to Tower Square),Collector,2,45,1328,12.2,81.3,Clear,27.0,0.0,0,0,3
2026-06-28 20:00,SEG_06,MR-10 Expressway Link (Tigaria to Vijay Nagar),Expressway,3,70,2493,32.7,68.6,Clear,27.0,0.0,0,0,2
2026-06-28 20:00,SEG_07,Annapurna Road Corridor (Ranjeet Hanuman to Mhow),Collector,2,40,1278,12.3,79.8,Clear,27.0,0.0,0,0,3
2026-06-28 20:00,SEG_08,Vijay Nagar Central Junction (Brilliant to Scheme 54),Arterial,3,50,2636,8.9,87.7,Clear,27.0,0.0,0,0,3
2026-06-28 22:00,SEG_01,AB Road Central (Palasia to Geeta Bhawan),Arterial,3,50,1513,31.9,49.7,Clear,24.8,0.0,0,0,1
2026-06-28 22:00,SEG_02,Eastern Bypass Corridor (Rau to Kanadia),Highway,4,80,2976,47.1,56.5,Clear,24.8,0.0,0,0,1
2026-06-28 22:00,SEG_03,Ring Road Section 3 (Robot Square to Radisson),Arterial,3,55,1180,40.3,37.0,Clear,24.8,0.0,0,0,1
2026-06-28 22:00,SEG_04,Super Corridor West (Airport to MR10),Expressway,4,85,2524,61.9,38.0,Clear,24.8,0.0,0,0,1
2026-06-28 22:00,SEG_05,Bhawarkua Arterial (University to Tower Square),Collector,2,45,756,31.6,39.5,Clear,24.8,0.0,0,0,1
2026-06-28 22:00,SEG_06,MR-10 Expressway Link (Tigaria to Vijay Nagar),Expressway,3,70,1888,46.5,51.5,Clear,24.8,0.0,0,0,1
2026-06-28 22:00,SEG_07,Annapurna Road Corridor (Ranjeet Hanuman to Mhow),Collector,2,40,810,24.3,49.1,Clear,24.8,0.0,0,0,1
2026-06-28 22:00,SEG_08,Vijay Nagar Central Junction (Brilliant to Scheme 54),Arterial,3,50,1489,33.0,48.2,Clear,24.8,0.0,0,0,1
2026-06-29 00:00,SEG_01,AB Road Central (Palasia to Geeta Bhawan),Arterial,3,50,430,49.3,12.3,Clear,21.1,0.0,0,0,0
2026-06-29 00:00,SEG_02,Eastern Bypass Corridor (Rau to Kanadia),Highway,4,80,1309,70.6,22.0,Clear,21.1,0.0,0,0,0
2026-06-29 00:00,SEG_03,Ring Road Section 3 (Robot Square to Radisson),Arterial,3,55,315,51.6,12.4,Clear,21.1,0.0,0,0,0
2026-06-29 00:00,SEG_04,Super Corridor West (Airport to MR10),Expressway,4,85,657,80.6,7.3,Clear,21.1,0.0,0,0,0
2026-06-29 00:00,SEG_05,Bhawarkua Arterial (University to Tower Square),Collector,2,45,249,42.8,12.0,Clear,21.1,0.0,0,0,0
2026-06-29 00:00,SEG_06,MR-10 Expressway Link (Tigaria to Vijay Nagar),Expressway,3,70,389,68.4,8.8,Clear,21.1,0.0,0,0,0
2026-06-29 00:00,SEG_07,Annapurna Road Corridor (Ranjeet Hanuman to Mhow),Collector,2,40,198,39.1,10.2,Clear,21.1,0.0,0,0,0
2026-06-29 00:00,SEG_08,Vijay Nagar Central Junction (Brilliant to Scheme 54),Arterial,3,50,440,46.6,13.8,Clear,21.1,0.0,0,0,0
2026-06-29 02:00,SEG_01,AB Road Central (Palasia to Geeta Bhawan),Arterial,3,50,431,45.8,13.1,Clear,24.6,0.0,0,0,0
2026-06-29 02:00,SEG_02,Eastern Bypass Corridor (Rau to Kanadia),Highway,4,80,1252,70.7,21.2,Clear,24.6,0.0,0,0,0
2026-06-29 02:00,SEG_03,Ring Road Section 3 (Robot Square to Radisson),Arterial,3,55,239,52.7,7.5,Clear,24.6,0.0,0,0,0
2026-06-29 02:00,SEG_04,Super Corridor West (Airport to MR10),Expressway,4,85,602,84.3,6.4,Clear,24.6,0.0,0,0,0
2026-06-29 02:00,SEG_05,Bhawarkua Arterial (University to Tower Square),Collector,2,45,177,43.4,9.6,Clear,24.6,0.0,0,0,0
2026-06-29 02:00,SEG_06,MR-10 Expressway Link (Tigaria to Vijay Nagar),Expressway,3,70,451,66.2,9.3,Clear,24.6,0.0,0,0,0
2026-06-29 02:00,SEG_07,Annapurna Road Corridor (Ranjeet Hanuman to Mhow),Collector,2,40,136,37.7,9.2,Clear,24.6,0.0,0,0,0
2026-06-29 02:00,SEG_08,Vijay Nagar Central Junction (Brilliant to Scheme 54),Arterial,3,50,261,50,7.4,Clear,24.6,0.0,0,0,0
2026-06-29 04:00,SEG_01,AB Road Central (Palasia to Geeta Bhawan),Arterial,3,50,381,49.5,6.3,Cloudy,21.5,1.4,0,0,0
2026-06-29 04:00,SEG_02,Eastern Bypass Corridor (Rau to Kanadia),Highway,4,80,1084,74.5,18.7,Cloudy,21.5,1.4,0,0,0
2026-06-29 04:00,SEG_03,Ring Road Section 3 (Robot Square to Radisson),Arterial,3,55,395,53.3,11.9,Cloudy,21.5,1.4,0,0,0
2026-06-29 04:00,SEG_04,Super Corridor West (Airport to MR10),Expressway,4,85,619,81.4,8.2,Cloudy,21.5,1.4,0,0,0
2026-06-29 04:00,SEG_05,Bhawarkua Arterial (University to Tower Square),Collector,2,45,251,42.8,15.0,Cloudy,21.5,1.4,0,0,0
2026-06-29 04:00,SEG_06,MR-10 Expressway Link (Tigaria to Vijay Nagar),Expressway,3,70,388,66.6,11.0,Cloudy,21.5,1.4,0,0,0
2026-06-29 04:00,SEG_07,Annapurna Road Corridor (Ranjeet Hanuman to Mhow),Collector,2,40,225,37.0,10.5,Cloudy,21.5,1.4,0,0,0
2026-06-29 04:00,SEG_08,Vijay Nagar Central Junction (Brilliant to Scheme 54),Arterial,3,50,302,49.8,7.0,Cloudy,21.5,1.4,0,0,0
2026-06-29 06:00,SEG_01,AB Road Central (Palasia to Geeta Bhawan),Arterial,3,50,1207,40.1,36.9,Cloudy,23.3,0.0,0,0,0
2026-06-29 06:00,SEG_02,Eastern Bypass Corridor (Rau to Kanadia),Highway,4,80,2519,55.2,42.5,Cloudy,23.3,0.0,0,0,1
2026-06-29 06:00,SEG_03,Ring Road Section 3 (Robot Square to Radisson),Arterial,3,55,1392,39.7,44.3,Cloudy,23.3,0.0,0,0,1
2026-06-29 06:00,SEG_04,Super Corridor West (Airport to MR10),Expressway,4,85,2473,62.4,38.3,Cloudy,23.3,0.0,0,0,1
2026-06-29 06:00,SEG_05,Bhawarkua Arterial (University to Tower Square),Collector,2,45,688,33.4,37.5,Cloudy,23.3,0.0,0,0,1
2026-06-29 06:00,SEG_06,MR-10 Expressway Link (Tigaria to Vijay Nagar),Expressway,3,70,1479,54.7,35.3,Cloudy,23.3,0.0,0,0,1
2026-06-29 06:00,SEG_07,Annapurna Road Corridor (Ranjeet Hanuman to Mhow),Collector,2,40,678,30.8,39.3,Cloudy,23.3,0.0,0,0,1
2026-06-29 06:00,SEG_08,Vijay Nagar Central Junction (Brilliant to Scheme 54),Arterial,3,50,1602,34.1,45.3,Cloudy,23.3,0.0,0,0,1
2026-06-29 08:00,SEG_01,AB Road Central (Palasia to Geeta Bhawan),Arterial,3,50,2705,8.0,90.2,Cloudy,17.3,0.0,0,0,3
2026-06-29 08:00,SEG_02,Eastern Bypass Corridor (Rau to Kanadia),Highway,4,80,3939,28.7,77.2,Cloudy,17.3,0.0,0,0,2
2026-06-29 08:00,SEG_03,Ring Road Section 3 (Robot Square to Radisson),Arterial,3,55,2520,12.2,89.7,Cloudy,17.3,0.0,0,0,3
2026-06-29 08:00,SEG_04,Super Corridor West (Airport to MR10),Expressway,4,85,4606,26.9,79.6,Cloudy,17.3,0.0,0,0,3
2026-06-29 08:00,SEG_05,Bhawarkua Arterial (University to Tower Square),Collector,2,45,1489,8.2,91.4,Cloudy,17.3,0.0,0,0,3
2026-06-29 08:00,SEG_06,MR-10 Expressway Link (Tigaria to Vijay Nagar),Expressway,3,70,3014,15.5,89.0,Cloudy,17.3,0.0,0,0,3
2026-06-29 08:00,SEG_07,Annapurna Road Corridor (Ranjeet Hanuman to Mhow),Collector,2,40,1308,9.4,89.2,Cloudy,17.3,0.0,0,0,3
2026-06-29 08:00,SEG_08,Vijay Nagar Central Junction (Brilliant to Scheme 54),Arterial,3,50,2403,15.7,77.5,Cloudy,17.3,0.0,0,0,2
2026-06-29 10:00,SEG_01,AB Road Central (Palasia to Geeta Bhawan),Arterial,3,50,2769,9.6,94.8,Cloudy,27.3,0.4,0,0,3
2026-06-29 10:00,SEG_02,Eastern Bypass Corridor (Rau to Kanadia),Highway,4,80,4510,18.0,85.3,Cloudy,27.3,0.4,0,0,3
2026-06-29 10:00,SEG_03,Ring Road Section 3 (Robot Square to Radisson),Arterial,3,55,2328,17.5,79.6,Cloudy,27.3,0.4,0,0,3
2026-06-29 10:00,SEG_04,Super Corridor West (Airport to MR10),Expressway,4,85,4650,25.4,83.2,Cloudy,27.3,0.4,0,0,3
2026-06-29 10:00,SEG_05,Bhawarkua Arterial (University to Tower Square),Collector,2,45,1542,9.3,95.2,Cloudy,27.3,0.4,0,0,3
2026-06-29 10:00,SEG_06,MR-10 Expressway Link (Tigaria to Vijay Nagar),Expressway,3,70,2767,24.2,74.4,Cloudy,27.3,0.4,0,0,2
2026-06-29 10:00,SEG_07,Annapurna Road Corridor (Ranjeet Hanuman to Mhow),Collector,2,40,1464,8.0,92.5,Cloudy,27.3,0.4,0,0,3
2026-06-29 10:00,SEG_08,Vijay Nagar Central Junction (Brilliant to Scheme 54),Arterial,3,50,2917,9.7,94.0,Cloudy,27.3,0.4,0,0,3
2026-06-29 12:00,SEG_01,AB Road Central (Palasia to Geeta Bhawan),Arterial,3,50,1757,27.6,56.1,Cloudy,27.9,0.3,0,0,1
2026-06-29 12:00,SEG_02,Eastern Bypass Corridor (Rau to Kanadia),Highway,4,80,2819,51.5,49.5,Cloudy,27.9,0.3,0,0,1
2026-06-29 12:00,SEG_03,Ring Road Section 3 (Robot Square to Radisson),Arterial,3,55,1783,29.1,61.5,Cloudy,27.9,0.3,0,0,2
2026-06-29 12:00,SEG_04,Super Corridor West (Airport to MR10),Expressway,4,85,3290,48.9,52.6,Cloudy,27.9,0.3,0,0,1
2026-06-29 12:00,SEG_05,Bhawarkua Arterial (University to Tower Square),Collector,2,45,924,26.0,51.7,Cloudy,27.9,0.3,0,0,1
2026-06-29 12:00,SEG_06,MR-10 Expressway Link (Tigaria to Vijay Nagar),Expressway,3,70,1808,47.4,44.9,Cloudy,27.9,0.3,0,0,1
2026-06-29 12:00,SEG_07,Annapurna Road Corridor (Ranjeet Hanuman to Mhow),Collector,2,40,950,22.0,61.3,Cloudy,27.9,0.3,0,0,1
2026-06-29 12:00,SEG_08,Vijay Nagar Central Junction (Brilliant to Scheme 54),Arterial,3,50,1886,26.2,60.1,Cloudy,27.9,0.3,0,0,2
2026-06-29 14:00,SEG_01,AB Road Central (Palasia to Geeta Bhawan),Arterial,3,50,1599,33.6,48.2,Cloudy,28.8,0.0,0,0,1
2026-06-29 14:00,SEG_02,Eastern Bypass Corridor (Rau to Kanadia),Highway,4,80,2896,50.5,53.8,Cloudy,28.8,0.0,0,0,1
2026-06-29 14:00,SEG_03,Ring Road Section 3 (Robot Square to Radisson),Arterial,3,55,1461,36.2,45.5,Cloudy,28.8,0.0,0,0,1
2026-06-29 14:00,SEG_04,Super Corridor West (Airport to MR10),Expressway,4,85,3455,45.5,60.2,Cloudy,28.8,0.0,0,0,1
2026-06-29 14:00,SEG_05,Bhawarkua Arterial (University to Tower Square),Collector,2,45,1006,24.7,59.1,Cloudy,28.8,0.0,0,0,1
2026-06-29 14:00,SEG_06,MR-10 Expressway Link (Tigaria to Vijay Nagar),Expressway,3,70,2228,36.1,63.1,Cloudy,28.8,0.0,0,0,2
2026-06-29 14:00,SEG_07,Annapurna Road Corridor (Ranjeet Hanuman to Mhow),Collector,2,40,896,24.9,54.2,Cloudy,28.8,0.0,0,0,1
2026-06-29 14:00,SEG_08,Vijay Nagar Central Junction (Brilliant to Scheme 54),Arterial,3,50,1568,32.9,45.9,Cloudy,28.8,0.0,0,0,1
2026-06-29 16:00,SEG_01,AB Road Central (Palasia to Geeta Bhawan),Arterial,3,50,1712,31.5,50.5,Clear,31.2,0.0,0,0,1
2026-06-29 16:00,SEG_02,Eastern Bypass Corridor (Rau to Kanadia),Highway,4,80,3261,41.4,60.3,Clear,31.2,0.0,0,0,2
2026-06-29 16:00,SEG_03,Ring Road Section 3 (Robot Square to Radisson),Arterial,3,55,1626,33.9,53.2,Clear,31.2,0.0,0,0,1
2026-06-29 16:00,SEG_04,Super Corridor West (Airport to MR10),Expressway,4,85,3636,42.3,59.4,Clear,31.2,0.0,0,0,2
2026-06-29 16:00,SEG_05,Bhawarkua Arterial (University to Tower Square),Collector,2,45,868,30.5,45.1,Clear,31.2,0.0,0,0,1
2026-06-29 16:00,SEG_06,MR-10 Expressway Link (Tigaria to Vijay Nagar),Expressway,3,70,2025,42.4,51.2,Clear,31.2,0.0,0,0,1
2026-06-29 16:00,SEG_07,Annapurna Road Corridor (Ranjeet Hanuman to Mhow),Collector,2,40,876,25.2,53.0,Clear,31.2,0.0,0,0,1
2026-06-29 16:00,SEG_08,Vijay Nagar Central Junction (Brilliant to Scheme 54),Arterial,3,50,1749,29.9,55.9,Clear,31.2,0.0,0,0,1
2026-06-29 18:00,SEG_01,AB Road Central (Palasia to Geeta Bhawan),Arterial,3,50,2985,8.2,97.2,Cloudy,17.3,0.0,0,0,3
2026-06-29 18:00,SEG_02,Eastern Bypass Corridor (Rau to Kanadia),Highway,4,80,4387,21.0,85.0,Cloudy,17.3,0.0,0,0,3
2026-06-29 18:00,SEG_03,Ring Road Section 3 (Robot Square to Radisson),Arterial,3,55,2461,10.7,90.7,Cloudy,17.3,0.0,0,0,3
2026-06-29 18:00,SEG_04,Super Corridor West (Airport to MR10),Expressway,4,85,5002,16.4,87.1,Cloudy,17.3,0.0,0,0,3
2026-06-29 18:00,SEG_05,Bhawarkua Arterial (University to Tower Square),Collector,2,45,1369,10.4,83.3,Cloudy,17.3,0.0,0,0,3
2026-06-29 18:00,SEG_06,MR-10 Expressway Link (Tigaria to Vijay Nagar),Expressway,3,70,2959,18.1,84.3,Cloudy,17.3,0.0,0,0,3
2026-06-29 18:00,SEG_07,Annapurna Road Corridor (Ranjeet Hanuman to Mhow),Collector,2,40,1385,8.0,88.9,Cloudy,17.3,0.0,0,0,3
2026-06-29 18:00,SEG_08,Vijay Nagar Central Junction (Brilliant to Scheme 54),Arterial,3,50,2481,14.8,81.3,Cloudy,17.3,0.0,0,0,3
2026-06-29 20:00,SEG_01,AB Road Central (Palasia to Geeta Bhawan),Arterial,3,50,2533,11.1,84.2,Cloudy,24.1,0.0,0,0,3
2026-06-29 20:00,SEG_02,Eastern Bypass Corridor (Rau to Kanadia),Highway,4,80,4895,14.9,95.9,Cloudy,24.1,0.0,0,0,3
2026-06-29 20:00,SEG_03,Ring Road Section 3 (Robot Square to Radisson),Arterial,3,55,2335,17.3,84.0,Cloudy,24.1,0.0,0,0,3
2026-06-29 20:00,SEG_04,Super Corridor West (Airport to MR10),Expressway,4,85,4448,26.8,76.5,Cloudy,24.1,0.0,0,0,2
2026-06-29 20:00,SEG_05,Bhawarkua Arterial (University to Tower Square),Collector,2,45,1545,8.3,93.9,Cloudy,24.1,0.0,0,0,3
2026-06-29 20:00,SEG_06,MR-10 Expressway Link (Tigaria to Vijay Nagar),Expressway,3,70,2911,21.4,79.7,Cloudy,24.1,0.0,0,0,3
2026-06-29 20:00,SEG_07,Annapurna Road Corridor (Ranjeet Hanuman to Mhow),Collector,2,40,1542,8.0,97.4,Cloudy,24.1,0.0,0,0,3
2026-06-29 20:00,SEG_08,Vijay Nagar Central Junction (Brilliant to Scheme 54),Arterial,3,50,2922,8.1,95.0,Cloudy,24.1,0.0,0,0,3
2026-06-29 22:00,SEG_01,AB Road Central (Palasia to Geeta Bhawan),Arterial,3,50,1338,36.9,41.2,Clear,23.6,0.0,0,0,1
2026-06-29 22:00,SEG_02,Eastern Bypass Corridor (Rau to Kanadia),Highway,4,80,3076,45.1,56.1,Clear,23.6,0.0,0,0,1
2026-06-29 22:00,SEG_03,Ring Road Section 3 (Robot Square to Radisson),Arterial,3,55,1309,39.5,40.4,Clear,23.6,0.0,0,0,1
2026-06-29 22:00,SEG_04,Super Corridor West (Airport to MR10),Expressway,4,85,2489,64.2,41.1,Clear,23.6,0.0,0,0,1
2026-06-29 22:00,SEG_05,Bhawarkua Arterial (University to Tower Square),Collector,2,45,744,32.1,42.9,Clear,23.6,0.0,0,0,1
2026-06-29 22:00,SEG_06,MR-10 Expressway Link (Tigaria to Vijay Nagar),Expressway,3,70,1790,46.6,45.3,Clear,23.6,0.0,0,0,1
2026-06-29 22:00,SEG_07,Annapurna Road Corridor (Ranjeet Hanuman to Mhow),Collector,2,40,698,28.1,44.9,Clear,23.6,0.0,0,0,1
2026-06-29 22:00,SEG_08,Vijay Nagar Central Junction (Brilliant to Scheme 54),Arterial,3,50,1382,35.4,41.7,Clear,23.6,0.0,0,0,1
2026-06-30 00:00,SEG_01,AB Road Central (Palasia to Geeta Bhawan),Arterial,3,50,391,49.8,10.8,Clear,21.2,0.0,0,0,0
2026-06-30 00:00,SEG_02,Eastern Bypass Corridor (Rau to Kanadia),Highway,4,80,1328,71.2,19.8,Clear,21.2,0.0,0,0,0
2026-06-30 00:00,SEG_03,Ring Road Section 3 (Robot Square to Radisson),Arterial,3,55,417,52.4,13.9,Clear,21.2,0.0,0,0,0
2026-06-30 00:00,SEG_04,Super Corridor West (Airport to MR10),Expressway,4,85,518,83.9,4.2,Clear,21.2,0.0,0,0,0
2026-06-30 00:00,SEG_05,Bhawarkua Arterial (University to Tower Square),Collector,2,45,225,42.0,13.4,Clear,21.2,0.0,0,0,0
2026-06-30 00:00,SEG_06,MR-10 Expressway Link (Tigaria to Vijay Nagar),Expressway,3,70,405,67.1,10.7,Clear,21.2,0.0,0,0,0
2026-06-30 00:00,SEG_07,Annapurna Road Corridor (Ranjeet Hanuman to Mhow),Collector,2,40,163,37.3,7.3,Clear,21.2,0.0,0,0,0
2026-06-30 00:00,SEG_08,Vijay Nagar Central Junction (Brilliant to Scheme 54),Arterial,3,50,378,49.4,9.4,Clear,21.2,0.0,0,0,0
2026-06-30 02:00,SEG_01,AB Road Central (Palasia to Geeta Bhawan),Arterial,3,50,383,47.1,10.3,Clear,21.6,0.0,0,0,0
2026-06-30 02:00,SEG_02,Eastern Bypass Corridor (Rau to Kanadia),Highway,4,80,1160,74.3,19.4,Clear,21.6,0.0,0,0,0
2026-06-30 02:00,SEG_03,Ring Road Section 3 (Robot Square to Radisson),Arterial,3,55,451,52.2,14.4,Clear,21.6,0.0,0,0,0
2026-06-30 02:00,SEG_04,Super Corridor West (Airport to MR10),Expressway,4,85,595,82.7,7.7,Clear,21.6,0.0,0,0,0
2026-06-30 02:00,SEG_05,Bhawarkua Arterial (University to Tower Square),Collector,2,45,213,41.4,9.9,Clear,21.6,0.0,0,0,0
2026-06-30 02:00,SEG_06,MR-10 Expressway Link (Tigaria to Vijay Nagar),Expressway,3,70,536,65.1,14.7,Clear,21.6,0.0,0,0,0
2026-06-30 02:00,SEG_07,Annapurna Road Corridor (Ranjeet Hanuman to Mhow),Collector,2,40,133,40,4.5,Clear,21.6,0.0,0,0,0
2026-06-30 02:00,SEG_08,Vijay Nagar Central Junction (Brilliant to Scheme 54),Arterial,3,50,330,47.6,8.0,Clear,21.6,0.0,0,0,0
2026-06-30 04:00,SEG_01,AB Road Central (Palasia to Geeta Bhawan),Arterial,3,50,357,28.0,22.0,Foggy,16.5,0.0,1,0,1
2026-06-30 04:00,SEG_02,Eastern Bypass Corridor (Rau to Kanadia),Highway,4,80,1286,61.3,24.3,Foggy,16.5,0.0,0,0,0
2026-06-30 04:00,SEG_03,Ring Road Section 3 (Robot Square to Radisson),Arterial,3,55,238,48.6,8.7,Foggy,16.5,0.0,0,0,0
2026-06-30 04:00,SEG_04,Super Corridor West (Airport to MR10),Expressway,4,85,656,72.4,15.3,Foggy,16.5,0.0,0,0,0
2026-06-30 04:00,SEG_05,Bhawarkua Arterial (University to Tower Square),Collector,2,45,214,36.8,16.7,Foggy,16.5,0.0,0,0,0
2026-06-30 04:00,SEG_06,MR-10 Expressway Link (Tigaria to Vijay Nagar),Expressway,3,70,534,57.0,16.7,Foggy,16.5,0.0,0,0,0
2026-06-30 04:00,SEG_07,Annapurna Road Corridor (Ranjeet Hanuman to Mhow),Collector,2,40,162,36.0,12.0,Foggy,16.5,0.0,0,0,0
2026-06-30 04:00,SEG_08,Vijay Nagar Central Junction (Brilliant to Scheme 54),Arterial,3,50,415,41.8,16.8,Foggy,16.5,0.0,0,0,0
2026-06-30 06:00,SEG_01,AB Road Central (Palasia to Geeta Bhawan),Arterial,3,50,1275,37.4,40.1,Cloudy,25.5,0.0,0,0,1
2026-06-30 06:00,SEG_02,Eastern Bypass Corridor (Rau to Kanadia),Highway,4,80,2072,60.5,38.0,Cloudy,25.5,0.0,0,0,1
2026-06-30 06:00,SEG_03,Ring Road Section 3 (Robot Square to Radisson),Arterial,3,55,1006,46.7,30.2,Cloudy,25.5,0.0,0,0,0
2026-06-30 06:00,SEG_04,Super Corridor West (Airport to MR10),Expressway,4,85,2265,64.2,38.7,Cloudy,25.5,0.0,0,0,1
2026-06-30 06:00,SEG_05,Bhawarkua Arterial (University to Tower Square),Collector,2,45,600,35.6,34.1,Cloudy,25.5,0.0,0,0,0
2026-06-30 06:00,SEG_06,MR-10 Expressway Link (Tigaria to Vijay Nagar),Expressway,3,70,1322,57.4,31.5,Cloudy,25.5,0.0,0,0,0
2026-06-30 06:00,SEG_07,Annapurna Road Corridor (Ranjeet Hanuman to Mhow),Collector,2,40,745,28.0,44.3,Cloudy,25.5,0.0,0,0,1
2026-06-30 06:00,SEG_08,Vijay Nagar Central Junction (Brilliant to Scheme 54),Arterial,3,50,1453,36.4,43.9,Cloudy,25.5,0.0,0,0,1
2026-06-30 08:00,SEG_01,AB Road Central (Palasia to Geeta Bhawan),Arterial,3,50,2640,9.6,89.8,Cloudy,19.3,0.0,0,0,3
2026-06-30 08:00,SEG_02,Eastern Bypass Corridor (Rau to Kanadia),Highway,4,80,5095,13.8,95.8,Cloudy,19.3,0.0,0,0,3
2026-06-30 08:00,SEG_03,Ring Road Section 3 (Robot Square to Radisson),Arterial,3,55,2788,10.0,96.7,Cloudy,19.3,0.0,0,0,3
2026-06-30 08:00,SEG_04,Super Corridor West (Airport to MR10),Expressway,4,85,4649,22.9,80.4,Cloudy,19.3,0.0,0,0,3
2026-06-30 08:00,SEG_05,Bhawarkua Arterial (University to Tower Square),Collector,2,45,1274,8.2,82.4,Cloudy,19.3,0.0,1,0,3
2026-06-30 08:00,SEG_06,MR-10 Expressway Link (Tigaria to Vijay Nagar),Expressway,3,70,3398,11.8,96.5,Cloudy,19.3,0.0,0,0,3
2026-06-30 08:00,SEG_07,Annapurna Road Corridor (Ranjeet Hanuman to Mhow),Collector,2,40,1486,8.0,97.4,Cloudy,19.3,0.0,0,0,3
2026-06-30 08:00,SEG_08,Vijay Nagar Central Junction (Brilliant to Scheme 54),Arterial,3,50,2560,14.0,84.0,Cloudy,19.3,0.0,0,0,3
2026-06-30 10:00,SEG_01,AB Road Central (Palasia to Geeta Bhawan),Arterial,3,50,2852,9.6,95.9,Clear,34.4,0.0,0,0,3
2026-06-30 10:00,SEG_02,Eastern Bypass Corridor (Rau to Kanadia),Highway,4,80,4813,15.8,90.3,Clear,34.4,0.0,0,0,3
2026-06-30 10:00,SEG_03,Ring Road Section 3 (Robot Square to Radisson),Arterial,3,55,2297,16.9,81.6,Clear,34.4,0.0,0,0,3
2026-06-30 10:00,SEG_04,Super Corridor West (Airport to MR10),Expressway,4,85,4642,23.8,84.0,Clear,34.4,0.0,0,0,3
2026-06-30 10:00,SEG_05,Bhawarkua Arterial (University to Tower Square),Collector,2,45,1550,9.5,95.8,Clear,34.4,0.0,0,0,3
2026-06-30 10:00,SEG_06,MR-10 Expressway Link (Tigaria to Vijay Nagar),Expressway,3,70,3081,16.4,85.8,Clear,34.4,0.0,0,0,3
2026-06-30 10:00,SEG_07,Annapurna Road Corridor (Ranjeet Hanuman to Mhow),Collector,2,40,1454,8.0,96.9,Clear,34.4,0.0,0,0,3
2026-06-30 10:00,SEG_08,Vijay Nagar Central Junction (Brilliant to Scheme 54),Arterial,3,50,2133,11.0,74.7,Clear,34.4,0.0,1,0,3
2026-06-30 12:00,SEG_01,AB Road Central (Palasia to Geeta Bhawan),Arterial,3,50,1795,27.3,55.8,Clear,33.8,0.0,0,0,1
2026-06-30 12:00,SEG_02,Eastern Bypass Corridor (Rau to Kanadia),Highway,4,80,3248,43.5,58.5,Clear,33.8,0.0,0,0,1
2026-06-30 12:00,SEG_03,Ring Road Section 3 (Robot Square to Radisson),Arterial,3,55,1788,30.8,59.5,Clear,33.8,0.0,0,0,1
2026-06-30 12:00,SEG_04,Super Corridor West (Airport to MR10),Expressway,4,85,3386,49.8,54.9,Clear,33.8,0.0,0,0,1
2026-06-30 12:00,SEG_05,Bhawarkua Arterial (University to Tower Square),Collector,2,45,819,31.3,48.1,Clear,33.8,0.0,0,0,1
2026-06-30 12:00,SEG_06,MR-10 Expressway Link (Tigaria to Vijay Nagar),Expressway,3,70,2229,35.5,63.0,Clear,33.8,0.0,0,0,2
2026-06-30 12:00,SEG_07,Annapurna Road Corridor (Ranjeet Hanuman to Mhow),Collector,2,40,918,23.0,54.5,Clear,33.8,0.0,0,0,1
2026-06-30 12:00,SEG_08,Vijay Nagar Central Junction (Brilliant to Scheme 54),Arterial,3,50,1666,31.3,50.8,Clear,33.8,0.0,0,0,1
2026-06-30 14:00,SEG_01,AB Road Central (Palasia to Geeta Bhawan),Arterial,3,50,1628,30.1,53.6,Clear,34.9,0.0,0,0,1
2026-06-30 14:00,SEG_02,Eastern Bypass Corridor (Rau to Kanadia),Highway,4,80,3359,40.3,61.5,Clear,34.9,0.0,0,0,2
2026-06-30 14:00,SEG_03,Ring Road Section 3 (Robot Square to Radisson),Arterial,3,55,1664,33.2,54.2,Clear,34.9,0.0,0,0,1
2026-06-30 14:00,SEG_04,Super Corridor West (Airport to MR10),Expressway,4,85,3029,55.9,47.9,Clear,34.9,0.0,0,0,1
2026-06-30 14:00,SEG_05,Bhawarkua Arterial (University to Tower Square),Collector,2,45,1087,21.1,66.0,Clear,34.9,0.0,0,0,2
2026-06-30 14:00,SEG_06,MR-10 Expressway Link (Tigaria to Vijay Nagar),Expressway,3,70,1848,46.2,50.7,Clear,34.9,0.0,0,0,1
2026-06-30 14:00,SEG_07,Annapurna Road Corridor (Ranjeet Hanuman to Mhow),Collector,2,40,924,24.5,54.9,Clear,34.9,0.0,0,0,1
2026-06-30 14:00,SEG_08,Vijay Nagar Central Junction (Brilliant to Scheme 54),Arterial,3,50,1499,34.4,47.6,Clear,34.9,0.0,0,0,1
2026-06-30 16:00,SEG_01,AB Road Central (Palasia to Geeta Bhawan),Arterial,3,50,1554,31.3,49.9,Cloudy,25.1,0.0,0,0,1
2026-06-30 16:00,SEG_02,Eastern Bypass Corridor (Rau to Kanadia),Highway,4,80,2790,50.7,48.4,Cloudy,25.1,0.0,0,0,1
2026-06-30 16:00,SEG_03,Ring Road Section 3 (Robot Square to Radisson),Arterial,3,55,1585,33.5,52.2,Cloudy,25.1,0.0,0,0,1
2026-06-30 16:00,SEG_04,Super Corridor West (Airport to MR10),Expressway,4,85,3093,52.6,48.5,Cloudy,25.1,0.0,0,0,1
2026-06-30 16:00,SEG_05,Bhawarkua Arterial (University to Tower Square),Collector,2,45,935,26.0,55.5,Cloudy,25.1,0.0,0,0,1
2026-06-30 16:00,SEG_06,MR-10 Expressway Link (Tigaria to Vijay Nagar),Expressway,3,70,1886,46.5,49.9,Cloudy,25.1,0.0,0,0,1
2026-06-30 16:00,SEG_07,Annapurna Road Corridor (Ranjeet Hanuman to Mhow),Collector,2,40,873,22.5,57.2,Cloudy,25.1,0.0,0,0,1
2026-06-30 16:00,SEG_08,Vijay Nagar Central Junction (Brilliant to Scheme 54),Arterial,3,50,1901,28.3,62.1,Cloudy,25.1,0.0,0,0,1
2026-06-30 18:00,SEG_01,AB Road Central (Palasia to Geeta Bhawan),Arterial,3,50,2316,9.5,83.1,Clear,29.7,0.0,1,0,3
2026-06-30 18:00,SEG_02,Eastern Bypass Corridor (Rau to Kanadia),Highway,4,80,4805,14.2,90.9,Clear,29.7,0.0,0,0,3
2026-06-30 18:00,SEG_03,Ring Road Section 3 (Robot Square to Radisson),Arterial,3,55,2522,12.1,87.6,Clear,29.7,0.0,0,0,3
2026-06-30 18:00,SEG_04,Super Corridor West (Airport to MR10),Expressway,4,85,5569,17.0,96.3,Clear,29.7,0.0,0,0,3
2026-06-30 18:00,SEG_05,Bhawarkua Arterial (University to Tower Square),Collector,2,45,1512,8.8,89.4,Clear,29.7,0.0,0,0,3
2026-06-30 18:00,SEG_06,MR-10 Expressway Link (Tigaria to Vijay Nagar),Expressway,3,70,2915,19.5,84.6,Clear,29.7,0.0,0,0,3
2026-06-30 18:00,SEG_07,Annapurna Road Corridor (Ranjeet Hanuman to Mhow),Collector,2,40,1508,8.0,98.0,Clear,29.7,0.0,0,0,3
2026-06-30 18:00,SEG_08,Vijay Nagar Central Junction (Brilliant to Scheme 54),Arterial,3,50,2530,14.5,83.7,Clear,29.7,0.0,0,0,3
2026-06-30 20:00,SEG_01,AB Road Central (Palasia to Geeta Bhawan),Arterial,3,50,2732,8.0,94.9,Clear,25.4,0.0,0,0,3
2026-06-30 20:00,SEG_02,Eastern Bypass Corridor (Rau to Kanadia),Highway,4,80,4174,24.6,79.0,Clear,25.4,0.0,0,0,3
2026-06-30 20:00,SEG_03,Ring Road Section 3 (Robot Square to Radisson),Arterial,3,55,2293,18.0,79.4,Clear,25.4,0.0,0,0,2
2026-06-30 20:00,SEG_04,Super Corridor West (Airport to MR10),Expressway,4,85,5556,16.3,96.7,Clear,25.4,0.0,0,0,3
2026-06-30 20:00,SEG_05,Bhawarkua Arterial (University to Tower Square),Collector,2,45,1609,9.4,96.4,Clear,25.4,0.0,0,0,3
2026-06-30 20:00,SEG_06,MR-10 Expressway Link (Tigaria to Vijay Nagar),Expressway,3,70,3729,13.9,98.0,Clear,25.4,0.0,0,0,3
2026-06-30 20:00,SEG_07,Annapurna Road Corridor (Ranjeet Hanuman to Mhow),Collector,2,40,1301,8.6,86.9,Clear,25.4,0.0,0,0,3
2026-06-30 20:00,SEG_08,Vijay Nagar Central Junction (Brilliant to Scheme 54),Arterial,3,50,2886,9.4,93.7,Clear,25.4,0.0,0,0,3
2026-06-30 22:00,SEG_01,AB Road Central (Palasia to Geeta Bhawan),Arterial,3,50,1491,35.5,42.8,Clear,24.1,0.0,0,0,1
2026-06-30 22:00,SEG_02,Eastern Bypass Corridor (Rau to Kanadia),Highway,4,80,3000,46.4,56.5,Clear,24.1,0.0,0,0,1
2026-06-30 22:00,SEG_03,Ring Road Section 3 (Robot Square to Radisson),Arterial,3,55,1316,39.6,43.5,Clear,24.1,0.0,0,0,1
2026-06-30 22:00,SEG_04,Super Corridor West (Airport to MR10),Expressway,4,85,2540,61.8,42.0,Clear,24.1,0.0,0,0,1
2026-06-30 22:00,SEG_05,Bhawarkua Arterial (University to Tower Square),Collector,2,45,764,31.8,44.2,Clear,24.1,0.0,0,0,1
2026-06-30 22:00,SEG_06,MR-10 Expressway Link (Tigaria to Vijay Nagar),Expressway,3,70,1482,51.0,38.9,Clear,24.1,0.0,0,0,1
2026-06-30 22:00,SEG_07,Annapurna Road Corridor (Ranjeet Hanuman to Mhow),Collector,2,40,634,31.0,35.7,Clear,24.1,0.0,0,0,1
2026-06-30 22:00,SEG_08,Vijay Nagar Central Junction (Brilliant to Scheme 54),Arterial,3,50,1303,37.8,35.8,Clear,24.1,0.0,0,0,1
2026-07-01 00:00,SEG_01,AB Road Central (Palasia to Geeta Bhawan),Arterial,3,50,459,46.2,10.7,Clear,24.0,0.0,0,0,0
2026-07-01 00:00,SEG_02,Eastern Bypass Corridor (Rau to Kanadia),Highway,4,80,1422,70.4,22.3,Clear,24.0,0.0,0,0,0
2026-07-01 00:00,SEG_03,Ring Road Section 3 (Robot Square to Radisson),Arterial,3,55,314,51.6,10.4,Clear,24.0,0.0,0,0,0
2026-07-01 00:00,SEG_04,Super Corridor West (Airport to MR10),Expressway,4,85,747,82.2,9.1,Clear,24.0,0.0,0,0,0
2026-07-01 00:00,SEG_05,Bhawarkua Arterial (University to Tower Square),Collector,2,45,185,45,5.0,Clear,24.0,0.0,0,0,0
2026-07-01 00:00,SEG_06,MR-10 Expressway Link (Tigaria to Vijay Nagar),Expressway,3,70,351,69.2,8.3,Clear,24.0,0.0,0,0,0
2026-07-01 00:00,SEG_07,Annapurna Road Corridor (Ranjeet Hanuman to Mhow),Collector,2,40,200,39.3,9.7,Clear,24.0,0.0,0,0,0
2026-07-01 00:00,SEG_08,Vijay Nagar Central Junction (Brilliant to Scheme 54),Arterial,3,50,295,48.2,9.5,Clear,24.0,0.0,0,0,0
2026-07-01 02:00,SEG_01,AB Road Central (Palasia to Geeta Bhawan),Arterial,3,50,373,48.5,9.4,Clear,23.3,0.0,0,0,0
2026-07-01 02:00,SEG_02,Eastern Bypass Corridor (Rau to Kanadia),Highway,4,80,1476,69.3,23.6,Clear,23.3,0.0,0,0,0
2026-07-01 02:00,SEG_03,Ring Road Section 3 (Robot Square to Radisson),Arterial,3,55,291,53.2,6.5,Clear,23.3,0.0,0,0,0
2026-07-01 02:00,SEG_04,Super Corridor West (Airport to MR10),Expressway,4,85,794,81.9,9.7,Clear,23.3,0.0,0,0,0
2026-07-01 02:00,SEG_05,Bhawarkua Arterial (University to Tower Square),Collector,2,45,244,43.4,14.4,Clear,23.3,0.0,0,0,0
2026-07-01 02:00,SEG_06,MR-10 Expressway Link (Tigaria to Vijay Nagar),Expressway,3,70,420,66.3,10.9,Clear,23.3,0.0,0,0,0
2026-07-01 02:00,SEG_07,Annapurna Road Corridor (Ranjeet Hanuman to Mhow),Collector,2,40,225,36.8,15.0,Clear,23.3,0.0,0,0,0
2026-07-01 02:00,SEG_08,Vijay Nagar Central Junction (Brilliant to Scheme 54),Arterial,3,50,324,49.6,9.5,Clear,23.3,0.0,0,0,0
2026-07-01 04:00,SEG_01,AB Road Central (Palasia to Geeta Bhawan),Arterial,3,50,260,50,5.2,Clear,25.7,0.0,0,0,0
2026-07-01 04:00,SEG_02,Eastern Bypass Corridor (Rau to Kanadia),Highway,4,80,1427,71.6,24.4,Clear,25.7,0.0,0,0,0
2026-07-01 04:00,SEG_03,Ring Road Section 3 (Robot Square to Radisson),Arterial,3,55,326,53.1,6.5,Clear,25.7,0.0,0,0,0
2026-07-01 04:00,SEG_04,Super Corridor West (Airport to MR10),Expressway,4,85,699,80.8,11.8,Clear,25.7,0.0,0,0,0
2026-07-01 04:00,SEG_05,Bhawarkua Arterial (University to Tower Square),Collector,2,45,226,43.3,10.6,Clear,25.7,0.0,0,0,0
2026-07-01 04:00,SEG_06,MR-10 Expressway Link (Tigaria to Vijay Nagar),Expressway,3,70,371,68.6,6.1,Clear,25.7,0.0,0,0,0
2026-07-01 04:00,SEG_07,Annapurna Road Corridor (Ranjeet Hanuman to Mhow),Collector,2,40,166,39.8,9.8,Clear,25.7,0.0,0,0,0
2026-07-01 04:00,SEG_08,Vijay Nagar Central Junction (Brilliant to Scheme 54),Arterial,3,50,438,49.5,10.8,Clear,25.7,0.0,0,0,0
2026-07-01 06:00,SEG_01,AB Road Central (Palasia to Geeta Bhawan),Arterial,3,50,1152,34.0,36.0,Rainy,22.9,7.8,0,0,1
2026-07-01 06:00,SEG_02,Eastern Bypass Corridor (Rau to Kanadia),Highway,4,80,2365,46.1,49.3,Rainy,22.9,7.8,0,0,1
2026-07-01 06:00,SEG_03,Ring Road Section 3 (Robot Square to Radisson),Arterial,3,55,1206,35.6,40.4,Rainy,22.9,7.8,0,0,1
2026-07-01 06:00,SEG_04,Super Corridor West (Airport to MR10),Expressway,4,85,2385,53.4,40.0,Rainy,22.9,7.8,0,0,1
2026-07-01 06:00,SEG_05,Bhawarkua Arterial (University to Tower Square),Collector,2,45,798,26.5,47.3,Rainy,22.9,7.8,0,0,1
2026-07-01 06:00,SEG_06,MR-10 Expressway Link (Tigaria to Vijay Nagar),Expressway,3,70,1281,48.2,38.8,Rainy,22.9,7.8,0,0,1
2026-07-01 06:00,SEG_07,Annapurna Road Corridor (Ranjeet Hanuman to Mhow),Collector,2,40,588,25.8,40.2,Rainy,22.9,7.8,0,0,1
2026-07-01 06:00,SEG_08,Vijay Nagar Central Junction (Brilliant to Scheme 54),Arterial,3,50,1286,31.2,40.7,Rainy,22.9,7.8,0,0,1
2026-07-01 08:00,SEG_01,AB Road Central (Palasia to Geeta Bhawan),Arterial,3,50,2640,10.3,86.2,Cloudy,27.0,0.0,0,0,3
2026-07-01 08:00,SEG_02,Eastern Bypass Corridor (Rau to Kanadia),Highway,4,80,4611,14.4,87.9,Cloudy,27.0,0.0,0,0,3
2026-07-01 08:00,SEG_03,Ring Road Section 3 (Robot Square to Radisson),Arterial,3,55,2482,10.8,89.0,Cloudy,27.0,0.0,0,0,3
2026-07-01 08:00,SEG_04,Super Corridor West (Airport to MR10),Expressway,4,85,4536,27.7,78.6,Cloudy,27.0,0.0,0,0,2
2026-07-01 08:00,SEG_05,Bhawarkua Arterial (University to Tower Square),Collector,2,45,1610,9.5,95.7,Cloudy,27.0,0.0,0,0,3
2026-07-01 08:00,SEG_06,MR-10 Expressway Link (Tigaria to Vijay Nagar),Expressway,3,70,2823,20.6,83.1,Cloudy,27.0,0.0,0,0,3
2026-07-01 08:00,SEG_07,Annapurna Road Corridor (Ranjeet Hanuman to Mhow),Collector,2,40,1315,10.0,83.7,Cloudy,27.0,0.0,0,0,3
2026-07-01 08:00,SEG_08,Vijay Nagar Central Junction (Brilliant to Scheme 54),Arterial,3,50,2664,8.0,90.9,Cloudy,27.0,0.0,1,0,3
2026-07-01 10:00,SEG_01,AB Road Central (Palasia to Geeta Bhawan),Arterial,3,50,2398,14.3,82.0,Clear,35.0,0.0,0,0,3
2026-07-01 10:00,SEG_02,Eastern Bypass Corridor (Rau to Kanadia),Highway,4,80,4073,25.5,80.6,Clear,35.0,0.0,0,0,2
2026-07-01 10:00,SEG_03,Ring Road Section 3 (Robot Square to Radisson),Arterial,3,55,2577,8.6,90.8,Clear,35.0,0.0,0,0,3
2026-07-01 10:00,SEG_04,Super Corridor West (Airport to MR10),Expressway,4,85,4900,18.8,84.9,Clear,35.0,0.0,0,0,3
2026-07-01 10:00,SEG_05,Bhawarkua Arterial (University to Tower Square),Collector,2,45,1419,11.7,85.5,Clear,35.0,0.0,0,0,3
2026-07-01 10:00,SEG_06,MR-10 Expressway Link (Tigaria to Vijay Nagar),Expressway,3,70,2895,20.4,80.9,Clear,35.0,0.0,0,0,3
2026-07-01 10:00,SEG_07,Annapurna Road Corridor (Ranjeet Hanuman to Mhow),Collector,2,40,1315,9.6,85.4,Clear,35.0,0.0,0,0,3
2026-07-01 10:00,SEG_08,Vijay Nagar Central Junction (Brilliant to Scheme 54),Arterial,3,50,2820,8.3,95.8,Clear,35.0,0.0,0,0,3
2026-07-01 12:00,SEG_01,AB Road Central (Palasia to Geeta Bhawan),Arterial,3,50,1695,32.4,53.5,Clear,32.7,0.0,0,0,1
2026-07-01 12:00,SEG_02,Eastern Bypass Corridor (Rau to Kanadia),Highway,4,80,2844,51.6,52.9,Clear,32.7,0.0,0,0,1
2026-07-01 12:00,SEG_03,Ring Road Section 3 (Robot Square to Radisson),Arterial,3,55,1525,34.0,51.8,Clear,32.7,0.0,0,0,1
2026-07-01 12:00,SEG_04,Super Corridor West (Airport to MR10),Expressway,4,85,3270,52.0,56.1,Clear,32.7,0.0,0,0,1
2026-07-01 12:00,SEG_05,Bhawarkua Arterial (University to Tower Square),Collector,2,45,1062,21.6,60.1,Clear,32.7,0.0,0,0,2
2026-07-01 12:00,SEG_06,MR-10 Expressway Link (Tigaria to Vijay Nagar),Expressway,3,70,1807,47.2,47.3,Clear,32.7,0.0,0,0,1
2026-07-01 12:00,SEG_07,Annapurna Road Corridor (Ranjeet Hanuman to Mhow),Collector,2,40,763,28.6,44.8,Clear,32.7,0.0,0,0,1
2026-07-01 12:00,SEG_08,Vijay Nagar Central Junction (Brilliant to Scheme 54),Arterial,3,50,1699,30.4,53.1,Clear,32.7,0.0,0,0,1
2026-07-01 14:00,SEG_01,AB Road Central (Palasia to Geeta Bhawan),Arterial,3,50,1600,28.2,53.2,Rainy,25.0,11.0,0,0,1
2026-07-01 14:00,SEG_02,Eastern Bypass Corridor (Rau to Kanadia),Highway,4,80,2320,48.0,46.6,Rainy,25.0,11.0,0,0,1
2026-07-01 14:00,SEG_03,Ring Road Section 3 (Robot Square to Radisson),Arterial,3,55,1351,33.4,47.2,Rainy,25.0,11.0,0,0,1
2026-07-01 14:00,SEG_04,Super Corridor West (Airport to MR10),Expressway,4,85,3016,46.1,54.6,Rainy,25.0,11.0,0,0,1
2026-07-01 14:00,SEG_05,Bhawarkua Arterial (University to Tower Square),Collector,2,45,752,25.2,49.2,Rainy,25.0,11.0,0,0,1
2026-07-01 14:00,SEG_06,MR-10 Expressway Link (Tigaria to Vijay Nagar),Expressway,3,70,1607,41.1,43.2,Rainy,25.0,11.0,0,0,1
2026-07-01 14:00,SEG_07,Annapurna Road Corridor (Ranjeet Hanuman to Mhow),Collector,2,40,703,22.2,48.8,Rainy,25.0,11.0,0,0,1
2026-07-01 14:00,SEG_08,Vijay Nagar Central Junction (Brilliant to Scheme 54),Arterial,3,50,1451,28.4,48.9,Rainy,25.0,11.0,0,0,1
2026-07-01 16:00,SEG_01,AB Road Central (Palasia to Geeta Bhawan),Arterial,3,50,1948,24.9,64.2,Clear,30.8,0.0,0,0,2
2026-07-01 16:00,SEG_02,Eastern Bypass Corridor (Rau to Kanadia),Highway,4,80,2938,48.1,55.6,Clear,30.8,0.0,0,0,1
2026-07-01 16:00,SEG_03,Ring Road Section 3 (Robot Square to Radisson),Arterial,3,55,1729,30.6,59.8,Clear,30.8,0.0,0,0,1
2026-07-01 16:00,SEG_04,Super Corridor West (Airport to MR10),Expressway,4,85,3337,49.6,57.0,Clear,30.8,0.0,0,0,1
2026-07-01 16:00,SEG_05,Bhawarkua Arterial (University to Tower Square),Collector,2,45,929,27.2,50.8,Clear,30.8,0.0,0,0,1
2026-07-01 16:00,SEG_06,MR-10 Expressway Link (Tigaria to Vijay Nagar),Expressway,3,70,1870,44.1,51.5,Clear,30.8,0.0,0,0,1
2026-07-01 16:00,SEG_07,Annapurna Road Corridor (Ranjeet Hanuman to Mhow),Collector,2,40,984,22.7,62.6,Clear,30.8,0.0,0,0,1
2026-07-01 16:00,SEG_08,Vijay Nagar Central Junction (Brilliant to Scheme 54),Arterial,3,50,1831,28.2,58.1,Clear,30.8,0.0,0,0,1
2026-07-01 18:00,SEG_01,AB Road Central (Palasia to Geeta Bhawan),Arterial,3,50,3201,10.2,98.0,Clear,29.0,0.0,0,0,3
2026-07-01 18:00,SEG_02,Eastern Bypass Corridor (Rau to Kanadia),Highway,4,80,4932,14.6,93.3,Clear,29.0,0.0,0,0,3
2026-07-01 18:00,SEG_03,Ring Road Section 3 (Robot Square to Radisson),Arterial,3,55,2438,11.7,88.0,Clear,29.0,0.0,0,0,3
2026-07-01 18:00,SEG_04,Super Corridor West (Airport to MR10),Expressway,4,85,5365,14.5,94.6,Clear,29.0,0.0,0,0,3
2026-07-01 18:00,SEG_05,Bhawarkua Arterial (University to Tower Square),Collector,2,45,1535,9.6,90.6,Clear,29.0,0.0,0,0,3
2026-07-01 18:00,SEG_06,MR-10 Expressway Link (Tigaria to Vijay Nagar),Expressway,3,70,3339,12.9,92.9,Clear,29.0,0.0,0,0,3
2026-07-01 18:00,SEG_07,Annapurna Road Corridor (Ranjeet Hanuman to Mhow),Collector,2,40,1383,8.0,92.2,Clear,29.0,0.0,0,0,3
2026-07-01 18:00,SEG_08,Vijay Nagar Central Junction (Brilliant to Scheme 54),Arterial,3,50,2515,14.8,82.6,Clear,29.0,0.0,0,0,3
2026-07-01 20:00,SEG_01,AB Road Central (Palasia to Geeta Bhawan),Arterial,3,50,2291,20.0,73.9,Clear,23.7,0.0,0,0,2
2026-07-01 20:00,SEG_02,Eastern Bypass Corridor (Rau to Kanadia),Highway,4,80,4757,14.4,95.0,Clear,23.7,0.0,0,0,3
2026-07-01 20:00,SEG_03,Ring Road Section 3 (Robot Square to Radisson),Arterial,3,55,2507,12.4,87.3,Clear,23.7,0.0,0,0,3
2026-07-01 20:00,SEG_04,Super Corridor West (Airport to MR10),Expressway,4,85,4975,15.9,91.5,Clear,23.7,0.0,0,0,3
2026-07-01 20:00,SEG_05,Bhawarkua Arterial (University to Tower Square),Collector,2,45,1537,8.3,91.5,Clear,23.7,0.0,0,0,3
2026-07-01 20:00,SEG_06,MR-10 Expressway Link (Tigaria to Vijay Nagar),Expressway,3,70,3380,13.0,97.7,Clear,23.7,0.0,0,0,3
2026-07-01 20:00,SEG_07,Annapurna Road Corridor (Ranjeet Hanuman to Mhow),Collector,2,40,1527,8.0,96.5,Clear,23.7,0.0,0,0,3
2026-07-01 20:00,SEG_08,Vijay Nagar Central Junction (Brilliant to Scheme 54),Arterial,3,50,2654,9.5,89.9,Clear,23.7,0.0,0,0,3
2026-07-01 22:00,SEG_01,AB Road Central (Palasia to Geeta Bhawan),Arterial,3,50,1207,39.7,38.2,Clear,23.4,0.0,0,0,0
2026-07-01 22:00,SEG_02,Eastern Bypass Corridor (Rau to Kanadia),Highway,4,80,2997,46.8,57.3,Clear,23.4,0.0,0,0,1
2026-07-01 22:00,SEG_03,Ring Road Section 3 (Robot Square to Radisson),Arterial,3,55,1378,38.3,42.2,Clear,23.4,0.0,0,0,1
2026-07-01 22:00,SEG_04,Super Corridor West (Airport to MR10),Expressway,4,85,2326,63.8,38.7,Clear,23.4,0.0,0,0,1
2026-07-01 22:00,SEG_05,Bhawarkua Arterial (University to Tower Square),Collector,2,45,866,27.9,50.3,Clear,23.4,0.0,0,0,1
2026-07-01 22:00,SEG_06,MR-10 Expressway Link (Tigaria to Vijay Nagar),Expressway,3,70,1763,47.0,43.4,Clear,23.4,0.0,0,0,1
2026-07-01 22:00,SEG_07,Annapurna Road Corridor (Ranjeet Hanuman to Mhow),Collector,2,40,641,31.3,34.9,Clear,23.4,0.0,0,0,1
2026-07-01 22:00,SEG_08,Vijay Nagar Central Junction (Brilliant to Scheme 54),Arterial,3,50,1182,23.7,45.6,Clear,23.4,0.0,1,0,2
2026-07-02 00:00,SEG_01,AB Road Central (Palasia to Geeta Bhawan),Arterial,3,50,294,36.3,14.3,Clear,22.4,0.0,0,1,0
2026-07-02 00:00,SEG_02,Eastern Bypass Corridor (Rau to Kanadia),Highway,4,80,1099,74.2,18.5,Clear,22.4,0.0,0,0,0
2026-07-02 00:00,SEG_03,Ring Road Section 3 (Robot Square to Radisson),Arterial,3,55,326,51.5,10.9,Clear,22.4,0.0,0,0,0
2026-07-02 00:00,SEG_04,Super Corridor West (Airport to MR10),Expressway,4,85,716,81.6,8.0,Clear,22.4,0.0,0,0,0
2026-07-02 00:00,SEG_05,Bhawarkua Arterial (University to Tower Square),Collector,2,45,150,43.8,8.6,Clear,22.4,0.0,0,0,0
2026-07-02 00:00,SEG_06,MR-10 Expressway Link (Tigaria to Vijay Nagar),Expressway,3,70,490,68.8,8.4,Clear,22.4,0.0,0,0,0
2026-07-02 00:00,SEG_07,Annapurna Road Corridor (Ranjeet Hanuman to Mhow),Collector,2,40,201,30.3,17.2,Clear,22.4,0.0,0,1,0
2026-07-02 00:00,SEG_08,Vijay Nagar Central Junction (Brilliant to Scheme 54),Arterial,3,50,325,48.4,10.9,Clear,22.4,0.0,0,0,0
2026-07-02 02:00,SEG_01,AB Road Central (Palasia to Geeta Bhawan),Arterial,3,50,292,39.2,15.4,Cloudy,22.6,1.1,0,1,0
2026-07-02 02:00,SEG_02,Eastern Bypass Corridor (Rau to Kanadia),Highway,4,80,1244,70.1,22.0,Cloudy,22.6,1.1,0,0,0
2026-07-02 02:00,SEG_03,Ring Road Section 3 (Robot Square to Radisson),Arterial,3,55,404,51.1,14.5,Cloudy,22.6,1.1,0,0,0
2026-07-02 02:00,SEG_04,Super Corridor West (Airport to MR10),Expressway,4,85,729,83.7,10.8,Cloudy,22.6,1.1,0,0,0
2026-07-02 02:00,SEG_05,Bhawarkua Arterial (University to Tower Square),Collector,2,45,217,43.9,11.8,Cloudy,22.6,1.1,0,0,0
2026-07-02 02:00,SEG_06,MR-10 Expressway Link (Tigaria to Vijay Nagar),Expressway,3,70,360,66.7,9.9,Cloudy,22.6,1.1,0,0,0
2026-07-02 02:00,SEG_07,Annapurna Road Corridor (Ranjeet Hanuman to Mhow),Collector,2,40,167,32.2,12.1,Cloudy,22.6,1.1,0,1,0
2026-07-02 02:00,SEG_08,Vijay Nagar Central Junction (Brilliant to Scheme 54),Arterial,3,50,307,48.0,7.7,Cloudy,22.6,1.1,0,0,0
2026-07-02 04:00,SEG_01,AB Road Central (Palasia to Geeta Bhawan),Arterial,3,50,275,39.7,15.3,Clear,26.7,0.0,0,1,0
2026-07-02 04:00,SEG_02,Eastern Bypass Corridor (Rau to Kanadia),Highway,4,80,1195,72.2,18.6,Clear,26.7,0.0,0,0,0
2026-07-02 04:00,SEG_03,Ring Road Section 3 (Robot Square to Radisson),Arterial,3,55,259,52.1,8.8,Clear,26.7,0.0,0,0,0
2026-07-02 04:00,SEG_04,Super Corridor West (Airport to MR10),Expressway,4,85,521,82.9,9.5,Clear,26.7,0.0,0,0,0
2026-07-02 04:00,SEG_05,Bhawarkua Arterial (University to Tower Square),Collector,2,45,136,43.3,8.0,Clear,26.7,0.0,0,0,0
2026-07-02 04:00,SEG_06,MR-10 Expressway Link (Tigaria to Vijay Nagar),Expressway,3,70,503,68.4,12.7,Clear,26.7,0.0,0,0,0
2026-07-02 04:00,SEG_07,Annapurna Road Corridor (Ranjeet Hanuman to Mhow),Collector,2,40,205,30.8,16.1,Clear,26.7,0.0,0,1,0
2026-07-02 04:00,SEG_08,Vijay Nagar Central Junction (Brilliant to Scheme 54),Arterial,3,50,287,50,6.1,Clear,26.7,0.0,0,0,0
2026-07-02 06:00,SEG_01,AB Road Central (Palasia to Geeta Bhawan),Arterial,3,50,1362,27.5,44.7,Clear,29.7,0.0,0,1,1
2026-07-02 06:00,SEG_02,Eastern Bypass Corridor (Rau to Kanadia),Highway,4,80,2336,57.7,40.7,Clear,29.7,0.0,0,0,1
2026-07-02 06:00,SEG_03,Ring Road Section 3 (Robot Square to Radisson),Arterial,3,55,1095,41.7,37.4,Clear,29.7,0.0,0,0,0
2026-07-02 06:00,SEG_04,Super Corridor West (Airport to MR10),Expressway,4,85,2316,65.4,38.2,Clear,29.7,0.0,0,0,1
2026-07-02 06:00,SEG_05,Bhawarkua Arterial (University to Tower Square),Collector,2,45,799,29.3,48.4,Clear,29.7,0.0,0,0,1
2026-07-02 06:00,SEG_06,MR-10 Expressway Link (Tigaria to Vijay Nagar),Expressway,3,70,1721,48.0,46.5,Clear,29.7,0.0,0,0,1
2026-07-02 06:00,SEG_07,Annapurna Road Corridor (Ranjeet Hanuman to Mhow),Collector,2,40,569,25.1,39.0,Clear,29.7,0.0,0,1,1
2026-07-02 06:00,SEG_08,Vijay Nagar Central Junction (Brilliant to Scheme 54),Arterial,3,50,1497,32.6,44.1,Clear,29.7,0.0,0,0,1
2026-07-02 08:00,SEG_01,AB Road Central (Palasia to Geeta Bhawan),Arterial,3,50,2430,11.7,81.6,Cloudy,28.9,0.0,0,1,3
2026-07-02 08:00,SEG_02,Eastern Bypass Corridor (Rau to Kanadia),Highway,4,80,4216,22.2,84.1,Cloudy,28.9,0.0,0,0,3
2026-07-02 08:00,SEG_03,Ring Road Section 3 (Robot Square to Radisson),Arterial,3,55,2362,14.0,86.1,Cloudy,28.9,0.0,0,0,3
2026-07-02 08:00,SEG_04,Super Corridor West (Airport to MR10),Expressway,4,85,4185,16.1,78.0,Cloudy,28.9,0.0,1,0,3
2026-07-02 08:00,SEG_05,Bhawarkua Arterial (University to Tower Square),Collector,2,45,1430,9.8,87.3,Cloudy,28.9,0.0,0,0,3
2026-07-02 08:00,SEG_06,MR-10 Expressway Link (Tigaria to Vijay Nagar),Expressway,3,70,2651,24.9,73.0,Cloudy,28.9,0.0,0,0,2
2026-07-02 08:00,SEG_07,Annapurna Road Corridor (Ranjeet Hanuman to Mhow),Collector,2,40,1443,8.0,95.5,Cloudy,28.9,0.0,0,1,3
2026-07-02 08:00,SEG_08,Vijay Nagar Central Junction (Brilliant to Scheme 54),Arterial,3,50,2783,8.7,92.8,Cloudy,28.9,0.0,0,0,3
2026-07-02 10:00,SEG_01,AB Road Central (Palasia to Geeta Bhawan),Arterial,3,50,2726,8.0,89.8,Cloudy,26.8,0.0,0,1,3
2026-07-02 10:00,SEG_02,Eastern Bypass Corridor (Rau to Kanadia),Highway,4,80,4832,13.6,92.9,Cloudy,26.8,0.0,0,0,3
2026-07-02 10:00,SEG_03,Ring Road Section 3 (Robot Square to Radisson),Arterial,3,55,2572,8.1,93.7,Cloudy,26.8,0.0,0,0,3
2026-07-02 10:00,SEG_04,Super Corridor West (Airport to MR10),Expressway,4,85,4721,21.0,85.4,Cloudy,26.8,0.0,0,0,3
2026-07-02 10:00,SEG_05,Bhawarkua Arterial (University to Tower Square),Collector,2,45,1450,8.0,91.3,Cloudy,26.8,0.0,0,0,3
2026-07-02 10:00,SEG_06,MR-10 Expressway Link (Tigaria to Vijay Nagar),Expressway,3,70,3383,11.7,92.8,Cloudy,26.8,0.0,0,0,3
2026-07-02 10:00,SEG_07,Annapurna Road Corridor (Ranjeet Hanuman to Mhow),Collector,2,40,1340,8.0,86.2,Cloudy,26.8,0.0,0,1,3
2026-07-02 10:00,SEG_08,Vijay Nagar Central Junction (Brilliant to Scheme 54),Arterial,3,50,2638,9.6,91.4,Cloudy,26.8,0.0,0,0,3
2026-07-02 12:00,SEG_01,AB Road Central (Palasia to Geeta Bhawan),Arterial,3,50,1899,21.3,62.3,Cloudy,30.7,0.0,0,1,2
2026-07-02 12:00,SEG_02,Eastern Bypass Corridor (Rau to Kanadia),Highway,4,80,3119,44.9,57.6,Cloudy,30.7,0.0,0,0,1
2026-07-02 12:00,SEG_03,Ring Road Section 3 (Robot Square to Radisson),Arterial,3,55,1523,33.5,49.5,Cloudy,30.7,0.0,0,0,1
2026-07-02 12:00,SEG_04,Super Corridor West (Airport to MR10),Expressway,4,85,2863,56.2,45.5,Cloudy,30.7,0.0,0,0,1
2026-07-02 12:00,SEG_05,Bhawarkua Arterial (University to Tower Square),Collector,2,45,851,30.7,49.8,Cloudy,30.7,0.0,0,0,1
2026-07-02 12:00,SEG_06,MR-10 Expressway Link (Tigaria to Vijay Nagar),Expressway,3,70,2133,41.2,59.4,Cloudy,30.7,0.0,0,0,1
2026-07-02 12:00,SEG_07,Annapurna Road Corridor (Ranjeet Hanuman to Mhow),Collector,2,40,799,22.1,50.0,Cloudy,30.7,0.0,0,1,2
2026-07-02 12:00,SEG_08,Vijay Nagar Central Junction (Brilliant to Scheme 54),Arterial,3,50,1827,26.1,58.9,Cloudy,30.7,0.0,0,0,1
2026-07-02 14:00,SEG_01,AB Road Central (Palasia to Geeta Bhawan),Arterial,3,50,1645,22.7,55.2,Clear,34.5,0.0,0,1,2
2026-07-02 14:00,SEG_02,Eastern Bypass Corridor (Rau to Kanadia),Highway,4,80,2846,50.6,48.7,Clear,34.5,0.0,0,0,1
2026-07-02 14:00,SEG_03,Ring Road Section 3 (Robot Square to Radisson),Arterial,3,55,1899,27.8,62.5,Clear,34.5,0.0,0,0,2
2026-07-02 14:00,SEG_04,Super Corridor West (Airport to MR10),Expressway,4,85,3508,46.8,61.2,Clear,34.5,0.0,0,0,1
2026-07-02 14:00,SEG_05,Bhawarkua Arterial (University to Tower Square),Collector,2,45,995,23.9,61.3,Clear,34.5,0.0,0,0,1
2026-07-02 14:00,SEG_06,MR-10 Expressway Link (Tigaria to Vijay Nagar),Expressway,3,70,2315,35.8,65.5,Clear,34.5,0.0,0,0,2
2026-07-02 14:00,SEG_07,Annapurna Road Corridor (Ranjeet Hanuman to Mhow),Collector,2,40,962,18.2,65.6,Clear,34.5,0.0,0,1,2
2026-07-02 14:00,SEG_08,Vijay Nagar Central Junction (Brilliant to Scheme 54),Arterial,3,50,2003,23.1,66.8,Clear,34.5,0.0,0,0,2
2026-07-02 16:00,SEG_01,AB Road Central (Palasia to Geeta Bhawan),Arterial,3,50,1669,24.4,56.2,Clear,32.5,0.0,0,1,2
2026-07-02 16:00,SEG_02,Eastern Bypass Corridor (Rau to Kanadia),Highway,4,80,2649,30.2,59.2,Clear,32.5,0.0,1,0,2
2026-07-02 16:00,SEG_03,Ring Road Section 3 (Robot Square to Radisson),Arterial,3,55,1422,37.0,44.0,Clear,32.5,0.0,0,0,1
2026-07-02 16:00,SEG_04,Super Corridor West (Airport to MR10),Expressway,4,85,3677,41.7,63.7,Clear,32.5,0.0,0,0,2
2026-07-02 16:00,SEG_05,Bhawarkua Arterial (University to Tower Square),Collector,2,45,879,27.6,53.0,Clear,32.5,0.0,0,0,1
2026-07-02 16:00,SEG_06,MR-10 Expressway Link (Tigaria to Vijay Nagar),Expressway,3,70,2133,40.0,56.6,Clear,32.5,0.0,0,0,1
2026-07-02 16:00,SEG_07,Annapurna Road Corridor (Ranjeet Hanuman to Mhow),Collector,2,40,902,17.7,63.2,Clear,32.5,0.0,0,1,2
2026-07-02 16:00,SEG_08,Vijay Nagar Central Junction (Brilliant to Scheme 54),Arterial,3,50,1885,25.1,58.4,Clear,32.5,0.0,0,0,2
2026-07-02 18:00,SEG_01,AB Road Central (Palasia to Geeta Bhawan),Arterial,3,50,2707,8.0,91.3,Clear,28.9,0.0,0,1,3
2026-07-02 18:00,SEG_02,Eastern Bypass Corridor (Rau to Kanadia),Highway,4,80,4498,16.6,86.8,Clear,28.9,0.0,0,0,3
2026-07-02 18:00,SEG_03,Ring Road Section 3 (Robot Square to Radisson),Arterial,3,55,2902,9.2,98.0,Clear,28.9,0.0,0,0,3
2026-07-02 18:00,SEG_04,Super Corridor West (Airport to MR10),Expressway,4,85,5011,18.1,90.2,Clear,28.9,0.0,0,0,3
2026-07-02 18:00,SEG_05,Bhawarkua Arterial (University to Tower Square),Collector,2,45,1475,9.9,92.1,Clear,28.9,0.0,0,0,3
2026-07-02 18:00,SEG_06,MR-10 Expressway Link (Tigaria to Vijay Nagar),Expressway,3,70,3259,12.1,91.6,Clear,28.9,0.0,0,0,3
2026-07-02 18:00,SEG_07,Annapurna Road Corridor (Ranjeet Hanuman to Mhow),Collector,2,40,1209,8.0,81.8,Clear,28.9,0.0,1,1,3
2026-07-02 18:00,SEG_08,Vijay Nagar Central Junction (Brilliant to Scheme 54),Arterial,3,50,2271,17.3,73.4,Clear,28.9,0.0,0,0,2
2026-07-02 20:00,SEG_01,AB Road Central (Palasia to Geeta Bhawan),Arterial,3,50,3058,8.0,98.0,Cloudy,17.4,0.0,0,1,3
2026-07-02 20:00,SEG_02,Eastern Bypass Corridor (Rau to Kanadia),Highway,4,80,4788,13.3,93.7,Cloudy,17.4,0.0,0,0,3
2026-07-02 20:00,SEG_03,Ring Road Section 3 (Robot Square to Radisson),Arterial,3,55,2600,11.4,89.6,Cloudy,17.4,0.0,0,0,3
2026-07-02 20:00,SEG_04,Super Corridor West (Airport to MR10),Expressway,4,85,4854,21.1,85.7,Cloudy,17.4,0.0,0,0,3
2026-07-02 20:00,SEG_05,Bhawarkua Arterial (University to Tower Square),Collector,2,45,1513,8.0,91.4,Cloudy,17.4,0.0,0,0,3
2026-07-02 20:00,SEG_06,MR-10 Expressway Link (Tigaria to Vijay Nagar),Expressway,3,70,3169,13.7,91.9,Cloudy,17.4,0.0,0,0,3
2026-07-02 20:00,SEG_07,Annapurna Road Corridor (Ranjeet Hanuman to Mhow),Collector,2,40,1406,8.0,94.9,Cloudy,17.4,0.0,0,1,3
2026-07-02 20:00,SEG_08,Vijay Nagar Central Junction (Brilliant to Scheme 54),Arterial,3,50,3081,8.0,98.0,Cloudy,17.4,0.0,0,0,3
2026-07-02 22:00,SEG_01,AB Road Central (Palasia to Geeta Bhawan),Arterial,3,50,1029,24.7,40.5,Rainy,21.7,31.5,0,1,1
2026-07-02 22:00,SEG_02,Eastern Bypass Corridor (Rau to Kanadia),Highway,4,80,2708,44.6,50.5,Rainy,21.7,31.5,0,0,1
2026-07-02 22:00,SEG_03,Ring Road Section 3 (Robot Square to Radisson),Arterial,3,55,1031,34.7,37.2,Rainy,21.7,31.5,0,0,1
2026-07-02 22:00,SEG_04,Super Corridor West (Airport to MR10),Expressway,4,85,1909,55.9,35.9,Rainy,21.7,31.5,0,0,1
2026-07-02 22:00,SEG_05,Bhawarkua Arterial (University to Tower Square),Collector,2,45,611,29.5,40.3,Rainy,21.7,31.5,0,0,1
2026-07-02 22:00,SEG_06,MR-10 Expressway Link (Tigaria to Vijay Nagar),Expressway,3,70,1619,40.4,46.9,Rainy,21.7,31.5,0,0,1
2026-07-02 22:00,SEG_07,Annapurna Road Corridor (Ranjeet Hanuman to Mhow),Collector,2,40,687,20.5,49.7,Rainy,21.7,31.5,0,1,2
2026-07-02 22:00,SEG_08,Vijay Nagar Central Junction (Brilliant to Scheme 54),Arterial,3,50,1352,28.2,44.1,Rainy,21.7,31.5,0,0,1
2026-07-03 00:00,SEG_01,AB Road Central (Palasia to Geeta Bhawan),Arterial,3,50,479,37.5,22.4,Clear,22.1,0.0,0,1,0
2026-07-03 00:00,SEG_02,Eastern Bypass Corridor (Rau to Kanadia),Highway,4,80,1415,70.7,23.3,Clear,22.1,0.0,0,0,0
2026-07-03 00:00,SEG_03,Ring Road Section 3 (Robot Square to Radisson),Arterial,3,55,378,52.4,11.7,Clear,22.1,0.0,0,0,0
2026-07-03 00:00,SEG_04,Super Corridor West (Airport to MR10),Expressway,4,85,693,81.4,12.4,Clear,22.1,0.0,0,0,0
2026-07-03 00:00,SEG_05,Bhawarkua Arterial (University to Tower Square),Collector,2,45,146,43.3,8.4,Clear,22.1,0.0,0,0,0
2026-07-03 00:00,SEG_06,MR-10 Expressway Link (Tigaria to Vijay Nagar),Expressway,3,70,332,69.2,4.3,Clear,22.1,0.0,0,0,0
2026-07-03 00:00,SEG_07,Annapurna Road Corridor (Ranjeet Hanuman to Mhow),Collector,2,40,200,30.8,16.4,Clear,22.1,0.0,0,1,0
2026-07-03 00:00,SEG_08,Vijay Nagar Central Junction (Brilliant to Scheme 54),Arterial,3,50,387,46.5,12.5,Clear,22.1,0.0,0,0,0
2026-07-03 02:00,SEG_01,AB Road Central (Palasia to Geeta Bhawan),Arterial,3,50,380,36.4,17.2,Clear,24.1,0.0,0,1,0
2026-07-03 02:00,SEG_02,Eastern Bypass Corridor (Rau to Kanadia),Highway,4,80,1286,71.7,19.5,Clear,24.1,0.0,0,0,0
2026-07-03 02:00,SEG_03,Ring Road Section 3 (Robot Square to Radisson),Arterial,3,55,289,51.8,9.7,Clear,24.1,0.0,0,0,0
2026-07-03 02:00,SEG_04,Super Corridor West (Airport to MR10),Expressway,4,85,706,82.2,10.3,Clear,24.1,0.0,0,0,0
2026-07-03 02:00,SEG_05,Bhawarkua Arterial (University to Tower Square),Collector,2,45,154,43.5,9.9,Clear,24.1,0.0,0,0,0
2026-07-03 02:00,SEG_06,MR-10 Expressway Link (Tigaria to Vijay Nagar),Expressway,3,70,507,66.7,11.6,Clear,24.1,0.0,0,0,0
2026-07-03 02:00,SEG_07,Annapurna Road Corridor (Ranjeet Hanuman to Mhow),Collector,2,40,141,28.6,18.1,Clear,24.1,0.0,0,1,0
2026-07-03 02:00,SEG_08,Vijay Nagar Central Junction (Brilliant to Scheme 54),Arterial,3,50,314,49.7,6.5,Clear,24.1,0.0,0,0,0
2026-07-03 04:00,SEG_01,AB Road Central (Palasia to Geeta Bhawan),Arterial,3,50,284,32.4,20.7,Rainy,22.9,26.1,0,1,0
2026-07-03 04:00,SEG_02,Eastern Bypass Corridor (Rau to Kanadia),Highway,4,80,961,60.8,23.1,Rainy,22.9,26.1,0,0,0
2026-07-03 04:00,SEG_03,Ring Road Section 3 (Robot Square to Radisson),Arterial,3,55,392,42.0,17.4,Rainy,22.9,26.1,0,0,0
2026-07-03 04:00,SEG_04,Super Corridor West (Airport to MR10),Expressway,4,85,639,67.0,15.9,Rainy,22.9,26.1,0,0,0
2026-07-03 04:00,SEG_05,Bhawarkua Arterial (University to Tower Square),Collector,2,45,141,36.9,10.2,Rainy,22.9,26.1,0,0,0
2026-07-03 04:00,SEG_06,MR-10 Expressway Link (Tigaria to Vijay Nagar),Expressway,3,70,300,58.2,13.6,Rainy,22.9,26.1,0,0,0
2026-07-03 04:00,SEG_07,Annapurna Road Corridor (Ranjeet Hanuman to Mhow),Collector,2,40,170,24.7,20.5,Rainy,22.9,26.1,0,1,1
2026-07-03 04:00,SEG_08,Vijay Nagar Central Junction (Brilliant to Scheme 54),Arterial,3,50,384,37.9,15.4,Rainy,22.9,26.1,0,0,0
2026-07-03 06:00,SEG_01,AB Road Central (Palasia to Geeta Bhawan),Arterial,3,50,1520,26.4,51.8,Cloudy,23.4,0.0,0,1,2
2026-07-03 06:00,SEG_02,Eastern Bypass Corridor (Rau to Kanadia),Highway,4,80,2078,63.9,32.0,Cloudy,23.4,0.0,0,0,0
2026-07-03 06:00,SEG_03,Ring Road Section 3 (Robot Square to Radisson),Arterial,3,55,1254,41.2,42.6,Cloudy,23.4,0.0,0,0,1
2026-07-03 06:00,SEG_04,Super Corridor West (Airport to MR10),Expressway,4,85,2387,64.5,40.5,Cloudy,23.4,0.0,0,0,1
2026-07-03 06:00,SEG_05,Bhawarkua Arterial (University to Tower Square),Collector,2,45,680,22.3,46.0,Cloudy,23.4,0.0,1,0,2
2026-07-03 06:00,SEG_06,MR-10 Expressway Link (Tigaria to Vijay Nagar),Expressway,3,70,1771,46.1,48.7,Cloudy,23.4,0.0,0,0,1
2026-07-03 06:00,SEG_07,Annapurna Road Corridor (Ranjeet Hanuman to Mhow),Collector,2,40,621,22.2,44.0,Cloudy,23.4,0.0,0,1,1
2026-07-03 06:00,SEG_08,Vijay Nagar Central Junction (Brilliant to Scheme 54),Arterial,3,50,1286,36.4,38.4,Cloudy,23.4,0.0,0,0,1
2026-07-03 08:00,SEG_01,AB Road Central (Palasia to Geeta Bhawan),Arterial,3,50,2520,12.2,85.7,Clear,30.5,0.0,0,1,3
2026-07-03 08:00,SEG_02,Eastern Bypass Corridor (Rau to Kanadia),Highway,4,80,4154,24.5,77.8,Clear,30.5,0.0,0,0,2
2026-07-03 08:00,SEG_03,Ring Road Section 3 (Robot Square to Radisson),Arterial,3,55,2552,11.4,89.8,Clear,30.5,0.0,0,0,3
2026-07-03 08:00,SEG_04,Super Corridor West (Airport to MR10),Expressway,4,85,5482,16.0,95.5,Clear,30.5,0.0,0,0,3
2026-07-03 08:00,SEG_05,Bhawarkua Arterial (University to Tower Square),Collector,2,45,1325,13.5,78.3,Clear,30.5,0.0,0,0,3
2026-07-03 08:00,SEG_06,MR-10 Expressway Link (Tigaria to Vijay Nagar),Expressway,3,70,3001,19.2,82.4,Clear,30.5,0.0,0,0,3
2026-07-03 08:00,SEG_07,Annapurna Road Corridor (Ranjeet Hanuman to Mhow),Collector,2,40,1362,8.0,91.3,Clear,30.5,0.0,0,1,3
2026-07-03 08:00,SEG_08,Vijay Nagar Central Junction (Brilliant to Scheme 54),Arterial,3,50,2926,10.3,93.1,Clear,30.5,0.0,0,0,3
2026-07-03 10:00,SEG_01,AB Road Central (Palasia to Geeta Bhawan),Arterial,3,50,2611,9.2,90.5,Clear,34.3,0.0,0,1,3
2026-07-03 10:00,SEG_02,Eastern Bypass Corridor (Rau to Kanadia),Highway,4,80,4100,26.6,77.7,Clear,34.3,0.0,0,0,2
2026-07-03 10:00,SEG_03,Ring Road Section 3 (Robot Square to Radisson),Arterial,3,55,2095,22.7,73.1,Clear,34.3,0.0,0,0,2
2026-07-03 10:00,SEG_04,Super Corridor West (Airport to MR10),Expressway,4,85,4627,24.4,80.4,Clear,34.3,0.0,0,0,3
2026-07-03 10:00,SEG_05,Bhawarkua Arterial (University to Tower Square),Collector,2,45,1238,15.4,75.9,Clear,34.3,0.0,0,0,2
2026-07-03 10:00,SEG_06,MR-10 Expressway Link (Tigaria to Vijay Nagar),Expressway,3,70,3083,15.2,86.0,Clear,34.3,0.0,0,0,3
2026-07-03 10:00,SEG_07,Annapurna Road Corridor (Ranjeet Hanuman to Mhow),Collector,2,40,1290,9.6,82.3,Clear,34.3,0.0,0,1,3
2026-07-03 10:00,SEG_08,Vijay Nagar Central Junction (Brilliant to Scheme 54),Arterial,3,50,2937,10.0,96.1,Clear,34.3,0.0,0,0,3
2026-07-03 12:00,SEG_01,AB Road Central (Palasia to Geeta Bhawan),Arterial,3,50,1745,22.4,57.8,Cloudy,28.6,0.0,0,1,2
2026-07-03 12:00,SEG_02,Eastern Bypass Corridor (Rau to Kanadia),Highway,4,80,2994,46.6,54.4,Cloudy,28.6,0.0,0,0,1
2026-07-03 12:00,SEG_03,Ring Road Section 3 (Robot Square to Radisson),Arterial,3,55,1656,31.7,53.0,Cloudy,28.6,0.0,0,0,1
2026-07-03 12:00,SEG_04,Super Corridor West (Airport to MR10),Expressway,4,85,3164,52.5,49.4,Cloudy,28.6,0.0,0,0,1
2026-07-03 12:00,SEG_05,Bhawarkua Arterial (University to Tower Square),Collector,2,45,1024,25.2,57.1,Cloudy,28.6,0.0,0,0,1
2026-07-03 12:00,SEG_06,MR-10 Expressway Link (Tigaria to Vijay Nagar),Expressway,3,70,1951,43.6,52.6,Cloudy,28.6,0.0,0,0,1
2026-07-03 12:00,SEG_07,Annapurna Road Corridor (Ranjeet Hanuman to Mhow),Collector,2,40,986,16.4,65.0,Cloudy,28.6,0.0,0,1,2
2026-07-03 12:00,SEG_08,Vijay Nagar Central Junction (Brilliant to Scheme 54),Arterial,3,50,1758,30.9,55.3,Cloudy,28.6,0.0,0,0,1
2026-07-03 14:00,SEG_01,AB Road Central (Palasia to Geeta Bhawan),Arterial,3,50,1671,24.0,55.6,Clear,35.2,0.0,0,1,2
2026-07-03 14:00,SEG_02,Eastern Bypass Corridor (Rau to Kanadia),Highway,4,80,2766,49.6,48.0,Clear,35.2,0.0,0,0,1
2026-07-03 14:00,SEG_03,Ring Road Section 3 (Robot Square to Radisson),Arterial,3,55,1729,30.1,56.9,Clear,35.2,0.0,0,0,1
2026-07-03 14:00,SEG_04,Super Corridor West (Airport to MR10),Expressway,4,85,3271,51.1,54.8,Clear,35.2,0.0,0,0,1
2026-07-03 14:00,SEG_05,Bhawarkua Arterial (University to Tower Square),Collector,2,45,837,28.6,50.9,Clear,35.2,0.0,0,0,1
2026-07-03 14:00,SEG_06,MR-10 Expressway Link (Tigaria to Vijay Nagar),Expressway,3,70,2300,35.2,64.6,Clear,35.2,0.0,0,0,2
2026-07-03 14:00,SEG_07,Annapurna Road Corridor (Ranjeet Hanuman to Mhow),Collector,2,40,974,16.5,64.9,Clear,35.2,0.0,0,1,2
2026-07-03 14:00,SEG_08,Vijay Nagar Central Junction (Brilliant to Scheme 54),Arterial,3,50,1568,31.4,47.1,Clear,35.2,0.0,0,0,1
2026-07-03 16:00,SEG_01,AB Road Central (Palasia to Geeta Bhawan),Arterial,3,50,1583,25.1,51.8,Cloudy,25.1,1.3,0,1,2
2026-07-03 16:00,SEG_02,Eastern Bypass Corridor (Rau to Kanadia),Highway,4,80,3244,43.8,59.8,Cloudy,25.1,1.3,0,0,1
2026-07-03 16:00,SEG_03,Ring Road Section 3 (Robot Square to Radisson),Arterial,3,55,1723,28.8,56.6,Cloudy,25.1,1.3,0,0,1
2026-07-03 16:00,SEG_04,Super Corridor West (Airport to MR10),Expressway,4,85,3029,53.6,52.7,Cloudy,25.1,1.3,0,0,1
2026-07-03 16:00,SEG_05,Bhawarkua Arterial (University to Tower Square),Collector,2,45,896,29.1,51.0,Cloudy,25.1,1.3,0,0,1
2026-07-03 16:00,SEG_06,MR-10 Expressway Link (Tigaria to Vijay Nagar),Expressway,3,70,1841,45.9,47.8,Cloudy,25.1,1.3,0,0,1
2026-07-03 16:00,SEG_07,Annapurna Road Corridor (Ranjeet Hanuman to Mhow),Collector,2,40,979,15.1,65.1,Cloudy,25.1,1.3,0,1,2
2026-07-03 16:00,SEG_08,Vijay Nagar Central Junction (Brilliant to Scheme 54),Arterial,3,50,1887,28.0,56.3,Cloudy,25.1,1.3,0,0,1
2026-07-03 18:00,SEG_01,AB Road Central (Palasia to Geeta Bhawan),Arterial,3,50,2563,8.2,87.9,Clear,29.1,0.0,0,1,3
2026-07-03 18:00,SEG_02,Eastern Bypass Corridor (Rau to Kanadia),Highway,4,80,5437,14.8,98.0,Clear,29.1,0.0,0,0,3
2026-07-03 18:00,SEG_03,Ring Road Section 3 (Robot Square to Radisson),Arterial,3,55,2146,20.3,77.8,Clear,29.1,0.0,0,0,2
2026-07-03 18:00,SEG_04,Super Corridor West (Airport to MR10),Expressway,4,85,5295,13.4,95.6,Clear,29.1,0.0,0,0,3
2026-07-03 18:00,SEG_05,Bhawarkua Arterial (University to Tower Square),Collector,2,45,1597,8.0,98.0,Clear,29.1,0.0,0,0,3
2026-07-03 18:00,SEG_06,MR-10 Expressway Link (Tigaria to Vijay Nagar),Expressway,3,70,3436,13.8,96.0,Clear,29.1,0.0,0,0,3
2026-07-03 18:00,SEG_07,Annapurna Road Corridor (Ranjeet Hanuman to Mhow),Collector,2,40,1290,8.5,87.8,Clear,29.1,0.0,0,1,3
2026-07-03 18:00,SEG_08,Vijay Nagar Central Junction (Brilliant to Scheme 54),Arterial,3,50,2457,8.0,87.9,Clear,29.1,0.0,1,0,3
2026-07-03 20:00,SEG_01,AB Road Central (Palasia to Geeta Bhawan),Arterial,3,50,2460,11.7,84.5,Clear,25.2,0.0,0,1,3
2026-07-03 20:00,SEG_02,Eastern Bypass Corridor (Rau to Kanadia),Highway,4,80,4429,19.5,86.2,Clear,25.2,0.0,0,0,3
2026-07-03 20:00,SEG_03,Ring Road Section 3 (Robot Square to Radisson),Arterial,3,55,2623,8.4,94.4,Clear,25.2,0.0,0,0,3
2026-07-03 20:00,SEG_04,Super Corridor West (Airport to MR10),Expressway,4,85,5499,13.6,94.3,Clear,25.2,0.0,0,0,3
2026-07-03 20:00,SEG_05,Bhawarkua Arterial (University to Tower Square),Collector,2,45,1592,9.5,95.2,Clear,25.2,0.0,0,0,3
2026-07-03 20:00,SEG_06,MR-10 Expressway Link (Tigaria to Vijay Nagar),Expressway,3,70,3253,11.1,96.2,Clear,25.2,0.0,0,0,3
2026-07-03 20:00,SEG_07,Annapurna Road Corridor (Ranjeet Hanuman to Mhow),Collector,2,40,1356,8.0,91.7,Clear,25.2,0.0,0,1,3
2026-07-03 20:00,SEG_08,Vijay Nagar Central Junction (Brilliant to Scheme 54),Arterial,3,50,2859,8.0,92.7,Clear,25.2,0.0,0,0,3
2026-07-03 22:00,SEG_01,AB Road Central (Palasia to Geeta Bhawan),Arterial,3,50,1231,25.8,43.3,Foggy,18.2,0.0,0,1,1
2026-07-03 22:00,SEG_02,Eastern Bypass Corridor (Rau to Kanadia),Highway,4,80,2671,45.9,53.5,Foggy,18.2,0.0,0,0,1
2026-07-03 22:00,SEG_03,Ring Road Section 3 (Robot Square to Radisson),Arterial,3,55,1237,36.5,40.1,Foggy,18.2,0.0,0,0,1
2026-07-03 22:00,SEG_04,Super Corridor West (Airport to MR10),Expressway,4,85,2412,54.5,43.3,Foggy,18.2,0.0,0,0,1
2026-07-03 22:00,SEG_05,Bhawarkua Arterial (University to Tower Square),Collector,2,45,811,27.6,48.3,Foggy,18.2,0.0,0,0,1
2026-07-03 22:00,SEG_06,MR-10 Expressway Link (Tigaria to Vijay Nagar),Expressway,3,70,1754,40.6,51.9,Foggy,18.2,0.0,0,0,1
2026-07-03 22:00,SEG_07,Annapurna Road Corridor (Ranjeet Hanuman to Mhow),Collector,2,40,659,21.8,48.2,Foggy,18.2,0.0,0,1,1
2026-07-03 22:00,SEG_08,Vijay Nagar Central Junction (Brilliant to Scheme 54),Arterial,3,50,1440,29.8,45.3,Foggy,18.2,0.0,0,0,1
2026-07-04 00:00,SEG_01,AB Road Central (Palasia to Geeta Bhawan),Arterial,3,50,578,34.8,26.1,Cloudy,20.4,0.7,0,1,1
2026-07-04 00:00,SEG_02,Eastern Bypass Corridor (Rau to Kanadia),Highway,4,80,1458,71.1,24.7,Cloudy,20.4,0.7,0,0,0
2026-07-04 00:00,SEG_03,Ring Road Section 3 (Robot Square to Radisson),Arterial,3,55,377,52.5,13.4,Cloudy,20.4,0.7,0,0,0
2026-07-04 00:00,SEG_04,Super Corridor West (Airport to MR10),Expressway,4,85,1134,78.5,14.9,Cloudy,20.4,0.7,0,0,0
2026-07-04 00:00,SEG_05,Bhawarkua Arterial (University to Tower Square),Collector,2,45,241,41.7,10.7,Cloudy,20.4,0.7,0,0,0
2026-07-04 00:00,SEG_06,MR-10 Expressway Link (Tigaria to Vijay Nagar),Expressway,3,70,600,67.2,10.2,Cloudy,20.4,0.7,0,0,0
2026-07-04 00:00,SEG_07,Annapurna Road Corridor (Ranjeet Hanuman to Mhow),Collector,2,40,207,31.2,15.2,Cloudy,20.4,0.7,0,1,0
2026-07-04 00:00,SEG_08,Vijay Nagar Central Junction (Brilliant to Scheme 54),Arterial,3,50,577,45.1,16.3,Cloudy,20.4,0.7,0,0,0
2026-07-04 02:00,SEG_01,AB Road Central (Palasia to Geeta Bhawan),Arterial,3,50,647,35.7,22.4,Clear,24.5,0.0,0,1,1
2026-07-04 02:00,SEG_02,Eastern Bypass Corridor (Rau to Kanadia),Highway,4,80,1489,71.2,21.4,Clear,24.5,0.0,0,0,0
2026-07-04 02:00,SEG_03,Ring Road Section 3 (Robot Square to Radisson),Arterial,3,55,535,52.6,17.0,Clear,24.5,0.0,0,0,0
2026-07-04 02:00,SEG_04,Super Corridor West (Airport to MR10),Expressway,4,85,811,80.0,9.5,Clear,24.5,0.0,0,0,0
2026-07-04 02:00,SEG_05,Bhawarkua Arterial (University to Tower Square),Collector,2,45,346,42.7,18.2,Clear,24.5,0.0,0,0,0
2026-07-04 02:00,SEG_06,MR-10 Expressway Link (Tigaria to Vijay Nagar),Expressway,3,70,471,65.4,9.0,Clear,24.5,0.0,0,0,0
2026-07-04 02:00,SEG_07,Annapurna Road Corridor (Ranjeet Hanuman to Mhow),Collector,2,40,218,21.1,25.0,Clear,24.5,0.0,1,1,1
2026-07-04 02:00,SEG_08,Vijay Nagar Central Junction (Brilliant to Scheme 54),Arterial,3,50,604,46.3,18.3,Clear,24.5,0.0,0,0,0
2026-07-04 04:00,SEG_01,AB Road Central (Palasia to Geeta Bhawan),Arterial,3,50,479,37.3,19.8,Clear,24.3,0.0,0,1,0
2026-07-04 04:00,SEG_02,Eastern Bypass Corridor (Rau to Kanadia),Highway,4,80,1599,67.8,24.6,Clear,24.3,0.0,0,0,0
2026-07-04 04:00,SEG_03,Ring Road Section 3 (Robot Square to Radisson),Arterial,3,55,452,51.8,14.6,Clear,24.3,0.0,0,0,0
2026-07-04 04:00,SEG_04,Super Corridor West (Airport to MR10),Expressway,4,85,1235,76.3,18.6,Clear,24.3,0.0,0,0,0
2026-07-04 04:00,SEG_05,Bhawarkua Arterial (University to Tower Square),Collector,2,45,338,43.1,17.1,Clear,24.3,0.0,0,0,0
2026-07-04 04:00,SEG_06,MR-10 Expressway Link (Tigaria to Vijay Nagar),Expressway,3,70,452,66.9,10.8,Clear,24.3,0.0,0,0,0
2026-07-04 04:00,SEG_07,Annapurna Road Corridor (Ranjeet Hanuman to Mhow),Collector,2,40,262,29.3,20.1,Clear,24.3,0.0,0,1,0
2026-07-04 04:00,SEG_08,Vijay Nagar Central Junction (Brilliant to Scheme 54),Arterial,3,50,658,45.5,18.5,Clear,24.3,0.0,0,0,0
2026-07-04 06:00,SEG_01,AB Road Central (Palasia to Geeta Bhawan),Arterial,3,50,1232,23.6,47.3,Rainy,21.2,28.5,0,1,2
2026-07-04 06:00,SEG_02,Eastern Bypass Corridor (Rau to Kanadia),Highway,4,80,2024,51.6,42.5,Rainy,21.2,28.5,0,0,1
2026-07-04 06:00,SEG_03,Ring Road Section 3 (Robot Square to Radisson),Arterial,3,55,1523,28.8,54.5,Rainy,21.2,28.5,0,0,1
2026-07-04 06:00,SEG_04,Super Corridor West (Airport to MR10),Expressway,4,85,2765,49.8,50.3,Rainy,21.2,28.5,0,0,1
2026-07-04 06:00,SEG_05,Bhawarkua Arterial (University to Tower Square),Collector,2,45,808,24.0,47.7,Rainy,21.2,28.5,0,0,1
2026-07-04 06:00,SEG_06,MR-10 Expressway Link (Tigaria to Vijay Nagar),Expressway,3,70,1505,42.2,40.8,Rainy,21.2,28.5,0,0,1
2026-07-04 06:00,SEG_07,Annapurna Road Corridor (Ranjeet Hanuman to Mhow),Collector,2,40,675,18.3,49.1,Rainy,21.2,28.5,0,1,2
2026-07-04 06:00,SEG_08,Vijay Nagar Central Junction (Brilliant to Scheme 54),Arterial,3,50,1182,32.4,40.0,Rainy,21.2,28.5,0,0,1
2026-07-04 08:00,SEG_01,AB Road Central (Palasia to Geeta Bhawan),Arterial,3,50,1314,29.8,45.6,Clear,32.1,0.0,0,1,1
2026-07-04 08:00,SEG_02,Eastern Bypass Corridor (Rau to Kanadia),Highway,4,80,2757,49.9,47.8,Clear,32.1,0.0,0,0,1
2026-07-04 08:00,SEG_03,Ring Road Section 3 (Robot Square to Radisson),Arterial,3,55,1584,35.7,48.4,Clear,32.1,0.0,0,0,1
2026-07-04 08:00,SEG_04,Super Corridor West (Airport to MR10),Expressway,4,85,2550,62.6,37.9,Clear,32.1,0.0,0,0,1
2026-07-04 08:00,SEG_05,Bhawarkua Arterial (University to Tower Square),Collector,2,45,802,32.0,43.2,Clear,32.1,0.0,0,0,1
2026-07-04 08:00,SEG_06,MR-10 Expressway Link (Tigaria to Vijay Nagar),Expressway,3,70,1686,49.9,40.8,Clear,32.1,0.0,0,0,1
2026-07-04 08:00,SEG_07,Annapurna Road Corridor (Ranjeet Hanuman to Mhow),Collector,2,40,629,22.4,43.6,Clear,32.1,0.0,0,1,1
2026-07-04 08:00,SEG_08,Vijay Nagar Central Junction (Brilliant to Scheme 54),Arterial,3,50,1460,36.1,40.9,Clear,32.1,0.0,0,0,1
2026-07-04 10:00,SEG_01,AB Road Central (Palasia to Geeta Bhawan),Arterial,3,50,1692,22.3,56.9,Clear,32.9,0.0,0,1,2
2026-07-04 10:00,SEG_02,Eastern Bypass Corridor (Rau to Kanadia),Highway,4,80,2539,57.0,45.1,Clear,32.9,0.0,0,0,1
2026-07-04 10:00,SEG_03,Ring Road Section 3 (Robot Square to Radisson),Arterial,3,55,1391,38.2,42.1,Clear,32.9,0.0,0,0,1
2026-07-04 10:00,SEG_04,Super Corridor West (Airport to MR10),Expressway,4,85,2793,59.3,46.2,Clear,32.9,0.0,0,0,1
2026-07-04 10:00,SEG_05,Bhawarkua Arterial (University to Tower Square),Collector,2,45,872,30.9,49.0,Clear,32.9,0.0,0,0,1
2026-07-04 10:00,SEG_06,MR-10 Expressway Link (Tigaria to Vijay Nagar),Expressway,3,70,1727,47.2,46.9,Clear,32.9,0.0,0,0,1
2026-07-04 10:00,SEG_07,Annapurna Road Corridor (Ranjeet Hanuman to Mhow),Collector,2,40,610,26.1,40.6,Clear,32.9,0.0,0,1,1
2026-07-04 10:00,SEG_08,Vijay Nagar Central Junction (Brilliant to Scheme 54),Arterial,3,50,1545,20.3,57.1,Clear,32.9,0.0,1,0,2
2026-07-04 12:00,SEG_01,AB Road Central (Palasia to Geeta Bhawan),Arterial,3,50,2408,12.3,83.4,Clear,33.4,0.0,0,1,3
2026-07-04 12:00,SEG_02,Eastern Bypass Corridor (Rau to Kanadia),Highway,4,80,3536,38.2,68.2,Clear,33.4,0.0,0,0,2
2026-07-04 12:00,SEG_03,Ring Road Section 3 (Robot Square to Radisson),Arterial,3,55,2312,16.6,83.7,Clear,33.4,0.0,0,0,3
2026-07-04 12:00,SEG_04,Super Corridor West (Airport to MR10),Expressway,4,85,4194,32.6,72.4,Clear,33.4,0.0,0,0,2
2026-07-04 12:00,SEG_05,Bhawarkua Arterial (University to Tower Square),Collector,2,45,1102,20.3,63.1,Clear,33.4,0.0,0,0,2
2026-07-04 12:00,SEG_06,MR-10 Expressway Link (Tigaria to Vijay Nagar),Expressway,3,70,2713,25.9,74.9,Clear,33.4,0.0,0,0,2
2026-07-04 12:00,SEG_07,Annapurna Road Corridor (Ranjeet Hanuman to Mhow),Collector,2,40,1128,10.8,77.1,Clear,33.4,0.0,0,1,3
2026-07-04 12:00,SEG_08,Vijay Nagar Central Junction (Brilliant to Scheme 54),Arterial,3,50,2178,21.6,68.8,Clear,33.4,0.0,0,0,2
2026-07-04 14:00,SEG_01,AB Road Central (Palasia to Geeta Bhawan),Arterial,3,50,2247,15.8,76.4,Clear,32.3,0.0,0,1,3
2026-07-04 14:00,SEG_02,Eastern Bypass Corridor (Rau to Kanadia),Highway,4,80,3535,37.2,64.5,Clear,32.3,0.0,0,0,2
2026-07-04 14:00,SEG_03,Ring Road Section 3 (Robot Square to Radisson),Arterial,3,55,1798,30.4,57.9,Clear,32.3,0.0,0,0,1
2026-07-04 14:00,SEG_04,Super Corridor West (Airport to MR10),Expressway,4,85,3663,44.9,59.0,Clear,32.3,0.0,0,0,2
2026-07-04 14:00,SEG_05,Bhawarkua Arterial (University to Tower Square),Collector,2,45,1073,24.5,59.3,Clear,32.3,0.0,0,0,2
2026-07-04 14:00,SEG_06,MR-10 Expressway Link (Tigaria to Vijay Nagar),Expressway,3,70,2311,33.7,61.8,Clear,32.3,0.0,0,0,2
2026-07-04 14:00,SEG_07,Annapurna Road Corridor (Ranjeet Hanuman to Mhow),Collector,2,40,1197,11.9,77.8,Clear,32.3,0.0,0,1,3
2026-07-04 14:00,SEG_08,Vijay Nagar Central Junction (Brilliant to Scheme 54),Arterial,3,50,2085,21.0,65.9,Clear,32.3,0.0,0,0,2
2026-07-04 16:00,SEG_01,AB Road Central (Palasia to Geeta Bhawan),Arterial,3,50,1195,25.0,47.7,Rainy,22.1,23.3,0,1,1
2026-07-04 16:00,SEG_02,Eastern Bypass Corridor (Rau to Kanadia),Highway,4,80,2237,50.5,40.5,Rainy,22.1,23.3,0,0,1
2026-07-04 16:00,SEG_03,Ring Road Section 3 (Robot Square to Radisson),Arterial,3,55,1178,36.0,39.8,Rainy,22.1,23.3,0,0,1
2026-07-04 16:00,SEG_04,Super Corridor West (Airport to MR10),Expressway,4,85,2851,46.8,52.4,Rainy,22.1,23.3,0,0,1
2026-07-04 16:00,SEG_05,Bhawarkua Arterial (University to Tower Square),Collector,2,45,843,24.4,53.7,Rainy,22.1,23.3,0,0,1
2026-07-04 16:00,SEG_06,MR-10 Expressway Link (Tigaria to Vijay Nagar),Expressway,3,70,1621,41.7,45.6,Rainy,22.1,23.3,0,0,1
2026-07-04 16:00,SEG_07,Annapurna Road Corridor (Ranjeet Hanuman to Mhow),Collector,2,40,582,19.2,45.7,Rainy,22.1,23.3,0,1,1
2026-07-04 16:00,SEG_08,Vijay Nagar Central Junction (Brilliant to Scheme 54),Arterial,3,50,1554,25.6,52.3,Rainy,22.1,23.3,0,0,1
2026-07-04 18:00,SEG_01,AB Road Central (Palasia to Geeta Bhawan),Arterial,3,50,2150,8.6,75.8,Clear,26.3,0.0,1,1,3
2026-07-04 18:00,SEG_02,Eastern Bypass Corridor (Rau to Kanadia),Highway,4,80,3861,30.0,75.0,Clear,26.3,0.0,0,0,2
2026-07-04 18:00,SEG_03,Ring Road Section 3 (Robot Square to Radisson),Arterial,3,55,2186,21.3,72.9,Clear,26.3,0.0,0,0,2
2026-07-04 18:00,SEG_04,Super Corridor West (Airport to MR10),Expressway,4,85,5018,16.0,92.6,Clear,26.3,0.0,0,0,3
2026-07-04 18:00,SEG_05,Bhawarkua Arterial (University to Tower Square),Collector,2,45,1415,11.6,86.8,Clear,26.3,0.0,0,0,3
2026-07-04 18:00,SEG_06,MR-10 Expressway Link (Tigaria to Vijay Nagar),Expressway,3,70,2858,21.4,78.9,Clear,26.3,0.0,0,0,3
2026-07-04 18:00,SEG_07,Annapurna Road Corridor (Ranjeet Hanuman to Mhow),Collector,2,40,1211,10.7,79.6,Clear,26.3,0.0,0,1,3
2026-07-04 18:00,SEG_08,Vijay Nagar Central Junction (Brilliant to Scheme 54),Arterial,3,50,2627,11.5,85.4,Clear,26.3,0.0,0,0,3
2026-07-04 20:00,SEG_01,AB Road Central (Palasia to Geeta Bhawan),Arterial,3,50,2365,12.0,81.6,Clear,23.2,0.0,0,1,3
2026-07-04 20:00,SEG_02,Eastern Bypass Corridor (Rau to Kanadia),Highway,4,80,4525,17.4,87.4,Clear,23.2,0.0,0,0,3
2026-07-04 20:00,SEG_03,Ring Road Section 3 (Robot Square to Radisson),Arterial,3,55,2495,12.7,90.2,Clear,23.2,0.0,0,0,3
2026-07-04 20:00,SEG_04,Super Corridor West (Airport to MR10),Expressway,4,85,4665,22.3,80.8,Clear,23.2,0.0,0,0,3
2026-07-04 20:00,SEG_05,Bhawarkua Arterial (University to Tower Square),Collector,2,45,1263,15.0,74.0,Clear,23.2,0.0,0,0,2
2026-07-04 20:00,SEG_06,MR-10 Expressway Link (Tigaria to Vijay Nagar),Expressway,3,70,2933,19.9,84.9,Clear,23.2,0.0,0,0,3
2026-07-04 20:00,SEG_07,Annapurna Road Corridor (Ranjeet Hanuman to Mhow),Collector,2,40,1194,9.8,79.4,Clear,23.2,0.0,0,1,3
2026-07-04 20:00,SEG_08,Vijay Nagar Central Junction (Brilliant to Scheme 54),Arterial,3,50,2330,16.1,79.2,Clear,23.2,0.0,0,0,2
2026-07-04 22:00,SEG_01,AB Road Central (Palasia to Geeta Bhawan),Arterial,3,50,1540,26.4,50.4,Clear,21.2,0.0,0,1,2
2026-07-04 22:00,SEG_02,Eastern Bypass Corridor (Rau to Kanadia),Highway,4,80,2695,50.7,46.2,Clear,21.2,0.0,0,0,1
2026-07-04 22:00,SEG_03,Ring Road Section 3 (Robot Square to Radisson),Arterial,3,55,1183,42.5,35.4,Clear,21.2,0.0,0,0,1
2026-07-04 22:00,SEG_04,Super Corridor West (Airport to MR10),Expressway,4,85,2581,62.8,38.7,Clear,21.2,0.0,0,0,1
2026-07-04 22:00,SEG_05,Bhawarkua Arterial (University to Tower Square),Collector,2,45,847,28.1,50.6,Clear,21.2,0.0,0,0,1
2026-07-04 22:00,SEG_06,MR-10 Expressway Link (Tigaria to Vijay Nagar),Expressway,3,70,1457,51.7,36.4,Clear,21.2,0.0,0,0,1
2026-07-04 22:00,SEG_07,Annapurna Road Corridor (Ranjeet Hanuman to Mhow),Collector,2,40,708,21.7,50.0,Clear,21.2,0.0,0,1,2
2026-07-04 22:00,SEG_08,Vijay Nagar Central Junction (Brilliant to Scheme 54),Arterial,3,50,1434,34.5,46.5,Clear,21.2,0.0,0,0,1
2026-07-05 00:00,SEG_01,AB Road Central (Palasia to Geeta Bhawan),Arterial,3,50,387,46.8,11.8,Clear,22.1,0.0,0,0,0
2026-07-05 00:00,SEG_02,Eastern Bypass Corridor (Rau to Kanadia),Highway,4,80,1595,69.1,26.0,Clear,22.1,0.0,0,0,0
2026-07-05 00:00,SEG_03,Ring Road Section 3 (Robot Square to Radisson),Arterial,3,55,458,50.7,15.5,Clear,22.1,0.0,0,0,0
2026-07-05 00:00,SEG_04,Super Corridor West (Airport to MR10),Expressway,4,85,915,79.6,15.5,Clear,22.1,0.0,0,0,0
2026-07-05 00:00,SEG_05,Bhawarkua Arterial (University to Tower Square),Collector,2,45,329,41.2,14.8,Clear,22.1,0.0,0,0,0
2026-07-05 00:00,SEG_06,MR-10 Expressway Link (Tigaria to Vijay Nagar),Expressway,3,70,650,63.9,15.8,Clear,22.1,0.0,0,0,0
2026-07-05 00:00,SEG_07,Annapurna Road Corridor (Ranjeet Hanuman to Mhow),Collector,2,40,254,37.3,16.0,Clear,22.1,0.0,0,0,0
2026-07-05 00:00,SEG_08,Vijay Nagar Central Junction (Brilliant to Scheme 54),Arterial,3,50,635,47.0,19.2,Clear,22.1,0.0,0,0,0
2026-07-05 02:00,SEG_01,AB Road Central (Palasia to Geeta Bhawan),Arterial,3,50,578,46.1,15.3,Clear,23.6,0.0,0,0,0
2026-07-05 02:00,SEG_02,Eastern Bypass Corridor (Rau to Kanadia),Highway,4,80,1403,69.4,24.4,Clear,23.6,0.0,0,0,0
2026-07-05 02:00,SEG_03,Ring Road Section 3 (Robot Square to Radisson),Arterial,3,55,460,52.8,13.4,Clear,23.6,0.0,0,0,0
2026-07-05 02:00,SEG_04,Super Corridor West (Airport to MR10),Expressway,4,85,774,79.6,12.6,Clear,23.6,0.0,0,0,0
2026-07-05 02:00,SEG_05,Bhawarkua Arterial (University to Tower Square),Collector,2,45,260,41.4,11.6,Clear,23.6,0.0,0,0,0
2026-07-05 02:00,SEG_06,MR-10 Expressway Link (Tigaria to Vijay Nagar),Expressway,3,70,670,63.8,14.6,Clear,23.6,0.0,0,0,0
2026-07-05 02:00,SEG_07,Annapurna Road Corridor (Ranjeet Hanuman to Mhow),Collector,2,40,234,37.4,13.8,Clear,23.6,0.0,0,0,0
2026-07-05 02:00,SEG_08,Vijay Nagar Central Junction (Brilliant to Scheme 54),Arterial,3,50,538,47.6,16.2,Clear,23.6,0.0,0,0,0
2026-07-05 04:00,SEG_01,AB Road Central (Palasia to Geeta Bhawan),Arterial,3,50,518,48.9,13.5,Clear,26.8,0.0,0,0,0
2026-07-05 04:00,SEG_02,Eastern Bypass Corridor (Rau to Kanadia),Highway,4,80,1758,65.1,29.0,Clear,26.8,0.0,0,0,0
2026-07-05 04:00,SEG_03,Ring Road Section 3 (Robot Square to Radisson),Arterial,3,55,519,52.2,13.1,Clear,26.8,0.0,0,0,0
2026-07-05 04:00,SEG_04,Super Corridor West (Airport to MR10),Expressway,4,85,795,79.9,14.7,Clear,26.8,0.0,0,0,0
2026-07-05 04:00,SEG_05,Bhawarkua Arterial (University to Tower Square),Collector,2,45,373,39.7,19.1,Clear,26.8,0.0,0,0,0
2026-07-05 04:00,SEG_06,MR-10 Expressway Link (Tigaria to Vijay Nagar),Expressway,3,70,469,66.3,9.3,Clear,26.8,0.0,0,0,0
2026-07-05 04:00,SEG_07,Annapurna Road Corridor (Ranjeet Hanuman to Mhow),Collector,2,40,315,35.2,20.5,Clear,26.8,0.0,0,0,0
2026-07-05 04:00,SEG_08,Vijay Nagar Central Junction (Brilliant to Scheme 54),Arterial,3,50,601,45.8,18.2,Clear,26.8,0.0,0,0,0
2026-07-05 06:00,SEG_01,AB Road Central (Palasia to Geeta Bhawan),Arterial,3,50,1656,30.3,51.1,Clear,27.9,0.0,0,0,1
2026-07-05 06:00,SEG_02,Eastern Bypass Corridor (Rau to Kanadia),Highway,4,80,2534,56.4,43.0,Clear,27.9,0.0,0,0,1
2026-07-05 06:00,SEG_03,Ring Road Section 3 (Robot Square to Radisson),Arterial,3,55,1572,35.8,50.1,Clear,27.9,0.0,0,0,1
2026-07-05 06:00,SEG_04,Super Corridor West (Airport to MR10),Expressway,4,85,2519,63.7,39.1,Clear,27.9,0.0,0,0,1
2026-07-05 06:00,SEG_05,Bhawarkua Arterial (University to Tower Square),Collector,2,45,909,29.9,47.5,Clear,27.9,0.0,0,0,1
2026-07-05 06:00,SEG_06,MR-10 Expressway Link (Tigaria to Vijay Nagar),Expressway,3,70,1537,51.4,38.8,Clear,27.9,0.0,0,0,1
2026-07-05 06:00,SEG_07,Annapurna Road Corridor (Ranjeet Hanuman to Mhow),Collector,2,40,803,27.8,49.8,Clear,27.9,0.0,0,0,1
2026-07-05 06:00,SEG_08,Vijay Nagar Central Junction (Brilliant to Scheme 54),Arterial,3,50,1575,32.0,50.7,Clear,27.9,0.0,0,0,1
2026-07-05 08:00,SEG_01,AB Road Central (Palasia to Geeta Bhawan),Arterial,3,50,1654,32.6,48.6,Clear,30.3,0.0,0,0,1
2026-07-05 08:00,SEG_02,Eastern Bypass Corridor (Rau to Kanadia),Highway,4,80,2648,55.3,44.2,Clear,30.3,0.0,0,0,1
2026-07-05 08:00,SEG_03,Ring Road Section 3 (Robot Square to Radisson),Arterial,3,55,1378,37.1,44.6,Clear,30.3,0.0,0,0,1
2026-07-05 08:00,SEG_04,Super Corridor West (Airport to MR10),Expressway,4,85,2966,57.3,48.8,Clear,30.3,0.0,0,0,1
2026-07-05 08:00,SEG_05,Bhawarkua Arterial (University to Tower Square),Collector,2,45,789,33.3,44.3,Clear,30.3,0.0,0,0,1
2026-07-05 08:00,SEG_06,MR-10 Expressway Link (Tigaria to Vijay Nagar),Expressway,3,70,1587,51.9,37.6,Clear,30.3,0.0,0,0,1
2026-07-05 08:00,SEG_07,Annapurna Road Corridor (Ranjeet Hanuman to Mhow),Collector,2,40,726,27.1,47.1,Clear,30.3,0.0,0,0,1
2026-07-05 08:00,SEG_08,Vijay Nagar Central Junction (Brilliant to Scheme 54),Arterial,3,50,1416,36.1,40.3,Clear,30.3,0.0,0,0,1
2026-07-05 10:00,SEG_01,AB Road Central (Palasia to Geeta Bhawan),Arterial,3,50,1148,32.6,36.3,Rainy,24.1,29.8,0,0,1
2026-07-05 10:00,SEG_02,Eastern Bypass Corridor (Rau to Kanadia),Highway,4,80,2499,45.2,51.6,Rainy,24.1,29.8,0,0,1
2026-07-05 10:00,SEG_03,Ring Road Section 3 (Robot Square to Radisson),Arterial,3,55,1272,34.5,46.1,Rainy,24.1,29.8,0,0,1
2026-07-05 10:00,SEG_04,Super Corridor West (Airport to MR10),Expressway,4,85,2511,51.9,41.8,Rainy,24.1,29.8,0,0,1
2026-07-05 10:00,SEG_05,Bhawarkua Arterial (University to Tower Square),Collector,2,45,756,27.2,47.6,Rainy,24.1,29.8,0,0,1
2026-07-05 10:00,SEG_06,MR-10 Expressway Link (Tigaria to Vijay Nagar),Expressway,3,70,1396,46.2,41.3,Rainy,24.1,29.8,0,0,1
2026-07-05 10:00,SEG_07,Annapurna Road Corridor (Ranjeet Hanuman to Mhow),Collector,2,40,632,25.4,40.9,Rainy,24.1,29.8,0,0,1
2026-07-05 10:00,SEG_08,Vijay Nagar Central Junction (Brilliant to Scheme 54),Arterial,3,50,1222,30.0,44.8,Rainy,24.1,29.8,0,0,1
2026-07-05 12:00,SEG_01,AB Road Central (Palasia to Geeta Bhawan),Arterial,3,50,2275,20.0,76.3,Clear,32.2,0.0,0,0,2
2026-07-05 12:00,SEG_02,Eastern Bypass Corridor (Rau to Kanadia),Highway,4,80,3570,37.7,67.4,Clear,32.2,0.0,0,0,2
2026-07-05 12:00,SEG_03,Ring Road Section 3 (Robot Square to Radisson),Arterial,3,55,1678,33.2,53.3,Clear,32.2,0.0,0,0,1
2026-07-05 12:00,SEG_04,Super Corridor West (Airport to MR10),Expressway,4,85,3579,45.8,62.9,Clear,32.2,0.0,0,0,2
2026-07-05 12:00,SEG_05,Bhawarkua Arterial (University to Tower Square),Collector,2,45,993,27.4,56.8,Clear,32.2,0.0,0,0,1
2026-07-05 12:00,SEG_06,MR-10 Expressway Link (Tigaria to Vijay Nagar),Expressway,3,70,2459,31.9,68.3,Clear,32.2,0.0,0,0,2
2026-07-05 12:00,SEG_07,Annapurna Road Corridor (Ranjeet Hanuman to Mhow),Collector,2,40,1070,16.8,67.1,Clear,32.2,0.0,0,0,2
2026-07-05 12:00,SEG_08,Vijay Nagar Central Junction (Brilliant to Scheme 54),Arterial,3,50,2099,23.6,65.2,Clear,32.2,0.0,0,0,2
2026-07-05 14:00,SEG_01,AB Road Central (Palasia to Geeta Bhawan),Arterial,3,50,2341,18.2,79.3,Cloudy,28.9,1.1,0,0,2
2026-07-05 14:00,SEG_02,Eastern Bypass Corridor (Rau to Kanadia),Highway,4,80,3754,32.3,69.7,Cloudy,28.9,1.1,0,0,2
2026-07-05 14:00,SEG_03,Ring Road Section 3 (Robot Square to Radisson),Arterial,3,55,1902,26.3,66.3,Cloudy,28.9,1.1,0,0,2
2026-07-05 14:00,SEG_04,Super Corridor West (Airport to MR10),Expressway,4,85,3750,40.1,63.8,Cloudy,28.9,1.1,0,0,2
2026-07-05 14:00,SEG_05,Bhawarkua Arterial (University to Tower Square),Collector,2,45,1185,20.5,70.8,Cloudy,28.9,1.1,0,0,2
2026-07-05 14:00,SEG_06,MR-10 Expressway Link (Tigaria to Vijay Nagar),Expressway,3,70,2248,36.9,63.7,Cloudy,28.9,1.1,0,0,2
2026-07-05 14:00,SEG_07,Annapurna Road Corridor (Ranjeet Hanuman to Mhow),Collector,2,40,996,22.3,58.0,Cloudy,28.9,1.1,0,0,2
2026-07-05 14:00,SEG_08,Vijay Nagar Central Junction (Brilliant to Scheme 54),Arterial,3,50,2018,22.7,65.9,Cloudy,28.9,1.1,0,0,2
2026-07-05 16:00,SEG_01,AB Road Central (Palasia to Geeta Bhawan),Arterial,3,50,1329,35.4,38.6,Clear,32.4,0.0,0,0,1
2026-07-05 16:00,SEG_02,Eastern Bypass Corridor (Rau to Kanadia),Highway,4,80,2815,49.5,53.9,Clear,32.4,0.0,0,0,1
2026-07-05 16:00,SEG_03,Ring Road Section 3 (Robot Square to Radisson),Arterial,3,55,1474,34.4,51.6,Clear,32.4,0.0,0,0,1
2026-07-05 16:00,SEG_04,Super Corridor West (Airport to MR10),Expressway,4,85,3037,55.2,48.2,Clear,32.4,0.0,0,0,1
2026-07-05 16:00,SEG_05,Bhawarkua Arterial (University to Tower Square),Collector,2,45,919,27.1,54.2,Clear,32.4,0.0,0,0,1
2026-07-05 16:00,SEG_06,MR-10 Expressway Link (Tigaria to Vijay Nagar),Expressway,3,70,1486,51.8,39.5,Clear,32.4,0.0,0,0,1
2026-07-05 16:00,SEG_07,Annapurna Road Corridor (Ranjeet Hanuman to Mhow),Collector,2,40,728,28.2,44.2,Clear,32.4,0.0,0,0,1
2026-07-05 16:00,SEG_08,Vijay Nagar Central Junction (Brilliant to Scheme 54),Arterial,3,50,1511,33.2,49.7,Clear,32.4,0.0,0,0,1
2026-07-05 18:00,SEG_01,AB Road Central (Palasia to Geeta Bhawan),Arterial,3,50,2374,12.3,84.2,Rainy,22.8,24.4,0,0,3
2026-07-05 18:00,SEG_02,Eastern Bypass Corridor (Rau to Kanadia),Highway,4,80,3694,28.9,74.9,Rainy,22.8,24.4,0,0,2
2026-07-05 18:00,SEG_03,Ring Road Section 3 (Robot Square to Radisson),Arterial,3,55,2019,18.4,75.4,Rainy,22.8,24.4,0,0,2
2026-07-05 18:00,SEG_04,Super Corridor West (Airport to MR10),Expressway,4,85,4436,21.9,81.5,Rainy,22.8,24.4,0,0,3
2026-07-05 18:00,SEG_05,Bhawarkua Arterial (University to Tower Square),Collector,2,45,1186,15.6,70.6,Rainy,22.8,24.4,0,0,2
2026-07-05 18:00,SEG_06,MR-10 Expressway Link (Tigaria to Vijay Nagar),Expressway,3,70,2470,27.3,72.7,Rainy,22.8,24.4,0,0,2
2026-07-05 18:00,SEG_07,Annapurna Road Corridor (Ranjeet Hanuman to Mhow),Collector,2,40,1230,8.3,84.6,Rainy,22.8,24.4,0,0,3
2026-07-05 18:00,SEG_08,Vijay Nagar Central Junction (Brilliant to Scheme 54),Arterial,3,50,2058,17.4,72.2,Rainy,22.8,24.4,0,0,2
2026-07-05 20:00,SEG_01,AB Road Central (Palasia to Geeta Bhawan),Arterial,3,50,2357,17.9,78.8,Cloudy,21.9,0.0,0,0,2
2026-07-05 20:00,SEG_02,Eastern Bypass Corridor (Rau to Kanadia),Highway,4,80,3669,36.3,71.0,Cloudy,21.9,0.0,0,0,2
2026-07-05 20:00,SEG_03,Ring Road Section 3 (Robot Square to Radisson),Arterial,3,55,2306,17.2,78.3,Cloudy,21.9,0.0,0,0,3
2026-07-05 20:00,SEG_04,Super Corridor West (Airport to MR10),Expressway,4,85,4933,18.1,85.4,Cloudy,21.9,0.0,0,0,3
2026-07-05 20:00,SEG_05,Bhawarkua Arterial (University to Tower Square),Collector,2,45,1356,13.3,80.2,Cloudy,21.9,0.0,0,0,3
2026-07-05 20:00,SEG_06,MR-10 Expressway Link (Tigaria to Vijay Nagar),Expressway,3,70,2763,22.7,77.9,Cloudy,21.9,0.0,0,0,2
2026-07-05 20:00,SEG_07,Annapurna Road Corridor (Ranjeet Hanuman to Mhow),Collector,2,40,1040,18.7,63.9,Cloudy,21.9,0.0,0,0,2
2026-07-05 20:00,SEG_08,Vijay Nagar Central Junction (Brilliant to Scheme 54),Arterial,3,50,2217,18.4,74.9,Cloudy,21.9,0.0,0,0,2
2026-07-05 22:00,SEG_01,AB Road Central (Palasia to Geeta Bhawan),Arterial,3,50,1653,31.0,54.3,Clear,22.0,0.0,0,0,1
2026-07-05 22:00,SEG_02,Eastern Bypass Corridor (Rau to Kanadia),Highway,4,80,3142,44.6,58.1,Clear,22.0,0.0,0,0,1
2026-07-05 22:00,SEG_03,Ring Road Section 3 (Robot Square to Radisson),Arterial,3,55,1325,39.0,42.7,Clear,22.0,0.0,0,0,1
2026-07-05 22:00,SEG_04,Super Corridor West (Airport to MR10),Expressway,4,85,2497,61.1,41.5,Clear,22.0,0.0,0,0,1
2026-07-05 22:00,SEG_05,Bhawarkua Arterial (University to Tower Square),Collector,2,45,778,32.6,45.3,Clear,22.0,0.0,0,0,1
2026-07-05 22:00,SEG_06,MR-10 Expressway Link (Tigaria to Vijay Nagar),Expressway,3,70,1733,47.6,47.4,Clear,22.0,0.0,0,0,1
2026-07-05 22:00,SEG_07,Annapurna Road Corridor (Ranjeet Hanuman to Mhow),Collector,2,40,891,25.2,54.6,Clear,22.0,0.0,0,0,1
2026-07-05 22:00,SEG_08,Vijay Nagar Central Junction (Brilliant to Scheme 54),Arterial,3,50,1307,38.2,37.5,Clear,22.0,0.0,0,0,1
2026-07-06 00:00,SEG_01,AB Road Central (Palasia to Geeta Bhawan),Arterial,3,50,410,46.7,9.6,Clear,23.8,0.0,0,0,0
2026-07-06 00:00,SEG_02,Eastern Bypass Corridor (Rau to Kanadia),Highway,4,80,1048,75.3,17.8,Clear,23.8,0.0,0,0,0
2026-07-06 00:00,SEG_03,Ring Road Section 3 (Robot Square to Radisson),Arterial,3,55,326,53.6,8.7,Clear,23.8,0.0,0,0,0
2026-07-06 00:00,SEG_04,Super Corridor West (Airport to MR10),Expressway,4,85,831,79.2,12.1,Clear,23.8,0.0,0,0,0
2026-07-06 00:00,SEG_05,Bhawarkua Arterial (University to Tower Square),Collector,2,45,199,44.2,8.6,Clear,23.8,0.0,0,0,0
2026-07-06 00:00,SEG_06,MR-10 Expressway Link (Tigaria to Vijay Nagar),Expressway,3,70,400,69.6,10.4,Clear,23.8,0.0,0,0,0
2026-07-06 00:00,SEG_07,Annapurna Road Corridor (Ranjeet Hanuman to Mhow),Collector,2,40,146,38.5,9.1,Clear,23.8,0.0,0,0,0
2026-07-06 00:00,SEG_08,Vijay Nagar Central Junction (Brilliant to Scheme 54),Arterial,3,50,276,48.6,6.5,Clear,23.8,0.0,0,0,0
2026-07-06 02:00,SEG_01,AB Road Central (Palasia to Geeta Bhawan),Arterial,3,50,458,49.4,10.7,Cloudy,21.4,1.1,0,0,0
2026-07-06 02:00,SEG_02,Eastern Bypass Corridor (Rau to Kanadia),Highway,4,80,1163,71.4,20.6,Cloudy,21.4,1.1,0,0,0
2026-07-06 02:00,SEG_03,Ring Road Section 3 (Robot Square to Radisson),Arterial,3,55,269,54.1,8.5,Cloudy,21.4,1.1,0,0,0
2026-07-06 02:00,SEG_04,Super Corridor West (Airport to MR10),Expressway,4,85,535,81.7,7.4,Cloudy,21.4,1.1,0,0,0
2026-07-06 02:00,SEG_05,Bhawarkua Arterial (University to Tower Square),Collector,2,45,157,45,7.3,Cloudy,21.4,1.1,0,0,0
2026-07-06 02:00,SEG_06,MR-10 Expressway Link (Tigaria to Vijay Nagar),Expressway,3,70,529,67.0,10.9,Cloudy,21.4,1.1,0,0,0
2026-07-06 02:00,SEG_07,Annapurna Road Corridor (Ranjeet Hanuman to Mhow),Collector,2,40,182,38.4,8.5,Cloudy,21.4,1.1,0,0,0
2026-07-06 02:00,SEG_08,Vijay Nagar Central Junction (Brilliant to Scheme 54),Arterial,3,50,310,50,8.7,Cloudy,21.4,1.1,0,0,0
2026-07-06 04:00,SEG_01,AB Road Central (Palasia to Geeta Bhawan),Arterial,3,50,287,48.4,10.3,Clear,24.0,0.0,0,0,0
2026-07-06 04:00,SEG_02,Eastern Bypass Corridor (Rau to Kanadia),Highway,4,80,1360,71.7,24.0,Clear,24.0,0.0,0,0,0
2026-07-06 04:00,SEG_03,Ring Road Section 3 (Robot Square to Radisson),Arterial,3,55,290,55,9.4,Clear,24.0,0.0,0,0,0
2026-07-06 04:00,SEG_04,Super Corridor West (Airport to MR10),Expressway,4,85,583,83.4,8.2,Clear,24.0,0.0,0,0,0
2026-07-06 04:00,SEG_05,Bhawarkua Arterial (University to Tower Square),Collector,2,45,145,43.8,7.7,Clear,24.0,0.0,0,0,0
2026-07-06 04:00,SEG_06,MR-10 Expressway Link (Tigaria to Vijay Nagar),Expressway,3,70,443,68.2,9.8,Clear,24.0,0.0,0,0,0
2026-07-06 04:00,SEG_07,Annapurna Road Corridor (Ranjeet Hanuman to Mhow),Collector,2,40,210,37.5,10.2,Clear,24.0,0.0,0,0,0
2026-07-06 04:00,SEG_08,Vijay Nagar Central Junction (Brilliant to Scheme 54),Arterial,3,50,254,49.3,4.2,Clear,24.0,0.0,0,0,0
2026-07-06 06:00,SEG_01,AB Road Central (Palasia to Geeta Bhawan),Arterial,3,50,1131,39.9,31.4,Cloudy,23.5,0.0,0,0,0
2026-07-06 06:00,SEG_02,Eastern Bypass Corridor (Rau to Kanadia),Highway,4,80,2505,55.5,44.9,Cloudy,23.5,0.0,0,0,1
2026-07-06 06:00,SEG_03,Ring Road Section 3 (Robot Square to Radisson),Arterial,3,55,1306,37.6,41.9,Cloudy,23.5,0.0,0,0,1
2026-07-06 06:00,SEG_04,Super Corridor West (Airport to MR10),Expressway,4,85,2394,62.6,39.4,Cloudy,23.5,0.0,0,0,1
2026-07-06 06:00,SEG_05,Bhawarkua Arterial (University to Tower Square),Collector,2,45,787,32.5,42.1,Cloudy,23.5,0.0,0,0,1
2026-07-06 06:00,SEG_06,MR-10 Expressway Link (Tigaria to Vijay Nagar),Expressway,3,70,1324,55.7,35.4,Cloudy,23.5,0.0,0,0,0
2026-07-06 06:00,SEG_07,Annapurna Road Corridor (Ranjeet Hanuman to Mhow),Collector,2,40,757,26.1,47.1,Cloudy,23.5,0.0,0,0,1
2026-07-06 06:00,SEG_08,Vijay Nagar Central Junction (Brilliant to Scheme 54),Arterial,3,50,1463,34.8,44.1,Cloudy,23.5,0.0,0,0,1
2026-07-06 08:00,SEG_01,AB Road Central (Palasia to Geeta Bhawan),Arterial,3,50,2716,8.2,90.8,Cloudy,28.7,0.0,0,0,3
2026-07-06 08:00,SEG_02,Eastern Bypass Corridor (Rau to Kanadia),Highway,4,80,4200,23.2,81.5,Cloudy,28.7,0.0,0,0,3
2026-07-06 08:00,SEG_03,Ring Road Section 3 (Robot Square to Radisson),Arterial,3,55,2501,9.7,92.4,Cloudy,28.7,0.0,0,0,3
2026-07-06 08:00,SEG_04,Super Corridor West (Airport to MR10),Expressway,4,85,4608,26.7,78.9,Cloudy,28.7,0.0,0,0,3
2026-07-06 08:00,SEG_05,Bhawarkua Arterial (University to Tower Square),Collector,2,45,1329,14.6,76.9,Cloudy,28.7,0.0,0,0,2
2026-07-06 08:00,SEG_06,MR-10 Expressway Link (Tigaria to Vijay Nagar),Expressway,3,70,2830,22.2,80.8,Cloudy,28.7,0.0,0,0,2
2026-07-06 08:00,SEG_07,Annapurna Road Corridor (Ranjeet Hanuman to Mhow),Collector,2,40,1375,8.5,87.3,Cloudy,28.7,0.0,0,0,3
2026-07-06 08:00,SEG_08,Vijay Nagar Central Junction (Brilliant to Scheme 54),Arterial,3,50,2953,9.8,98.0,Cloudy,28.7,0.0,0,0,3
2026-07-06 10:00,SEG_01,AB Road Central (Palasia to Geeta Bhawan),Arterial,3,50,2917,10.2,93.0,Clear,32.3,0.0,0,0,3
2026-07-06 10:00,SEG_02,Eastern Bypass Corridor (Rau to Kanadia),Highway,4,80,4592,14.0,89.1,Clear,32.3,0.0,0,0,3
2026-07-06 10:00,SEG_03,Ring Road Section 3 (Robot Square to Radisson),Arterial,3,55,2599,8.1,92.2,Clear,32.3,0.0,0,0,3
2026-07-06 10:00,SEG_04,Super Corridor West (Airport to MR10),Expressway,4,85,5434,14.0,98.0,Clear,32.3,0.0,0,0,3
2026-07-06 10:00,SEG_05,Bhawarkua Arterial (University to Tower Square),Collector,2,45,1396,10.1,87.6,Clear,32.3,0.0,0,0,3
2026-07-06 10:00,SEG_06,MR-10 Expressway Link (Tigaria to Vijay Nagar),Expressway,3,70,3310,11.4,92.3,Clear,32.3,0.0,0,0,3
2026-07-06 10:00,SEG_07,Annapurna Road Corridor (Ranjeet Hanuman to Mhow),Collector,2,40,1483,8.0,93.2,Clear,32.3,0.0,0,0,3
2026-07-06 10:00,SEG_08,Vijay Nagar Central Junction (Brilliant to Scheme 54),Arterial,3,50,2718,10.5,89.0,Clear,32.3,0.0,0,0,3
2026-07-06 12:00,SEG_01,AB Road Central (Palasia to Geeta Bhawan),Arterial,3,50,1590,33.1,48.2,Clear,33.0,0.0,0,0,1
2026-07-06 12:00,SEG_02,Eastern Bypass Corridor (Rau to Kanadia),Highway,4,80,2829,30.6,57.5,Clear,33.0,0.0,1,0,2
2026-07-06 12:00,SEG_03,Ring Road Section 3 (Robot Square to Radisson),Arterial,3,55,1640,31.8,57.5,Clear,33.0,0.0,0,0,1
2026-07-06 12:00,SEG_04,Super Corridor West (Airport to MR10),Expressway,4,85,2817,56.1,49.2,Clear,33.0,0.0,0,0,1
2026-07-06 12:00,SEG_05,Bhawarkua Arterial (University to Tower Square),Collector,2,45,838,31.2,48.0,Clear,33.0,0.0,0,0,1
2026-07-06 12:00,SEG_06,MR-10 Expressway Link (Tigaria to Vijay Nagar),Expressway,3,70,1735,49.8,46.0,Clear,33.0,0.0,0,0,1
2026-07-06 12:00,SEG_07,Annapurna Road Corridor (Ranjeet Hanuman to Mhow),Collector,2,40,794,28.2,48.2,Clear,33.0,0.0,0,0,1
2026-07-06 12:00,SEG_08,Vijay Nagar Central Junction (Brilliant to Scheme 54),Arterial,3,50,1927,24.1,62.5,Clear,33.0,0.0,0,0,2
2026-07-06 14:00,SEG_01,AB Road Central (Palasia to Geeta Bhawan),Arterial,3,50,1774,27.2,59.0,Clear,31.8,0.0,0,0,1
2026-07-06 14:00,SEG_02,Eastern Bypass Corridor (Rau to Kanadia),Highway,4,80,3324,43.2,60.5,Clear,31.8,0.0,0,0,2
2026-07-06 14:00,SEG_03,Ring Road Section 3 (Robot Square to Radisson),Arterial,3,55,1609,33.8,54.3,Clear,31.8,0.0,0,0,1
2026-07-06 14:00,SEG_04,Super Corridor West (Airport to MR10),Expressway,4,85,2991,56.2,49.3,Clear,31.8,0.0,0,0,1
2026-07-06 14:00,SEG_05,Bhawarkua Arterial (University to Tower Square),Collector,2,45,1090,21.8,64.3,Clear,31.8,0.0,0,0,2
2026-07-06 14:00,SEG_06,MR-10 Expressway Link (Tigaria to Vijay Nagar),Expressway,3,70,2178,39.3,59.0,Clear,31.8,0.0,0,0,1
2026-07-06 14:00,SEG_07,Annapurna Road Corridor (Ranjeet Hanuman to Mhow),Collector,2,40,896,22.1,57.0,Clear,31.8,0.0,0,0,1
2026-07-06 14:00,SEG_08,Vijay Nagar Central Junction (Brilliant to Scheme 54),Arterial,3,50,1861,26.9,60.8,Clear,31.8,0.0,0,0,1
2026-07-06 16:00,SEG_01,AB Road Central (Palasia to Geeta Bhawan),Arterial,3,50,1790,28.7,57.2,Clear,30.0,0.0,0,0,1
2026-07-06 16:00,SEG_02,Eastern Bypass Corridor (Rau to Kanadia),Highway,4,80,3064,45.1,54.2,Clear,30.0,0.0,0,0,1
2026-07-06 16:00,SEG_03,Ring Road Section 3 (Robot Square to Radisson),Arterial,3,55,1364,40.2,40.3,Clear,30.0,0.0,0,0,1
2026-07-06 16:00,SEG_04,Super Corridor West (Airport to MR10),Expressway,4,85,3642,45.2,62.7,Clear,30.0,0.0,0,0,2
2026-07-06 16:00,SEG_05,Bhawarkua Arterial (University to Tower Square),Collector,2,45,907,26.4,54.9,Clear,30.0,0.0,0,0,1
2026-07-06 16:00,SEG_06,MR-10 Expressway Link (Tigaria to Vijay Nagar),Expressway,3,70,2182,39.6,60.8,Clear,30.0,0.0,0,0,1
2026-07-06 16:00,SEG_07,Annapurna Road Corridor (Ranjeet Hanuman to Mhow),Collector,2,40,875,24.6,51.8,Clear,30.0,0.0,0,0,1
2026-07-06 16:00,SEG_08,Vijay Nagar Central Junction (Brilliant to Scheme 54),Arterial,3,50,1691,32.2,49.3,Clear,30.0,0.0,0,0,1
2026-07-06 18:00,SEG_01,AB Road Central (Palasia to Geeta Bhawan),Arterial,3,50,3213,8.0,98.0,Clear,26.7,0.0,0,0,3
2026-07-06 18:00,SEG_02,Eastern Bypass Corridor (Rau to Kanadia),Highway,4,80,4044,26.2,75.5,Clear,26.7,0.0,0,0,2
2026-07-06 18:00,SEG_03,Ring Road Section 3 (Robot Square to Radisson),Arterial,3,55,2454,11.3,90.5,Clear,26.7,0.0,0,0,3
2026-07-06 18:00,SEG_04,Super Corridor West (Airport to MR10),Expressway,4,85,5386,16.3,91.6,Clear,26.7,0.0,0,0,3
2026-07-06 18:00,SEG_05,Bhawarkua Arterial (University to Tower Square),Collector,2,45,1444,8.7,88.8,Clear,26.7,0.0,0,0,3
2026-07-06 18:00,SEG_06,MR-10 Expressway Link (Tigaria to Vijay Nagar),Expressway,3,70,3256,12.7,92.8,Clear,26.7,0.0,0,0,3
2026-07-06 18:00,SEG_07,Annapurna Road Corridor (Ranjeet Hanuman to Mhow),Collector,2,40,1384,8.0,88.9,Clear,26.7,0.0,0,0,3
2026-07-06 18:00,SEG_08,Vijay Nagar Central Junction (Brilliant to Scheme 54),Arterial,3,50,3024,9.0,97.9,Clear,26.7,0.0,0,0,3
2026-07-06 20:00,SEG_01,AB Road Central (Palasia to Geeta Bhawan),Arterial,3,50,2617,11.4,90.1,Clear,26.5,0.0,0,0,3
2026-07-06 20:00,SEG_02,Eastern Bypass Corridor (Rau to Kanadia),Highway,4,80,4716,16.2,91.8,Clear,26.5,0.0,0,0,3
2026-07-06 20:00,SEG_03,Ring Road Section 3 (Robot Square to Radisson),Arterial,3,55,2364,16.4,82.6,Clear,26.5,0.0,0,0,3
2026-07-06 20:00,SEG_04,Super Corridor West (Airport to MR10),Expressway,4,85,5213,13.9,93.0,Clear,26.5,0.0,0,0,3
2026-07-06 20:00,SEG_05,Bhawarkua Arterial (University to Tower Square),Collector,2,45,1600,9.3,93.1,Clear,26.5,0.0,0,0,3
2026-07-06 20:00,SEG_06,MR-10 Expressway Link (Tigaria to Vijay Nagar),Expressway,3,70,3379,11.2,94.7,Clear,26.5,0.0,0,0,3
2026-07-06 20:00,SEG_07,Annapurna Road Corridor (Ranjeet Hanuman to Mhow),Collector,2,40,1343,9.5,86.0,Clear,26.5,0.0,0,0,3
2026-07-06 20:00,SEG_08,Vijay Nagar Central Junction (Brilliant to Scheme 54),Arterial,3,50,2445,15.7,80.1,Clear,26.5,0.0,0,0,3
2026-07-06 22:00,SEG_01,AB Road Central (Palasia to Geeta Bhawan),Arterial,3,50,1344,37.8,41.0,Clear,22.7,0.0,0,0,1
2026-07-06 22:00,SEG_02,Eastern Bypass Corridor (Rau to Kanadia),Highway,4,80,3301,41.6,60.1,Clear,22.7,0.0,0,0,2
2026-07-06 22:00,SEG_03,Ring Road Section 3 (Robot Square to Radisson),Arterial,3,55,1176,42.0,34.8,Clear,22.7,0.0,0,0,1
2026-07-06 22:00,SEG_04,Super Corridor West (Airport to MR10),Expressway,4,85,2162,68.2,30.8,Clear,22.7,0.0,0,0,0
2026-07-06 22:00,SEG_05,Bhawarkua Arterial (University to Tower Square),Collector,2,45,691,34.9,35.0,Clear,22.7,0.0,0,0,1
2026-07-06 22:00,SEG_06,MR-10 Expressway Link (Tigaria to Vijay Nagar),Expressway,3,70,1604,49.1,44.0,Clear,22.7,0.0,0,0,1
2026-07-06 22:00,SEG_07,Annapurna Road Corridor (Ranjeet Hanuman to Mhow),Collector,2,40,722,28.9,44.8,Clear,22.7,0.0,0,0,1
2026-07-06 22:00,SEG_08,Vijay Nagar Central Junction (Brilliant to Scheme 54),Arterial,3,50,1428,35.3,43.6,Clear,22.7,0.0,0,0,1
2026-07-07 00:00,SEG_01,AB Road Central (Palasia to Geeta Bhawan),Arterial,3,50,267,42.4,11.8,Foggy,17.2,0.0,0,0,0
2026-07-07 00:00,SEG_02,Eastern Bypass Corridor (Rau to Kanadia),Highway,4,80,1086,63.3,23.9,Foggy,17.2,0.0,0,0,0
2026-07-07 00:00,SEG_03,Ring Road Section 3 (Robot Square to Radisson),Arterial,3,55,251,49.1,12.4,Foggy,17.2,0.0,0,0,0
2026-07-07 00:00,SEG_04,Super Corridor West (Airport to MR10),Expressway,4,85,686,73.6,13.3,Foggy,17.2,0.0,0,0,0
2026-07-07 00:00,SEG_05,Bhawarkua Arterial (University to Tower Square),Collector,2,45,243,36.9,18.8,Foggy,17.2,0.0,0,0,0
2026-07-07 00:00,SEG_06,MR-10 Expressway Link (Tigaria to Vijay Nagar),Expressway,3,70,500,58.7,13.3,Foggy,17.2,0.0,0,0,0
2026-07-07 00:00,SEG_07,Annapurna Road Corridor (Ranjeet Hanuman to Mhow),Collector,2,40,152,35.2,10.7,Foggy,17.2,0.0,0,0,0
2026-07-07 00:00,SEG_08,Vijay Nagar Central Junction (Brilliant to Scheme 54),Arterial,3,50,265,42.3,8.9,Foggy,17.2,0.0,0,0,0
2026-07-07 02:00,SEG_01,AB Road Central (Palasia to Geeta Bhawan),Arterial,3,50,380,49.1,12.1,Clear,23.3,0.0,0,0,0
2026-07-07 02:00,SEG_02,Eastern Bypass Corridor (Rau to Kanadia),Highway,4,80,1438,71.4,20.6,Clear,23.3,0.0,0,0,0
2026-07-07 02:00,SEG_03,Ring Road Section 3 (Robot Square to Radisson),Arterial,3,55,402,52.3,12.3,Clear,23.3,0.0,0,0,0
2026-07-07 02:00,SEG_04,Super Corridor West (Airport to MR10),Expressway,4,85,824,79.6,10.3,Clear,23.3,0.0,0,0,0
2026-07-07 02:00,SEG_05,Bhawarkua Arterial (University to Tower Square),Collector,2,45,204,41.7,13.4,Clear,23.3,0.0,0,0,0
2026-07-07 02:00,SEG_06,MR-10 Expressway Link (Tigaria to Vijay Nagar),Expressway,3,70,370,66.8,5.9,Clear,23.3,0.0,0,0,0
2026-07-07 02:00,SEG_07,Annapurna Road Corridor (Ranjeet Hanuman to Mhow),Collector,2,40,139,39.3,5.1,Clear,23.3,0.0,0,0,0
2026-07-07 02:00,SEG_08,Vijay Nagar Central Junction (Brilliant to Scheme 54),Arterial,3,50,319,32.0,19.0,Clear,23.3,0.0,1,0,1
2026-07-07 04:00,SEG_01,AB Road Central (Palasia to Geeta Bhawan),Arterial,3,50,347,50,8.4,Clear,24.0,0.0,0,0,0
2026-07-07 04:00,SEG_02,Eastern Bypass Corridor (Rau to Kanadia),Highway,4,80,1141,71.8,20.6,Clear,24.0,0.0,0,0,0
2026-07-07 04:00,SEG_03,Ring Road Section 3 (Robot Square to Radisson),Arterial,3,55,360,53.2,9.6,Clear,24.0,0.0,0,0,0
2026-07-07 04:00,SEG_04,Super Corridor West (Airport to MR10),Expressway,4,85,828,82.6,9.2,Clear,24.0,0.0,0,0,0
2026-07-07 04:00,SEG_05,Bhawarkua Arterial (University to Tower Square),Collector,2,45,214,43.3,12.7,Clear,24.0,0.0,0,0,0
2026-07-07 04:00,SEG_06,MR-10 Expressway Link (Tigaria to Vijay Nagar),Expressway,3,70,489,68.4,9.9,Clear,24.0,0.0,0,0,0
2026-07-07 04:00,SEG_07,Annapurna Road Corridor (Ranjeet Hanuman to Mhow),Collector,2,40,207,39.9,12.3,Clear,24.0,0.0,0,0,0
2026-07-07 04:00,SEG_08,Vijay Nagar Central Junction (Brilliant to Scheme 54),Arterial,3,50,458,46.3,12.9,Clear,24.0,0.0,0,0,0
2026-07-07 06:00,SEG_01,AB Road Central (Palasia to Geeta Bhawan),Arterial,3,50,1421,34.0,45.1,Clear,28.2,0.0,0,0,1
2026-07-07 06:00,SEG_02,Eastern Bypass Corridor (Rau to Kanadia),Highway,4,80,2382,58.0,39.2,Clear,28.2,0.0,0,0,1
2026-07-07 06:00,SEG_03,Ring Road Section 3 (Robot Square to Radisson),Arterial,3,55,1276,39.4,39.5,Clear,28.2,0.0,0,0,1
2026-07-07 06:00,SEG_04,Super Corridor West (Airport to MR10),Expressway,4,85,2789,58.2,46.6,Clear,28.2,0.0,0,0,1
2026-07-07 06:00,SEG_05,Bhawarkua Arterial (University to Tower Square),Collector,2,45,846,31.7,45.9,Clear,28.2,0.0,0,0,1
2026-07-07 06:00,SEG_06,MR-10 Expressway Link (Tigaria to Vijay Nagar),Expressway,3,70,1560,52.1,38.9,Clear,28.2,0.0,0,0,1
2026-07-07 06:00,SEG_07,Annapurna Road Corridor (Ranjeet Hanuman to Mhow),Collector,2,40,643,30.4,35.2,Clear,28.2,0.0,0,0,1
2026-07-07 06:00,SEG_08,Vijay Nagar Central Junction (Brilliant to Scheme 54),Arterial,3,50,1345,37.0,40.1,Clear,28.2,0.0,0,0,1
2026-07-07 08:00,SEG_01,AB Road Central (Palasia to Geeta Bhawan),Arterial,3,50,2554,14.3,83.7,Clear,30.6,0.0,0,0,3
2026-07-07 08:00,SEG_02,Eastern Bypass Corridor (Rau to Kanadia),Highway,4,80,4895,13.6,95.8,Clear,30.6,0.0,0,0,3
2026-07-07 08:00,SEG_03,Ring Road Section 3 (Robot Square to Radisson),Arterial,3,55,2317,17.3,78.9,Clear,30.6,0.0,0,0,3
2026-07-07 08:00,SEG_04,Super Corridor West (Airport to MR10),Expressway,4,85,4633,24.4,81.3,Clear,30.6,0.0,0,0,3
2026-07-07 08:00,SEG_05,Bhawarkua Arterial (University to Tower Square),Collector,2,45,1390,10.0,84.8,Clear,30.6,0.0,0,0,3
2026-07-07 08:00,SEG_06,MR-10 Expressway Link (Tigaria to Vijay Nagar),Expressway,3,70,2887,22.2,78.7,Clear,30.6,0.0,0,0,3
2026-07-07 08:00,SEG_07,Annapurna Road Corridor (Ranjeet Hanuman to Mhow),Collector,2,40,1283,11.1,80.7,Clear,30.6,0.0,0,0,3
2026-07-07 08:00,SEG_08,Vijay Nagar Central Junction (Brilliant to Scheme 54),Arterial,3,50,2461,16.0,78.0,Clear,30.6,0.0,0,0,3
2026-07-07 10:00,SEG_01,AB Road Central (Palasia to Geeta Bhawan),Arterial,3,50,2685,11.3,86.7,Clear,33.1,0.0,0,0,3
2026-07-07 10:00,SEG_02,Eastern Bypass Corridor (Rau to Kanadia),Highway,4,80,4467,18.8,87.1,Clear,33.1,0.0,0,0,3
2026-07-07 10:00,SEG_03,Ring Road Section 3 (Robot Square to Radisson),Arterial,3,55,2397,12.9,84.9,Clear,33.1,0.0,0,0,3
2026-07-07 10:00,SEG_04,Super Corridor West (Airport to MR10),Expressway,4,85,5028,14.6,90.9,Clear,33.1,0.0,0,0,3
2026-07-07 10:00,SEG_05,Bhawarkua Arterial (University to Tower Square),Collector,2,45,1580,8.0,95.2,Clear,33.1,0.0,0,0,3
2026-07-07 10:00,SEG_06,MR-10 Expressway Link (Tigaria to Vijay Nagar),Expressway,3,70,2871,20.4,80.7,Clear,33.1,0.0,0,0,3
2026-07-07 10:00,SEG_07,Annapurna Road Corridor (Ranjeet Hanuman to Mhow),Collector,2,40,1402,8.0,93.4,Clear,33.1,0.0,0,0,3
2026-07-07 10:00,SEG_08,Vijay Nagar Central Junction (Brilliant to Scheme 54),Arterial,3,50,2496,14.9,80.4,Clear,33.1,0.0,0,0,3
2026-07-07 12:00,SEG_01,AB Road Central (Palasia to Geeta Bhawan),Arterial,3,50,1813,29.6,59.2,Clear,35.2,0.0,0,0,1
2026-07-07 12:00,SEG_02,Eastern Bypass Corridor (Rau to Kanadia),Highway,4,80,2589,53.9,44.9,Clear,35.2,0.0,0,0,1
2026-07-07 12:00,SEG_03,Ring Road Section 3 (Robot Square to Radisson),Arterial,3,55,1540,33.4,51.9,Clear,35.2,0.0,0,0,1
2026-07-07 12:00,SEG_04,Super Corridor West (Airport to MR10),Expressway,4,85,3071,51.8,53.7,Clear,35.2,0.0,0,0,1
2026-07-07 12:00,SEG_05,Bhawarkua Arterial (University to Tower Square),Collector,2,45,912,26.2,53.0,Clear,35.2,0.0,0,0,1
2026-07-07 12:00,SEG_06,MR-10 Expressway Link (Tigaria to Vijay Nagar),Expressway,3,70,2113,40.4,56.3,Clear,35.2,0.0,0,0,1
2026-07-07 12:00,SEG_07,Annapurna Road Corridor (Ranjeet Hanuman to Mhow),Collector,2,40,979,20.3,64.6,Clear,35.2,0.0,0,0,2
2026-07-07 12:00,SEG_08,Vijay Nagar Central Junction (Brilliant to Scheme 54),Arterial,3,50,1529,34.6,48.7,Clear,35.2,0.0,0,0,1
2026-07-07 14:00,SEG_01,AB Road Central (Palasia to Geeta Bhawan),Arterial,3,50,1853,27.1,59.5,Clear,32.0,0.0,0,0,1
2026-07-07 14:00,SEG_02,Eastern Bypass Corridor (Rau to Kanadia),Highway,4,80,3263,40.9,63.7,Clear,32.0,0.0,0,0,2
2026-07-07 14:00,SEG_03,Ring Road Section 3 (Robot Square to Radisson),Arterial,3,55,1516,36.3,47.4,Clear,32.0,0.0,0,0,1
2026-07-07 14:00,SEG_04,Super Corridor West (Airport to MR10),Expressway,4,85,3216,53.4,52.2,Clear,32.0,0.0,0,0,1
2026-07-07 14:00,SEG_05,Bhawarkua Arterial (University to Tower Square),Collector,2,45,959,27.5,51.2,Clear,32.0,0.0,0,0,1
2026-07-07 14:00,SEG_06,MR-10 Expressway Link (Tigaria to Vijay Nagar),Expressway,3,70,1844,46.5,45.3,Clear,32.0,0.0,0,0,1
2026-07-07 14:00,SEG_07,Annapurna Road Corridor (Ranjeet Hanuman to Mhow),Collector,2,40,834,26.8,47.2,Clear,32.0,0.0,0,0,1
2026-07-07 14:00,SEG_08,Vijay Nagar Central Junction (Brilliant to Scheme 54),Arterial,3,50,1726,31.8,50.5,Clear,32.0,0.0,0,0,1
2026-07-07 16:00,SEG_01,AB Road Central (Palasia to Geeta Bhawan),Arterial,3,50,1760,29.5,57.7,Clear,29.2,0.0,0,0,1
2026-07-07 16:00,SEG_02,Eastern Bypass Corridor (Rau to Kanadia),Highway,4,80,3116,43.6,55.6,Clear,29.2,0.0,0,0,1
2026-07-07 16:00,SEG_03,Ring Road Section 3 (Robot Square to Radisson),Arterial,3,55,1614,33.6,53.0,Clear,29.2,0.0,0,0,1
2026-07-07 16:00,SEG_04,Super Corridor West (Airport to MR10),Expressway,4,85,3128,51.6,54.9,Clear,29.2,0.0,0,0,1
2026-07-07 16:00,SEG_05,Bhawarkua Arterial (University to Tower Square),Collector,2,45,893,27.4,52.2,Clear,29.2,0.0,0,0,1
2026-07-07 16:00,SEG_06,MR-10 Expressway Link (Tigaria to Vijay Nagar),Expressway,3,70,2076,40.9,55.3,Clear,29.2,0.0,0,0,1
2026-07-07 16:00,SEG_07,Annapurna Road Corridor (Ranjeet Hanuman to Mhow),Collector,2,40,861,23.8,53.9,Clear,29.2,0.0,0,0,1
2026-07-07 16:00,SEG_08,Vijay Nagar Central Junction (Brilliant to Scheme 54),Arterial,3,50,1710,31.5,51.0,Clear,29.2,0.0,0,0,1
2026-07-07 18:00,SEG_01,AB Road Central (Palasia to Geeta Bhawan),Arterial,3,50,3173,9.9,98.0,Clear,26.0,0.0,0,0,3
2026-07-07 18:00,SEG_02,Eastern Bypass Corridor (Rau to Kanadia),Highway,4,80,4592,14.0,92.0,Clear,26.0,0.0,0,0,3
2026-07-07 18:00,SEG_03,Ring Road Section 3 (Robot Square to Radisson),Arterial,3,55,2580,11.6,88.5,Clear,26.0,0.0,0,0,3
2026-07-07 18:00,SEG_04,Super Corridor West (Airport to MR10),Expressway,4,85,5396,15.9,95.7,Clear,26.0,0.0,0,0,3
2026-07-07 18:00,SEG_05,Bhawarkua Arterial (University to Tower Square),Collector,2,45,1410,11.0,86.2,Clear,26.0,0.0,0,0,3
2026-07-07 18:00,SEG_06,MR-10 Expressway Link (Tigaria to Vijay Nagar),Expressway,3,70,2960,19.3,84.0,Clear,26.0,0.0,0,0,3
2026-07-07 18:00,SEG_07,Annapurna Road Corridor (Ranjeet Hanuman to Mhow),Collector,2,40,1308,10.4,84.4,Clear,26.0,0.0,0,0,3
2026-07-07 18:00,SEG_08,Vijay Nagar Central Junction (Brilliant to Scheme 54),Arterial,3,50,2790,10.9,91.0,Clear,26.0,0.0,0,0,3
2026-07-07 20:00,SEG_01,AB Road Central (Palasia to Geeta Bhawan),Arterial,3,50,2400,17.4,75.7,Clear,23.3,0.0,0,0,2
2026-07-07 20:00,SEG_02,Eastern Bypass Corridor (Rau to Kanadia),Highway,4,80,4224,23.0,81.5,Clear,23.3,0.0,0,0,3
2026-07-07 20:00,SEG_03,Ring Road Section 3 (Robot Square to Radisson),Arterial,3,55,2799,8.5,98.0,Clear,23.3,0.0,0,0,3
2026-07-07 20:00,SEG_04,Super Corridor West (Airport to MR10),Expressway,4,85,5396,13.7,97.5,Clear,23.3,0.0,0,0,3
2026-07-07 20:00,SEG_05,Bhawarkua Arterial (University to Tower Square),Collector,2,45,1457,10.2,89.0,Clear,23.3,0.0,0,0,3
2026-07-07 20:00,SEG_06,MR-10 Expressway Link (Tigaria to Vijay Nagar),Expressway,3,70,2898,19.1,81.5,Clear,23.3,0.0,0,0,3
2026-07-07 20:00,SEG_07,Annapurna Road Corridor (Ranjeet Hanuman to Mhow),Collector,2,40,1401,8.0,90.0,Clear,23.3,0.0,0,0,3
2026-07-07 20:00,SEG_08,Vijay Nagar Central Junction (Brilliant to Scheme 54),Arterial,3,50,2589,10.5,88.5,Clear,23.3,0.0,0,0,3
2026-07-07 22:00,SEG_01,AB Road Central (Palasia to Geeta Bhawan),Arterial,3,50,1064,32.1,39.7,Rainy,24.9,16.5,0,0,1
2026-07-07 22:00,SEG_02,Eastern Bypass Corridor (Rau to Kanadia),Highway,4,80,2586,44.5,47.3,Rainy,24.9,16.5,0,0,1
2026-07-07 22:00,SEG_03,Ring Road Section 3 (Robot Square to Radisson),Arterial,3,55,1254,31.4,44.0,Rainy,24.9,16.5,0,0,1
2026-07-07 22:00,SEG_04,Super Corridor West (Airport to MR10),Expressway,4,85,2211,55.2,42.0,Rainy,24.9,16.5,0,0,1
2026-07-07 22:00,SEG_05,Bhawarkua Arterial (University to Tower Square),Collector,2,45,718,27.4,41.6,Rainy,24.9,16.5,0,0,1
2026-07-07 22:00,SEG_06,MR-10 Expressway Link (Tigaria to Vijay Nagar),Expressway,3,70,1383,44.8,38.6,Rainy,24.9,16.5,0,0,1
2026-07-07 22:00,SEG_07,Annapurna Road Corridor (Ranjeet Hanuman to Mhow),Collector,2,40,693,23.6,45.1,Rainy,24.9,16.5,0,0,1
2026-07-07 22:00,SEG_08,Vijay Nagar Central Junction (Brilliant to Scheme 54),Arterial,3,50,1167,30.5,39.6,Rainy,24.9,16.5,0,0,1
2026-07-08 00:00,SEG_01,AB Road Central (Palasia to Geeta Bhawan),Arterial,3,50,379,48.7,9.3,Clear,21.6,0.0,0,0,0
2026-07-08 00:00,SEG_02,Eastern Bypass Corridor (Rau to Kanadia),Highway,4,80,1405,70.6,24.7,Clear,21.6,0.0,0,0,0
2026-07-08 00:00,SEG_03,Ring Road Section 3 (Robot Square to Radisson),Arterial,3,55,349,53.3,9.6,Clear,21.6,0.0,0,0,0
2026-07-08 00:00,SEG_04,Super Corridor West (Airport to MR10),Expressway,4,85,705,83.8,10.4,Clear,21.6,0.0,0,0,0
2026-07-08 00:00,SEG_05,Bhawarkua Arterial (University to Tower Square),Collector,2,45,163,43.6,8.1,Clear,21.6,0.0,0,0,0
2026-07-08 00:00,SEG_06,MR-10 Expressway Link (Tigaria to Vijay Nagar),Expressway,3,70,489,66.2,14.2,Clear,21.6,0.0,0,0,0
2026-07-08 00:00,SEG_07,Annapurna Road Corridor (Ranjeet Hanuman to Mhow),Collector,2,40,203,40,10.2,Clear,21.6,0.0,0,0,0
2026-07-08 00:00,SEG_08,Vijay Nagar Central Junction (Brilliant to Scheme 54),Arterial,3,50,408,48.2,13.0,Clear,21.6,0.0,0,0,0
2026-07-08 02:00,SEG_01,AB Road Central (Palasia to Geeta Bhawan),Arterial,3,50,390,49.9,10.6,Cloudy,23.1,0.0,0,0,0
2026-07-08 02:00,SEG_02,Eastern Bypass Corridor (Rau to Kanadia),Highway,4,80,1296,71.3,21.7,Cloudy,23.1,0.0,0,0,0
2026-07-08 02:00,SEG_03,Ring Road Section 3 (Robot Square to Radisson),Arterial,3,55,387,54.2,12.1,Cloudy,23.1,0.0,0,0,0
2026-07-08 02:00,SEG_04,Super Corridor West (Airport to MR10),Expressway,4,85,769,82.2,13.1,Cloudy,23.1,0.0,0,0,0
2026-07-08 02:00,SEG_05,Bhawarkua Arterial (University to Tower Square),Collector,2,45,159,27.8,20.6,Cloudy,23.1,0.0,1,0,1
2026-07-08 02:00,SEG_06,MR-10 Expressway Link (Tigaria to Vijay Nagar),Expressway,3,70,399,69.2,10.0,Cloudy,23.1,0.0,0,0,0
2026-07-08 02:00,SEG_07,Annapurna Road Corridor (Ranjeet Hanuman to Mhow),Collector,2,40,202,40,9.3,Cloudy,23.1,0.0,0,0,0
2026-07-08 02:00,SEG_08,Vijay Nagar Central Junction (Brilliant to Scheme 54),Arterial,3,50,336,49.4,9.0,Cloudy,23.1,0.0,0,0,0
2026-07-08 04:00,SEG_01,AB Road Central (Palasia to Geeta Bhawan),Arterial,3,50,431,46.1,11.2,Clear,25.0,0.0,0,0,0
2026-07-08 04:00,SEG_02,Eastern Bypass Corridor (Rau to Kanadia),Highway,4,80,1445,69.0,26.7,Clear,25.0,0.0,0,0,0
2026-07-08 04:00,SEG_03,Ring Road Section 3 (Robot Square to Radisson),Arterial,3,55,372,54.1,10.7,Clear,25.0,0.0,0,0,0
2026-07-08 04:00,SEG_04,Super Corridor West (Airport to MR10),Expressway,4,85,857,82.3,13.7,Clear,25.0,0.0,0,0,0
2026-07-08 04:00,SEG_05,Bhawarkua Arterial (University to Tower Square),Collector,2,45,192,42.2,12.5,Clear,25.0,0.0,0,0,0
2026-07-08 04:00,SEG_06,MR-10 Expressway Link (Tigaria to Vijay Nagar),Expressway,3,70,529,67.9,9.0,Clear,25.0,0.0,0,0,0
2026-07-08 04:00,SEG_07,Annapurna Road Corridor (Ranjeet Hanuman to Mhow),Collector,2,40,209,39.4,11.6,Clear,25.0,0.0,0,0,0
2026-07-08 04:00,SEG_08,Vijay Nagar Central Junction (Brilliant to Scheme 54),Arterial,3,50,363,49.0,7.3,Clear,25.0,0.0,0,0,0
2026-07-08 06:00,SEG_01,AB Road Central (Palasia to Geeta Bhawan),Arterial,3,50,1144,37.6,37.9,Cloudy,23.1,0.0,0,0,0
2026-07-08 06:00,SEG_02,Eastern Bypass Corridor (Rau to Kanadia),Highway,4,80,2463,55.5,44.7,Cloudy,23.1,0.0,0,0,1
2026-07-08 06:00,SEG_03,Ring Road Section 3 (Robot Square to Radisson),Arterial,3,55,1121,41.0,33.9,Cloudy,23.1,0.0,0,0,1
2026-07-08 06:00,SEG_04,Super Corridor West (Airport to MR10),Expressway,4,85,2675,61.4,44.0,Cloudy,23.1,0.0,0,0,1
2026-07-08 06:00,SEG_05,Bhawarkua Arterial (University to Tower Square),Collector,2,45,621,35.0,35.3,Cloudy,23.1,0.0,0,0,0
2026-07-08 06:00,SEG_06,MR-10 Expressway Link (Tigaria to Vijay Nagar),Expressway,3,70,1343,56.3,35.0,Cloudy,23.1,0.0,0,0,0
2026-07-08 06:00,SEG_07,Annapurna Road Corridor (Ranjeet Hanuman to Mhow),Collector,2,40,668,31.3,35.4,Cloudy,23.1,0.0,0,0,1
2026-07-08 06:00,SEG_08,Vijay Nagar Central Junction (Brilliant to Scheme 54),Arterial,3,50,1413,35.7,41.0,Cloudy,23.1,0.0,0,0,1
2026-07-08 08:00,SEG_01,AB Road Central (Palasia to Geeta Bhawan),Arterial,3,50,2744,10.9,93.8,Clear,31.5,0.0,0,0,3
2026-07-08 08:00,SEG_02,Eastern Bypass Corridor (Rau to Kanadia),Highway,4,80,4721,16.2,91.0,Clear,31.5,0.0,0,0,3
2026-07-08 08:00,SEG_03,Ring Road Section 3 (Robot Square to Radisson),Arterial,3,55,2345,16.5,80.7,Clear,31.5,0.0,0,0,3
2026-07-08 08:00,SEG_04,Super Corridor West (Airport to MR10),Expressway,4,85,4591,27.1,78.0,Clear,31.5,0.0,0,0,2
2026-07-08 08:00,SEG_05,Bhawarkua Arterial (University to Tower Square),Collector,2,45,1326,12.2,79.3,Clear,31.5,0.0,0,0,3
2026-07-08 08:00,SEG_06,MR-10 Expressway Link (Tigaria to Vijay Nagar),Expressway,3,70,2909,19.9,84.5,Clear,31.5,0.0,0,0,3
2026-07-08 08:00,SEG_07,Annapurna Road Corridor (Ranjeet Hanuman to Mhow),Collector,2,40,1309,9.2,83.5,Clear,31.5,0.0,0,0,3
2026-07-08 08:00,SEG_08,Vijay Nagar Central Junction (Brilliant to Scheme 54),Arterial,3,50,2715,8.5,90.5,Clear,31.5,0.0,0,0,3
2026-07-08 10:00,SEG_01,AB Road Central (Palasia to Geeta Bhawan),Arterial,3,50,2338,19.4,75.4,Clear,34.0,0.0,0,0,2
2026-07-08 10:00,SEG_02,Eastern Bypass Corridor (Rau to Kanadia),Highway,4,80,4983,14.5,97.5,Clear,34.0,0.0,0,0,3
2026-07-08 10:00,SEG_03,Ring Road Section 3 (Robot Square to Radisson),Arterial,3,55,2606,11.8,94.4,Clear,34.0,0.0,0,0,3
2026-07-08 10:00,SEG_04,Super Corridor West (Airport to MR10),Expressway,4,85,4477,26.5,82.1,Clear,34.0,0.0,0,0,2
2026-07-08 10:00,SEG_05,Bhawarkua Arterial (University to Tower Square),Collector,2,45,1190,18.7,73.3,Clear,34.0,0.0,0,0,2
2026-07-08 10:00,SEG_06,MR-10 Expressway Link (Tigaria to Vijay Nagar),Expressway,3,70,2842,22.6,79.4,Clear,34.0,0.0,0,0,2
2026-07-08 10:00,SEG_07,Annapurna Road Corridor (Ranjeet Hanuman to Mhow),Collector,2,40,1337,9.8,89.8,Clear,34.0,0.0,0,0,3
2026-07-08 10:00,SEG_08,Vijay Nagar Central Junction (Brilliant to Scheme 54),Arterial,3,50,2649,10.1,87.9,Clear,34.0,0.0,0,0,3
2026-07-08 12:00,SEG_01,AB Road Central (Palasia to Geeta Bhawan),Arterial,3,50,1641,16.9,61.2,Cloudy,30.7,0.0,1,0,3
2026-07-08 12:00,SEG_02,Eastern Bypass Corridor (Rau to Kanadia),Highway,4,80,3032,46.8,53.9,Cloudy,30.7,0.0,0,0,1
2026-07-08 12:00,SEG_03,Ring Road Section 3 (Robot Square to Radisson),Arterial,3,55,1669,32.8,57.2,Cloudy,30.7,0.0,0,0,1
2026-07-08 12:00,SEG_04,Super Corridor West (Airport to MR10),Expressway,4,85,3452,45.9,58.5,Cloudy,30.7,0.0,0,0,1
2026-07-08 12:00,SEG_05,Bhawarkua Arterial (University to Tower Square),Collector,2,45,993,27.4,57.4,Cloudy,30.7,0.0,0,0,1
2026-07-08 12:00,SEG_06,MR-10 Expressway Link (Tigaria to Vijay Nagar),Expressway,3,70,2405,34.2,67.3,Cloudy,30.7,0.0,0,0,2
2026-07-08 12:00,SEG_07,Annapurna Road Corridor (Ranjeet Hanuman to Mhow),Collector,2,40,981,19.0,61.8,Cloudy,30.7,0.0,0,0,2
2026-07-08 12:00,SEG_08,Vijay Nagar Central Junction (Brilliant to Scheme 54),Arterial,3,50,1610,30.3,51.1,Cloudy,30.7,0.0,0,0,1
2026-07-08 14:00,SEG_01,AB Road Central (Palasia to Geeta Bhawan),Arterial,3,50,1950,24.5,62.5,Clear,33.0,0.0,0,0,2
2026-07-08 14:00,SEG_02,Eastern Bypass Corridor (Rau to Kanadia),Highway,4,80,3116,43.8,59.0,Clear,33.0,0.0,0,0,1
2026-07-08 14:00,SEG_03,Ring Road Section 3 (Robot Square to Radisson),Arterial,3,55,1690,33.3,53.6,Clear,33.0,0.0,0,0,1
2026-07-08 14:00,SEG_04,Super Corridor West (Airport to MR10),Expressway,4,85,3682,42.0,60.8,Clear,33.0,0.0,0,0,2
2026-07-08 14:00,SEG_05,Bhawarkua Arterial (University to Tower Square),Collector,2,45,835,28.4,46.7,Clear,33.0,0.0,0,0,1
2026-07-08 14:00,SEG_06,MR-10 Expressway Link (Tigaria to Vijay Nagar),Expressway,3,70,1984,44.5,52.5,Clear,33.0,0.0,0,0,1
2026-07-08 14:00,SEG_07,Annapurna Road Corridor (Ranjeet Hanuman to Mhow),Collector,2,40,900,21.4,58.7,Clear,33.0,0.0,0,0,1
2026-07-08 14:00,SEG_08,Vijay Nagar Central Junction (Brilliant to Scheme 54),Arterial,3,50,1445,35.6,45.6,Clear,33.0,0.0,0,0,1
2026-07-08 16:00,SEG_01,AB Road Central (Palasia to Geeta Bhawan),Arterial,3,50,1558,34.3,48.0,Clear,31.3,0.0,0,0,1
2026-07-08 16:00,SEG_02,Eastern Bypass Corridor (Rau to Kanadia),Highway,4,80,2671,51.4,49.2,Clear,31.3,0.0,0,0,1
2026-07-08 16:00,SEG_03,Ring Road Section 3 (Robot Square to Radisson),Arterial,3,55,1551,34.3,51.9,Clear,31.3,0.0,0,0,1
2026-07-08 16:00,SEG_04,Super Corridor West (Airport to MR10),Expressway,4,85,3395,50.3,58.3,Clear,31.3,0.0,0,0,1
2026-07-08 16:00,SEG_05,Bhawarkua Arterial (University to Tower Square),Collector,2,45,915,26.2,53.2,Clear,31.3,0.0,0,0,1
2026-07-08 16:00,SEG_06,MR-10 Expressway Link (Tigaria to Vijay Nagar),Expressway,3,70,1824,45.4,50.6,Clear,31.3,0.0,0,0,1
2026-07-08 16:00,SEG_07,Annapurna Road Corridor (Ranjeet Hanuman to Mhow),Collector,2,40,864,22.8,56.3,Clear,31.3,0.0,0,0,1
2026-07-08 16:00,SEG_08,Vijay Nagar Central Junction (Brilliant to Scheme 54),Arterial,3,50,1473,34.1,46.4,Clear,31.3,0.0,0,0,1
2026-07-08 18:00,SEG_01,AB Road Central (Palasia to Geeta Bhawan),Arterial,3,50,2477,12.9,86.0,Clear,27.9,0.0,0,0,3
2026-07-08 18:00,SEG_02,Eastern Bypass Corridor (Rau to Kanadia),Highway,4,80,4023,29.1,74.7,Clear,27.9,0.0,0,0,2
2026-07-08 18:00,SEG_03,Ring Road Section 3 (Robot Square to Radisson),Arterial,3,55,2777,10.2,95.1,Clear,27.9,0.0,0,0,3
2026-07-08 18:00,SEG_04,Super Corridor West (Airport to MR10),Expressway,4,85,5207,9.8,95.7,Clear,27.9,0.0,1,0,3
2026-07-08 18:00,SEG_05,Bhawarkua Arterial (University to Tower Square),Collector,2,45,1253,16.1,77.2,Clear,27.9,0.0,0,0,2
2026-07-08 18:00,SEG_06,MR-10 Expressway Link (Tigaria to Vijay Nagar),Expressway,3,70,3303,13.1,91.0,Clear,27.9,0.0,0,0,3
2026-07-08 18:00,SEG_07,Annapurna Road Corridor (Ranjeet Hanuman to Mhow),Collector,2,40,1369,8.0,87.9,Clear,27.9,0.0,0,0,3
2026-07-08 18:00,SEG_08,Vijay Nagar Central Junction (Brilliant to Scheme 54),Arterial,3,50,2714,9.0,93.9,Clear,27.9,0.0,0,0,3
2026-07-08 20:00,SEG_01,AB Road Central (Palasia to Geeta Bhawan),Arterial,3,50,2860,10.1,95.7,Cloudy,23.0,0.0,0,0,3
2026-07-08 20:00,SEG_02,Eastern Bypass Corridor (Rau to Kanadia),Highway,4,80,5454,13.1,98.0,Cloudy,23.0,0.0,0,0,3
2026-07-08 20:00,SEG_03,Ring Road Section 3 (Robot Square to Radisson),Arterial,3,55,2561,8.0,91.4,Cloudy,23.0,0.0,1,0,3
2026-07-08 20:00,SEG_04,Super Corridor West (Airport to MR10),Expressway,4,85,4978,18.5,87.4,Cloudy,23.0,0.0,0,0,3
2026-07-08 20:00,SEG_05,Bhawarkua Arterial (University to Tower Square),Collector,2,45,1708,8.0,98.0,Cloudy,23.0,0.0,0,0,3
2026-07-08 20:00,SEG_06,MR-10 Expressway Link (Tigaria to Vijay Nagar),Expressway,3,70,2789,23.6,79.7,Cloudy,23.0,0.0,0,0,2
2026-07-08 20:00,SEG_07,Annapurna Road Corridor (Ranjeet Hanuman to Mhow),Collector,2,40,1328,9.9,87.2,Cloudy,23.0,0.0,0,0,3
2026-07-08 20:00,SEG_08,Vijay Nagar Central Junction (Brilliant to Scheme 54),Arterial,3,50,2752,8.9,90.6,Cloudy,23.0,0.0,0,0,3
2026-07-08 22:00,SEG_01,AB Road Central (Palasia to Geeta Bhawan),Arterial,3,50,1244,36.5,40.8,Clear,21.6,0.0,0,0,1
2026-07-08 22:00,SEG_02,Eastern Bypass Corridor (Rau to Kanadia),Highway,4,80,2751,53.0,50.1,Clear,21.6,0.0,0,0,1
2026-07-08 22:00,SEG_03,Ring Road Section 3 (Robot Square to Radisson),Arterial,3,55,1170,43.7,38.0,Clear,21.6,0.0,0,0,0
2026-07-08 22:00,SEG_04,Super Corridor West (Airport to MR10),Expressway,4,85,2434,61.6,37.2,Clear,21.6,0.0,0,0,1
2026-07-08 22:00,SEG_05,Bhawarkua Arterial (University to Tower Square),Collector,2,45,703,33.9,40.8,Clear,21.6,0.0,0,0,1
2026-07-08 22:00,SEG_06,MR-10 Expressway Link (Tigaria to Vijay Nagar),Expressway,3,70,1458,53.1,38.7,Clear,21.6,0.0,0,0,1
2026-07-08 22:00,SEG_07,Annapurna Road Corridor (Ranjeet Hanuman to Mhow),Collector,2,40,651,29.7,38.5,Clear,21.6,0.0,0,0,1
2026-07-08 22:00,SEG_08,Vijay Nagar Central Junction (Brilliant to Scheme 54),Arterial,3,50,1390,36.5,39.4,Clear,21.6,0.0,0,0,1
2026-07-09 00:00,SEG_01,AB Road Central (Palasia to Geeta Bhawan),Arterial,3,50,440,47.6,9.0,Clear,24.0,0.0,0,0,0
2026-07-09 00:00,SEG_02,Eastern Bypass Corridor (Rau to Kanadia),Highway,4,80,1350,72.8,24.1,Clear,24.0,0.0,0,0,0
2026-07-09 00:00,SEG_03,Ring Road Section 3 (Robot Square to Radisson),Arterial,3,55,241,55,3.7,Clear,24.0,0.0,0,0,0
2026-07-09 00:00,SEG_04,Super Corridor West (Airport to MR10),Expressway,4,85,600,83.7,9.5,Clear,24.0,0.0,0,0,0
2026-07-09 00:00,SEG_05,Bhawarkua Arterial (University to Tower Square),Collector,2,45,255,41.6,14.1,Clear,24.0,0.0,0,0,0
2026-07-09 00:00,SEG_06,MR-10 Expressway Link (Tigaria to Vijay Nagar),Expressway,3,70,446,66.8,8.8,Clear,24.0,0.0,0,0,0
2026-07-09 00:00,SEG_07,Annapurna Road Corridor (Ranjeet Hanuman to Mhow),Collector,2,40,186,40,5.7,Clear,24.0,0.0,0,0,0
2026-07-09 00:00,SEG_08,Vijay Nagar Central Junction (Brilliant to Scheme 54),Arterial,3,50,274,48.6,6.0,Clear,24.0,0.0,0,0,0
2026-07-09 02:00,SEG_01,AB Road Central (Palasia to Geeta Bhawan),Arterial,3,50,239,50,5.5,Clear,23.7,0.0,0,0,0
2026-07-09 02:00,SEG_02,Eastern Bypass Corridor (Rau to Kanadia),Highway,4,80,1214,47.7,27.4,Clear,23.7,0.0,1,0,1
2026-07-09 02:00,SEG_03,Ring Road Section 3 (Robot Square to Radisson),Arterial,3,55,267,51.8,8.7,Clear,23.7,0.0,0,0,0
2026-07-09 02:00,SEG_04,Super Corridor West (Airport to MR10),Expressway,4,85,556,82.6,6.3,Clear,23.7,0.0,0,0,0
2026-07-09 02:00,SEG_05,Bhawarkua Arterial (University to Tower Square),Collector,2,45,140,44.4,8.0,Clear,23.7,0.0,0,0,0
2026-07-09 02:00,SEG_06,MR-10 Expressway Link (Tigaria to Vijay Nagar),Expressway,3,70,507,68.1,8.1,Clear,23.7,0.0,0,0,0
2026-07-09 02:00,SEG_07,Annapurna Road Corridor (Ranjeet Hanuman to Mhow),Collector,2,40,242,39.0,12.6,Clear,23.7,0.0,0,0,0
2026-07-09 02:00,SEG_08,Vijay Nagar Central Junction (Brilliant to Scheme 54),Arterial,3,50,397,49.8,10.8,Clear,23.7,0.0,0,0,0
2026-07-09 04:00,SEG_01,AB Road Central (Palasia to Geeta Bhawan),Arterial,3,50,427,48.3,10.4,Clear,25.1,0.0,0,0,0
2026-07-09 04:00,SEG_02,Eastern Bypass Corridor (Rau to Kanadia),Highway,4,80,1338,73.0,23.7,Clear,25.1,0.0,0,0,0
2026-07-09 04:00,SEG_03,Ring Road Section 3 (Robot Square to Radisson),Arterial,3,55,445,52.1,11.3,Clear,25.1,0.0,0,0,0
2026-07-09 04:00,SEG_04,Super Corridor West (Airport to MR10),Expressway,4,85,532,84.4,9.6,Clear,25.1,0.0,0,0,0
2026-07-09 04:00,SEG_05,Bhawarkua Arterial (University to Tower Square),Collector,2,45,203,41.9,8.6,Clear,25.1,0.0,0,0,0
2026-07-09 04:00,SEG_06,MR-10 Expressway Link (Tigaria to Vijay Nagar),Expressway,3,70,536,65.0,15.4,Clear,25.1,0.0,0,0,0
2026-07-09 04:00,SEG_07,Annapurna Road Corridor (Ranjeet Hanuman to Mhow),Collector,2,40,167,38.4,7.5,Clear,25.1,0.0,0,0,0
2026-07-09 04:00,SEG_08,Vijay Nagar Central Junction (Brilliant to Scheme 54),Arterial,3,50,372,47.5,13.2,Clear,25.1,0.0,0,0,0
2026-07-09 06:00,SEG_01,AB Road Central (Palasia to Geeta Bhawan),Arterial,3,50,1356,35.6,39.9,Clear,27.0,0.0,0,0,1
2026-07-09 06:00,SEG_02,Eastern Bypass Corridor (Rau to Kanadia),Highway,4,80,2083,63.6,35.8,Clear,27.0,0.0,0,0,0
2026-07-09 06:00,SEG_03,Ring Road Section 3 (Robot Square to Radisson),Arterial,3,55,1185,43.1,36.3,Clear,27.0,0.0,0,0,1
2026-07-09 06:00,SEG_04,Super Corridor West (Airport to MR10),Expressway,4,85,2104,66.5,35.8,Clear,27.0,0.0,0,0,0
2026-07-09 06:00,SEG_05,Bhawarkua Arterial (University to Tower Square),Collector,2,45,820,30.8,43.2,Clear,27.0,0.0,0,0,1
2026-07-09 06:00,SEG_06,MR-10 Expressway Link (Tigaria to Vijay Nagar),Expressway,3,70,1684,49.2,44.1,Clear,27.0,0.0,0,0,1
2026-07-09 06:00,SEG_07,Annapurna Road Corridor (Ranjeet Hanuman to Mhow),Collector,2,40,789,28.1,44.1,Clear,27.0,0.0,0,0,1
2026-07-09 06:00,SEG_08,Vijay Nagar Central Junction (Brilliant to Scheme 54),Arterial,3,50,1350,35.5,40.4,Clear,27.0,0.0,0,0,1
2026-07-09 08:00,SEG_01,AB Road Central (Palasia to Geeta Bhawan),Arterial,3,50,2868,8.2,98.0,Clear,29.9,0.0,0,0,3
2026-07-09 08:00,SEG_02,Eastern Bypass Corridor (Rau to Kanadia),Highway,4,80,4055,10.7,82.7,Clear,29.9,0.0,1,0,3
2026-07-09 08:00,SEG_03,Ring Road Section 3 (Robot Square to Radisson),Arterial,3,55,2306,16.5,80.3,Clear,29.9,0.0,0,0,3
2026-07-09 08:00,SEG_04,Super Corridor West (Airport to MR10),Expressway,4,85,5045,16.5,92.0,Clear,29.9,0.0,0,0,3
2026-07-09 08:00,SEG_05,Bhawarkua Arterial (University to Tower Square),Collector,2,45,1368,8.0,88.9,Clear,29.9,0.0,1,0,3
2026-07-09 08:00,SEG_06,MR-10 Expressway Link (Tigaria to Vijay Nagar),Expressway,3,70,2567,27.8,69.0,Clear,29.9,0.0,0,0,2
2026-07-09 08:00,SEG_07,Annapurna Road Corridor (Ranjeet Hanuman to Mhow),Collector,2,40,1193,14.1,77.0,Clear,29.9,0.0,0,0,2
2026-07-09 08:00,SEG_08,Vijay Nagar Central Junction (Brilliant to Scheme 54),Arterial,3,50,2360,17.9,75.2,Clear,29.9,0.0,0,0,2
2026-07-09 10:00,SEG_01,AB Road Central (Palasia to Geeta Bhawan),Arterial,3,50,2891,8.4,93.9,Cloudy,16.5,0.0,0,0,3
2026-07-09 10:00,SEG_02,Eastern Bypass Corridor (Rau to Kanadia),Highway,4,80,4420,19.1,86.0,Cloudy,16.5,0.0,0,0,3
2026-07-09 10:00,SEG_03,Ring Road Section 3 (Robot Square to Radisson),Arterial,3,55,2482,12.7,90.4,Cloudy,16.5,0.0,0,0,3
2026-07-09 10:00,SEG_04,Super Corridor West (Airport to MR10),Expressway,4,85,5499,16.2,98.0,Cloudy,16.5,0.0,0,0,3
2026-07-09 10:00,SEG_05,Bhawarkua Arterial (University to Tower Square),Collector,2,45,1284,15.4,80.1,Cloudy,16.5,0.0,0,0,2
2026-07-09 10:00,SEG_06,MR-10 Expressway Link (Tigaria to Vijay Nagar),Expressway,3,70,3157,11.1,92.4,Cloudy,16.5,0.0,0,0,3
2026-07-09 10:00,SEG_07,Annapurna Road Corridor (Ranjeet Hanuman to Mhow),Collector,2,40,1165,15.8,74.9,Cloudy,16.5,0.0,0,0,2
2026-07-09 10:00,SEG_08,Vijay Nagar Central Junction (Brilliant to Scheme 54),Arterial,3,50,2499,12.3,82.7,Cloudy,16.5,0.0,0,0,3
2026-07-09 12:00,SEG_01,AB Road Central (Palasia to Geeta Bhawan),Arterial,3,50,1693,32.3,53.2,Clear,33.7,0.0,0,0,1
2026-07-09 12:00,SEG_02,Eastern Bypass Corridor (Rau to Kanadia),Highway,4,80,2947,50.2,52.0,Clear,33.7,0.0,0,0,1
2026-07-09 12:00,SEG_03,Ring Road Section 3 (Robot Square to Radisson),Arterial,3,55,1797,29.9,59.5,Clear,33.7,0.0,0,0,2
2026-07-09 12:00,SEG_04,Super Corridor West (Airport to MR10),Expressway,4,85,3232,49.8,52.1,Clear,33.7,0.0,0,0,1
2026-07-09 12:00,SEG_05,Bhawarkua Arterial (University to Tower Square),Collector,2,45,1122,21.1,68.9,Clear,33.7,0.0,0,0,2
2026-07-09 12:00,SEG_06,MR-10 Expressway Link (Tigaria to Vijay Nagar),Expressway,3,70,2163,38.0,59.3,Clear,33.7,0.0,0,0,1
2026-07-09 12:00,SEG_07,Annapurna Road Corridor (Ranjeet Hanuman to Mhow),Collector,2,40,918,23.1,57.3,Clear,33.7,0.0,0,0,1
2026-07-09 12:00,SEG_08,Vijay Nagar Central Junction (Brilliant to Scheme 54),Arterial,3,50,1544,31.6,48.7,Clear,33.7,0.0,0,0,1
2026-07-09 14:00,SEG_01,AB Road Central (Palasia to Geeta Bhawan),Arterial,3,50,1551,34.5,48.7,Clear,33.1,0.0,0,0,1
2026-07-09 14:00,SEG_02,Eastern Bypass Corridor (Rau to Kanadia),Highway,4,80,2755,52.6,48.3,Clear,33.1,0.0,0,0,1
2026-07-09 14:00,SEG_03,Ring Road Section 3 (Robot Square to Radisson),Arterial,3,55,1401,38.7,44.5,Clear,33.1,0.0,0,0,1
2026-07-09 14:00,SEG_04,Super Corridor West (Airport to MR10),Expressway,4,85,3178,51.5,53.4,Clear,33.1,0.0,0,0,1
2026-07-09 14:00,SEG_05,Bhawarkua Arterial (University to Tower Square),Collector,2,45,942,26.2,53.1,Clear,33.1,0.0,0,0,1
2026-07-09 14:00,SEG_06,MR-10 Expressway Link (Tigaria to Vijay Nagar),Expressway,3,70,2260,37.5,60.7,Clear,33.1,0.0,0,0,2
2026-07-09 14:00,SEG_07,Annapurna Road Corridor (Ranjeet Hanuman to Mhow),Collector,2,40,824,25.4,47.2,Clear,33.1,0.0,0,0,1
2026-07-09 14:00,SEG_08,Vijay Nagar Central Junction (Brilliant to Scheme 54),Arterial,3,50,1709,30.9,54.7,Clear,33.1,0.0,0,0,1
2026-07-09 16:00,SEG_01,AB Road Central (Palasia to Geeta Bhawan),Arterial,3,50,1904,25.6,63.0,Clear,32.5,0.0,0,0,2
2026-07-09 16:00,SEG_02,Eastern Bypass Corridor (Rau to Kanadia),Highway,4,80,3230,44.9,55.8,Clear,32.5,0.0,0,0,1
2026-07-09 16:00,SEG_03,Ring Road Section 3 (Robot Square to Radisson),Arterial,3,55,1833,26.9,61.0,Clear,32.5,0.0,0,0,2
2026-07-09 16:00,SEG_04,Super Corridor West (Airport to MR10),Expressway,4,85,3406,47.3,59.3,Clear,32.5,0.0,0,0,1
2026-07-09 16:00,SEG_05,Bhawarkua Arterial (University to Tower Square),Collector,2,45,930,27.1,52.0,Clear,32.5,0.0,0,0,1
2026-07-09 16:00,SEG_06,MR-10 Expressway Link (Tigaria to Vijay Nagar),Expressway,3,70,1929,27.3,59.3,Clear,32.5,0.0,1,0,2
2026-07-09 16:00,SEG_07,Annapurna Road Corridor (Ranjeet Hanuman to Mhow),Collector,2,40,829,24.9,53.8,Clear,32.5,0.0,0,0,1
2026-07-09 16:00,SEG_08,Vijay Nagar Central Junction (Brilliant to Scheme 54),Arterial,3,50,1494,32.5,46.6,Clear,32.5,0.0,0,0,1
2026-07-09 18:00,SEG_01,AB Road Central (Palasia to Geeta Bhawan),Arterial,3,50,2292,20.1,72.3,Cloudy,25.5,0.0,0,0,2
2026-07-09 18:00,SEG_02,Eastern Bypass Corridor (Rau to Kanadia),Highway,4,80,5169,12.8,98.0,Cloudy,25.5,0.0,0,0,3
2026-07-09 18:00,SEG_03,Ring Road Section 3 (Robot Square to Radisson),Arterial,3,55,2767,10.5,95.9,Cloudy,25.5,0.0,0,0,3
2026-07-09 18:00,SEG_04,Super Corridor West (Airport to MR10),Expressway,4,85,5149,14.9,94.8,Cloudy,25.5,0.0,0,0,3
2026-07-09 18:00,SEG_05,Bhawarkua Arterial (University to Tower Square),Collector,2,45,1708,8.6,98.0,Cloudy,25.5,0.0,0,0,3
2026-07-09 18:00,SEG_06,MR-10 Expressway Link (Tigaria to Vijay Nagar),Expressway,3,70,2891,21.1,83.5,Cloudy,25.5,0.0,0,0,3
2026-07-09 18:00,SEG_07,Annapurna Road Corridor (Ranjeet Hanuman to Mhow),Collector,2,40,1515,8.0,93.9,Cloudy,25.5,0.0,0,0,3
2026-07-09 18:00,SEG_08,Vijay Nagar Central Junction (Brilliant to Scheme 54),Arterial,3,50,2381,15.3,79.6,Cloudy,25.5,0.0,0,0,2
2026-07-09 20:00,SEG_01,AB Road Central (Palasia to Geeta Bhawan),Arterial,3,50,2856,9.1,91.8,Cloudy,21.1,0.0,0,0,3
2026-07-09 20:00,SEG_02,Eastern Bypass Corridor (Rau to Kanadia),Highway,4,80,4309,22.8,82.7,Cloudy,21.1,0.0,0,0,3
2026-07-09 20:00,SEG_03,Ring Road Section 3 (Robot Square to Radisson),Arterial,3,55,2400,8.0,86.7,Cloudy,21.1,0.0,1,0,3
2026-07-09 20:00,SEG_04,Super Corridor West (Airport to MR10),Expressway,4,85,5702,16.9,98.0,Cloudy,21.1,0.0,0,0,3
2026-07-09 20:00,SEG_05,Bhawarkua Arterial (University to Tower Square),Collector,2,45,1660,8.0,98.0,Cloudy,21.1,0.0,0,0,3
2026-07-09 20:00,SEG_06,MR-10 Expressway Link (Tigaria to Vijay Nagar),Expressway,3,70,2798,21.9,78.8,Cloudy,21.1,0.0,0,0,2
2026-07-09 20:00,SEG_07,Annapurna Road Corridor (Ranjeet Hanuman to Mhow),Collector,2,40,1450,8.0,95.7,Cloudy,21.1,0.0,0,0,3
2026-07-09 20:00,SEG_08,Vijay Nagar Central Junction (Brilliant to Scheme 54),Arterial,3,50,2848,8.5,94.2,Cloudy,21.1,0.0,0,0,3
2026-07-09 22:00,SEG_01,AB Road Central (Palasia to Geeta Bhawan),Arterial,3,50,1319,31.5,41.3,Rainy,22.5,5.4,0,0,1
2026-07-09 22:00,SEG_02,Eastern Bypass Corridor (Rau to Kanadia),Highway,4,80,3180,37.6,60.6,Rainy,22.5,5.4,0,0,2
2026-07-09 22:00,SEG_03,Ring Road Section 3 (Robot Square to Radisson),Arterial,3,55,1085,36.7,38.7,Rainy,22.5,5.4,0,0,1
2026-07-09 22:00,SEG_04,Super Corridor West (Airport to MR10),Expressway,4,85,2450,50.0,46.4,Rainy,22.5,5.4,0,0,1
2026-07-09 22:00,SEG_05,Bhawarkua Arterial (University to Tower Square),Collector,2,45,695,28.6,40.6,Rainy,22.5,5.4,0,0,1
2026-07-09 22:00,SEG_06,MR-10 Expressway Link (Tigaria to Vijay Nagar),Expressway,3,70,1699,41.1,50.2,Rainy,22.5,5.4,0,0,1
2026-07-09 22:00,SEG_07,Annapurna Road Corridor (Ranjeet Hanuman to Mhow),Collector,2,40,547,28.0,37.7,Rainy,22.5,5.4,0,0,1
2026-07-09 22:00,SEG_08,Vijay Nagar Central Junction (Brilliant to Scheme 54),Arterial,3,50,1188,21.4,45.9,Rainy,22.5,5.4,1,0,2
2026-07-10 00:00,SEG_01,AB Road Central (Palasia to Geeta Bhawan),Arterial,3,50,460,49.2,9.2,Clear,23.9,0.0,0,0,0
2026-07-10 00:00,SEG_02,Eastern Bypass Corridor (Rau to Kanadia),Highway,4,80,1444,70.4,25.8,Clear,23.9,0.0,0,0,0
2026-07-10 00:00,SEG_03,Ring Road Section 3 (Robot Square to Radisson),Arterial,3,55,339,53.2,7.8,Clear,23.9,0.0,0,0,0
2026-07-10 00:00,SEG_04,Super Corridor West (Airport to MR10),Expressway,4,85,515,83.6,8.8,Clear,23.9,0.0,0,0,0
2026-07-10 00:00,SEG_05,Bhawarkua Arterial (University to Tower Square),Collector,2,45,224,41.8,11.2,Clear,23.9,0.0,0,0,0
2026-07-10 00:00,SEG_06,MR-10 Expressway Link (Tigaria to Vijay Nagar),Expressway,3,70,315,69.8,6.6,Clear,23.9,0.0,0,0,0
2026-07-10 00:00,SEG_07,Annapurna Road Corridor (Ranjeet Hanuman to Mhow),Collector,2,40,164,37.9,10.3,Clear,23.9,0.0,0,0,0
2026-07-10 00:00,SEG_08,Vijay Nagar Central Junction (Brilliant to Scheme 54),Arterial,3,50,471,47.7,10.1,Clear,23.9,0.0,0,0,0
2026-07-10 02:00,SEG_01,AB Road Central (Palasia to Geeta Bhawan),Arterial,3,50,419,47.0,14.8,Clear,24.1,0.0,0,0,0
2026-07-10 02:00,SEG_02,Eastern Bypass Corridor (Rau to Kanadia),Highway,4,80,1337,70.8,24.7,Clear,24.1,0.0,0,0,0
2026-07-10 02:00,SEG_03,Ring Road Section 3 (Robot Square to Radisson),Arterial,3,55,289,54.6,9.9,Clear,24.1,0.0,0,0,0
2026-07-10 02:00,SEG_04,Super Corridor West (Airport to MR10),Expressway,4,85,526,82.9,7.3,Clear,24.1,0.0,0,0,0
2026-07-10 02:00,SEG_05,Bhawarkua Arterial (University to Tower Square),Collector,2,45,216,44.4,9.6,Clear,24.1,0.0,0,0,0
2026-07-10 02:00,SEG_06,MR-10 Expressway Link (Tigaria to Vijay Nagar),Expressway,3,70,316,70,7.1,Clear,24.1,0.0,0,0,0
2026-07-10 02:00,SEG_07,Annapurna Road Corridor (Ranjeet Hanuman to Mhow),Collector,2,40,219,37.2,11.7,Clear,24.1,0.0,0,0,0
2026-07-10 02:00,SEG_08,Vijay Nagar Central Junction (Brilliant to Scheme 54),Arterial,3,50,299,49.7,10.1,Clear,24.1,0.0,0,0,0
2026-07-10 04:00,SEG_01,AB Road Central (Palasia to Geeta Bhawan),Arterial,3,50,277,47.0,6.7,Cloudy,22.7,0.0,0,0,0
2026-07-10 04:00,SEG_02,Eastern Bypass Corridor (Rau to Kanadia),Highway,4,80,1383,71.8,23.7,Cloudy,22.7,0.0,0,0,0
2026-07-10 04:00,SEG_03,Ring Road Section 3 (Robot Square to Radisson),Arterial,3,55,358,53.0,11.4,Cloudy,22.7,0.0,0,0,0
2026-07-10 04:00,SEG_04,Super Corridor West (Airport to MR10),Expressway,4,85,561,81.9,5.3,Cloudy,22.7,0.0,0,0,0
2026-07-10 04:00,SEG_05,Bhawarkua Arterial (University to Tower Square),Collector,2,45,159,45,6.7,Cloudy,22.7,0.0,0,0,0
2026-07-10 04:00,SEG_06,MR-10 Expressway Link (Tigaria to Vijay Nagar),Expressway,3,70,375,66.3,9.6,Cloudy,22.7,0.0,0,0,0
2026-07-10 04:00,SEG_07,Annapurna Road Corridor (Ranjeet Hanuman to Mhow),Collector,2,40,171,38.9,11.6,Cloudy,22.7,0.0,0,0,0
2026-07-10 04:00,SEG_08,Vijay Nagar Central Junction (Brilliant to Scheme 54),Arterial,3,50,415,47.1,8.9,Cloudy,22.7,0.0,0,0,0
2026-07-10 06:00,SEG_01,AB Road Central (Palasia to Geeta Bhawan),Arterial,3,50,1179,37.9,35.7,Clear,27.0,0.0,0,0,1
2026-07-10 06:00,SEG_02,Eastern Bypass Corridor (Rau to Kanadia),Highway,4,80,2133,60.5,38.5,Clear,27.0,0.0,0,0,1
2026-07-10 06:00,SEG_03,Ring Road Section 3 (Robot Square to Radisson),Arterial,3,55,1405,36.0,47.3,Clear,27.0,0.0,0,0,1
2026-07-10 06:00,SEG_04,Super Corridor West (Airport to MR10),Expressway,4,85,2327,66.3,37.0,Clear,27.0,0.0,0,0,1
2026-07-10 06:00,SEG_05,Bhawarkua Arterial (University to Tower Square),Collector,2,45,735,32.0,43.6,Clear,27.0,0.0,0,0,1
2026-07-10 06:00,SEG_06,MR-10 Expressway Link (Tigaria to Vijay Nagar),Expressway,3,70,1558,50.3,41.7,Clear,27.0,0.0,0,0,1
2026-07-10 06:00,SEG_07,Annapurna Road Corridor (Ranjeet Hanuman to Mhow),Collector,2,40,769,26.4,44.0,Clear,27.0,0.0,0,0,1
2026-07-10 06:00,SEG_08,Vijay Nagar Central Junction (Brilliant to Scheme 54),Arterial,3,50,1420,35.2,43.7,Clear,27.0,0.0,0,0,1
2026-07-10 08:00,SEG_01,AB Road Central (Palasia to Geeta Bhawan),Arterial,3,50,2742,8.0,91.1,Cloudy,28.8,0.0,0,0,3
2026-07-10 08:00,SEG_02,Eastern Bypass Corridor (Rau to Kanadia),Highway,4,80,4464,19.5,86.4,Cloudy,28.8,0.0,0,0,3
2026-07-10 08:00,SEG_03,Ring Road Section 3 (Robot Square to Radisson),Arterial,3,55,2625,8.9,93.6,Cloudy,28.8,0.0,0,0,3
2026-07-10 08:00,SEG_04,Super Corridor West (Airport to MR10),Expressway,4,85,4090,18.6,77.9,Cloudy,28.8,0.0,1,0,3
2026-07-10 08:00,SEG_05,Bhawarkua Arterial (University to Tower Square),Collector,2,45,1238,16.9,76.1,Cloudy,28.8,0.0,0,0,2
2026-07-10 08:00,SEG_06,MR-10 Expressway Link (Tigaria to Vijay Nagar),Expressway,3,70,2859,20.1,83.9,Cloudy,28.8,0.0,0,0,3
2026-07-10 08:00,SEG_07,Annapurna Road Corridor (Ranjeet Hanuman to Mhow),Collector,2,40,1135,17.2,73.5,Cloudy,28.8,0.0,0,0,2
2026-07-10 08:00,SEG_08,Vijay Nagar Central Junction (Brilliant to Scheme 54),Arterial,3,50,2656,11.8,85.9,Cloudy,28.8,0.0,0,0,3
2026-07-10 10:00,SEG_01,AB Road Central (Palasia to Geeta Bhawan),Arterial,3,50,2529,12.1,87.2,Clear,34.3,0.0,0,0,3
2026-07-10 10:00,SEG_02,Eastern Bypass Corridor (Rau to Kanadia),Highway,4,80,3949,11.9,80.4,Clear,34.3,0.0,1,0,3
2026-07-10 10:00,SEG_03,Ring Road Section 3 (Robot Square to Radisson),Arterial,3,55,2414,14.8,83.1,Clear,34.3,0.0,0,0,3
2026-07-10 10:00,SEG_04,Super Corridor West (Airport to MR10),Expressway,4,85,4128,36.8,71.1,Clear,34.3,0.0,0,0,2
2026-07-10 10:00,SEG_05,Bhawarkua Arterial (University to Tower Square),Collector,2,45,1336,12.7,82.6,Clear,34.3,0.0,0,0,3
2026-07-10 10:00,SEG_06,MR-10 Expressway Link (Tigaria to Vijay Nagar),Expressway,3,70,3028,16.9,88.4,Clear,34.3,0.0,0,0,3
2026-07-10 10:00,SEG_07,Annapurna Road Corridor (Ranjeet Hanuman to Mhow),Collector,2,40,1378,8.9,91.7,Clear,34.3,0.0,0,0,3
2026-07-10 10:00,SEG_08,Vijay Nagar Central Junction (Brilliant to Scheme 54),Arterial,3,50,2498,14.8,84.9,Clear,34.3,0.0,0,0,3
2026-07-10 12:00,SEG_01,AB Road Central (Palasia to Geeta Bhawan),Arterial,3,50,1686,32.3,50.7,Cloudy,30.8,0.3,0,0,1
2026-07-10 12:00,SEG_02,Eastern Bypass Corridor (Rau to Kanadia),Highway,4,80,2615,52.5,45.8,Cloudy,30.8,0.3,0,0,1
2026-07-10 12:00,SEG_03,Ring Road Section 3 (Robot Square to Radisson),Arterial,3,55,1722,28.8,57.4,Cloudy,30.8,0.3,0,0,1
2026-07-10 12:00,SEG_04,Super Corridor West (Airport to MR10),Expressway,4,85,3412,47.4,54.9,Cloudy,30.8,0.3,0,0,1
2026-07-10 12:00,SEG_05,Bhawarkua Arterial (University to Tower Square),Collector,2,45,1043,25.9,57.8,Cloudy,30.8,0.3,0,0,1
2026-07-10 12:00,SEG_06,MR-10 Expressway Link (Tigaria to Vijay Nagar),Expressway,3,70,2019,40.6,55.7,Cloudy,30.8,0.3,0,0,1
2026-07-10 12:00,SEG_07,Annapurna Road Corridor (Ranjeet Hanuman to Mhow),Collector,2,40,972,19.5,64.5,Cloudy,30.8,0.3,0,0,2
2026-07-10 12:00,SEG_08,Vijay Nagar Central Junction (Brilliant to Scheme 54),Arterial,3,50,1546,31.4,51.7,Cloudy,30.8,0.3,0,0,1
2026-07-10 14:00,SEG_01,AB Road Central (Palasia to Geeta Bhawan),Arterial,3,50,1560,32.5,47.4,Clear,32.9,0.0,0,0,1
2026-07-10 14:00,SEG_02,Eastern Bypass Corridor (Rau to Kanadia),Highway,4,80,2913,48.2,55.9,Clear,32.9,0.0,0,0,1
2026-07-10 14:00,SEG_03,Ring Road Section 3 (Robot Square to Radisson),Arterial,3,55,1589,34.0,49.6,Clear,32.9,0.0,0,0,1
2026-07-10 14:00,SEG_04,Super Corridor West (Airport to MR10),Expressway,4,85,3403,47.4,54.4,Clear,32.9,0.0,0,0,1
2026-07-10 14:00,SEG_05,Bhawarkua Arterial (University to Tower Square),Collector,2,45,1075,24.3,58.6,Clear,32.9,0.0,0,0,2
2026-07-10 14:00,SEG_06,MR-10 Expressway Link (Tigaria to Vijay Nagar),Expressway,3,70,1677,47.7,46.9,Clear,32.9,0.0,0,0,1
2026-07-10 14:00,SEG_07,Annapurna Road Corridor (Ranjeet Hanuman to Mhow),Collector,2,40,959,22.6,61.2,Clear,32.9,0.0,0,0,1
2026-07-10 14:00,SEG_08,Vijay Nagar Central Junction (Brilliant to Scheme 54),Arterial,3,50,1957,24.4,60.5,Clear,32.9,0.0,0,0,2
2026-07-10 16:00,SEG_01,AB Road Central (Palasia to Geeta Bhawan),Arterial,3,50,1475,33.8,43.7,Clear,31.3,0.0,0,0,1
2026-07-10 16:00,SEG_02,Eastern Bypass Corridor (Rau to Kanadia),Highway,4,80,2556,54.3,42.8,Clear,31.3,0.0,0,0,1
2026-07-10 16:00,SEG_03,Ring Road Section 3 (Robot Square to Radisson),Arterial,3,55,1843,27.3,65.8,Clear,31.3,0.0,0,0,2
2026-07-10 16:00,SEG_04,Super Corridor West (Airport to MR10),Expressway,4,85,3144,52.0,51.3,Clear,31.3,0.0,0,0,1
2026-07-10 16:00,SEG_05,Bhawarkua Arterial (University to Tower Square),Collector,2,45,1053,23.2,61.4,Clear,31.3,0.0,0,0,2
2026-07-10 16:00,SEG_06,MR-10 Expressway Link (Tigaria to Vijay Nagar),Expressway,3,70,2069,39.9,54.0,Clear,31.3,0.0,0,0,1
2026-07-10 16:00,SEG_07,Annapurna Road Corridor (Ranjeet Hanuman to Mhow),Collector,2,40,885,25.2,52.5,Clear,31.3,0.0,0,0,1
2026-07-10 16:00,SEG_08,Vijay Nagar Central Junction (Brilliant to Scheme 54),Arterial,3,50,1415,21.4,51.9,Clear,31.3,0.0,1,0,2
2026-07-10 18:00,SEG_01,AB Road Central (Palasia to Geeta Bhawan),Arterial,3,50,2633,11.5,85.5,Cloudy,25.2,0.0,0,0,3
2026-07-10 18:00,SEG_02,Eastern Bypass Corridor (Rau to Kanadia),Highway,4,80,4783,15.4,91.9,Cloudy,25.2,0.0,0,0,3
2026-07-10 18:00,SEG_03,Ring Road Section 3 (Robot Square to Radisson),Arterial,3,55,2875,11.7,96.0,Cloudy,25.2,0.0,0,0,3
2026-07-10 18:00,SEG_04,Super Corridor West (Airport to MR10),Expressway,4,85,4848,20.2,85.2,Cloudy,25.2,0.0,0,0,3
2026-07-10 18:00,SEG_05,Bhawarkua Arterial (University to Tower Square),Collector,2,45,1380,11.6,84.8,Cloudy,25.2,0.0,0,0,3
2026-07-10 18:00,SEG_06,MR-10 Expressway Link (Tigaria to Vijay Nagar),Expressway,3,70,3579,14.2,97.4,Cloudy,25.2,0.0,0,0,3
2026-07-10 18:00,SEG_07,Annapurna Road Corridor (Ranjeet Hanuman to Mhow),Collector,2,40,1455,8.0,91.6,Cloudy,25.2,0.0,0,0,3
2026-07-10 18:00,SEG_08,Vijay Nagar Central Junction (Brilliant to Scheme 54),Arterial,3,50,2560,11.9,88.7,Cloudy,25.2,0.0,0,0,3
2026-07-10 20:00,SEG_01,AB Road Central (Palasia to Geeta Bhawan),Arterial,3,50,2623,8.0,87.8,Rainy,21.4,13.6,0,0,3
2026-07-10 20:00,SEG_02,Eastern Bypass Corridor (Rau to Kanadia),Highway,4,80,4915,11.5,95.7,Rainy,21.4,13.6,0,0,3
2026-07-10 20:00,SEG_03,Ring Road Section 3 (Robot Square to Radisson),Arterial,3,55,2329,11.5,86.5,Rainy,21.4,13.6,0,0,3
2026-07-10 20:00,SEG_04,Super Corridor West (Airport to MR10),Expressway,4,85,4606,19.8,81.7,Rainy,21.4,13.6,0,0,3
2026-07-10 20:00,SEG_05,Bhawarkua Arterial (University to Tower Square),Collector,2,45,1349,12.3,81.5,Rainy,21.4,13.6,0,0,3
2026-07-10 20:00,SEG_06,MR-10 Expressway Link (Tigaria to Vijay Nagar),Expressway,3,70,2737,18.8,80.0,Rainy,21.4,13.6,0,0,3
2026-07-10 20:00,SEG_07,Annapurna Road Corridor (Ranjeet Hanuman to Mhow),Collector,2,40,1118,13.5,73.7,Rainy,21.4,13.6,0,0,2
2026-07-10 20:00,SEG_08,Vijay Nagar Central Junction (Brilliant to Scheme 54),Arterial,3,50,2749,8.0,95.9,Rainy,21.4,13.6,0,0,3
2026-07-10 22:00,SEG_01,AB Road Central (Palasia to Geeta Bhawan),Arterial,3,50,1394,35.9,43.4,Clear,23.8,0.0,0,0,1
2026-07-10 22:00,SEG_02,Eastern Bypass Corridor (Rau to Kanadia),Highway,4,80,2941,50.2,54.3,Clear,23.8,0.0,0,0,1
2026-07-10 22:00,SEG_03,Ring Road Section 3 (Robot Square to Radisson),Arterial,3,55,1341,38.0,44.1,Clear,23.8,0.0,0,0,1
2026-07-10 22:00,SEG_04,Super Corridor West (Airport to MR10),Expressway,4,85,2487,64.1,37.4,Clear,23.8,0.0,0,0,1
2026-07-10 22:00,SEG_05,Bhawarkua Arterial (University to Tower Square),Collector,2,45,645,35.6,34.9,Clear,23.8,0.0,0,0,0
2026-07-10 22:00,SEG_06,MR-10 Expressway Link (Tigaria to Vijay Nagar),Expressway,3,70,1475,51.4,37.4,Clear,23.8,0.0,0,0,1
2026-07-10 22:00,SEG_07,Annapurna Road Corridor (Ranjeet Hanuman to Mhow),Collector,2,40,743,26.8,47.6,Clear,23.8,0.0,0,0,1
2026-07-10 22:00,SEG_08,Vijay Nagar Central Junction (Brilliant to Scheme 54),Arterial,3,50,1275,38.6,37.7,Clear,23.8,0.0,0,0,1
2026-07-11 00:00,SEG_01,AB Road Central (Palasia to Geeta Bhawan),Arterial,3,50,459,46.1,15.1,Cloudy,21.2,0.0,0,0,0
2026-07-11 00:00,SEG_02,Eastern Bypass Corridor (Rau to Kanadia),Highway,4,80,1329,69.7,22.9,Cloudy,21.2,0.0,0,0,0
2026-07-11 00:00,SEG_03,Ring Road Section 3 (Robot Square to Radisson),Arterial,3,55,387,53.9,12.5,Cloudy,21.2,0.0,0,0,0
2026-07-11 00:00,SEG_04,Super Corridor West (Airport to MR10),Expressway,4,85,1001,78.5,13.0,Cloudy,21.2,0.0,0,0,0
2026-07-11 00:00,SEG_05,Bhawarkua Arterial (University to Tower Square),Collector,2,45,230,43.3,10.1,Cloudy,21.2,0.0,0,0,0
2026-07-11 00:00,SEG_06,MR-10 Expressway Link (Tigaria to Vijay Nagar),Expressway,3,70,736,65.5,19.7,Cloudy,21.2,0.0,0,0,0
2026-07-11 00:00,SEG_07,Annapurna Road Corridor (Ranjeet Hanuman to Mhow),Collector,2,40,255,38.8,14.9,Cloudy,21.2,0.0,0,0,0
2026-07-11 00:00,SEG_08,Vijay Nagar Central Junction (Brilliant to Scheme 54),Arterial,3,50,511,48.3,11.5,Cloudy,21.2,0.0,0,0,0
2026-07-11 02:00,SEG_01,AB Road Central (Palasia to Geeta Bhawan),Arterial,3,50,536,47.3,15.2,Clear,22.0,0.0,0,0,0
2026-07-11 02:00,SEG_02,Eastern Bypass Corridor (Rau to Kanadia),Highway,4,80,1572,67.0,26.2,Clear,22.0,0.0,0,0,0
2026-07-11 02:00,SEG_03,Ring Road Section 3 (Robot Square to Radisson),Arterial,3,55,445,53.6,14.6,Clear,22.0,0.0,0,0,0
2026-07-11 02:00,SEG_04,Super Corridor West (Airport to MR10),Expressway,4,85,849,82.4,12.4,Clear,22.0,0.0,0,0,0
2026-07-11 02:00,SEG_05,Bhawarkua Arterial (University to Tower Square),Collector,2,45,203,44.4,6.5,Clear,22.0,0.0,0,0,0
2026-07-11 02:00,SEG_06,MR-10 Expressway Link (Tigaria to Vijay Nagar),Expressway,3,70,505,67.4,9.1,Clear,22.0,0.0,0,0,0
2026-07-11 02:00,SEG_07,Annapurna Road Corridor (Ranjeet Hanuman to Mhow),Collector,2,40,232,38.5,11.2,Clear,22.0,0.0,0,0,0
2026-07-11 02:00,SEG_08,Vijay Nagar Central Junction (Brilliant to Scheme 54),Arterial,3,50,356,50,6.1,Clear,22.0,0.0,0,0,0
2026-07-11 04:00,SEG_01,AB Road Central (Palasia to Geeta Bhawan),Arterial,3,50,476,48.4,14.1,Clear,23.1,0.0,0,0,0
2026-07-11 04:00,SEG_02,Eastern Bypass Corridor (Rau to Kanadia),Highway,4,80,1446,69.5,22.3,Clear,23.1,0.0,0,0,0
2026-07-11 04:00,SEG_03,Ring Road Section 3 (Robot Square to Radisson),Arterial,3,55,468,33.7,23.4,Clear,23.1,0.0,1,0,1
2026-07-11 04:00,SEG_04,Super Corridor West (Airport to MR10),Expressway,4,85,773,82.9,11.3,Clear,23.1,0.0,0,0,0
2026-07-11 04:00,SEG_05,Bhawarkua Arterial (University to Tower Square),Collector,2,45,339,43.0,14.1,Clear,23.1,0.0,0,0,0
2026-07-11 04:00,SEG_06,MR-10 Expressway Link (Tigaria to Vijay Nagar),Expressway,3,70,528,67.2,10.5,Clear,23.1,0.0,0,0,0
2026-07-11 04:00,SEG_07,Annapurna Road Corridor (Ranjeet Hanuman to Mhow),Collector,2,40,204,37.3,9.2,Clear,23.1,0.0,0,0,0
2026-07-11 04:00,SEG_08,Vijay Nagar Central Junction (Brilliant to Scheme 54),Arterial,3,50,501,48.9,10.6,Clear,23.1,0.0,0,0,0
2026-07-11 06:00,SEG_01,AB Road Central (Palasia to Geeta Bhawan),Arterial,3,50,1623,31.5,53.1,Clear,27.9,0.0,0,0,1
2026-07-11 06:00,SEG_02,Eastern Bypass Corridor (Rau to Kanadia),Highway,4,80,2348,57.0,40.3,Clear,27.9,0.0,0,0,1
2026-07-11 06:00,SEG_03,Ring Road Section 3 (Robot Square to Radisson),Arterial,3,55,1320,38.9,40.2,Clear,27.9,0.0,0,0,1
2026-07-11 06:00,SEG_04,Super Corridor West (Airport to MR10),Expressway,4,85,2568,61.3,44.4,Clear,27.9,0.0,0,0,1
2026-07-11 06:00,SEG_05,Bhawarkua Arterial (University to Tower Square),Collector,2,45,874,27.9,49.0,Clear,27.9,0.0,0,0,1
2026-07-11 06:00,SEG_06,MR-10 Expressway Link (Tigaria to Vijay Nagar),Expressway,3,70,1678,48.2,42.8,Clear,27.9,0.0,0,0,1
2026-07-11 06:00,SEG_07,Annapurna Road Corridor (Ranjeet Hanuman to Mhow),Collector,2,40,746,26.5,44.8,Clear,27.9,0.0,0,0,1
2026-07-11 06:00,SEG_08,Vijay Nagar Central Junction (Brilliant to Scheme 54),Arterial,3,50,1648,30.9,50.1,Clear,27.9,0.0,0,0,1
2026-07-11 08:00,SEG_01,AB Road Central (Palasia to Geeta Bhawan),Arterial,3,50,1418,34.8,41.9,Clear,33.0,0.0,0,0,1
2026-07-11 08:00,SEG_02,Eastern Bypass Corridor (Rau to Kanadia),Highway,4,80,2595,52.4,48.1,Clear,33.0,0.0,0,0,1
2026-07-11 08:00,SEG_03,Ring Road Section 3 (Robot Square to Radisson),Arterial,3,55,1265,39.3,42.1,Clear,33.0,0.0,0,0,1
2026-07-11 08:00,SEG_04,Super Corridor West (Airport to MR10),Expressway,4,85,2858,57.2,45.7,Clear,33.0,0.0,0,0,1
2026-07-11 08:00,SEG_05,Bhawarkua Arterial (University to Tower Square),Collector,2,45,883,27.6,50.1,Clear,33.0,0.0,0,0,1
2026-07-11 08:00,SEG_06,MR-10 Expressway Link (Tigaria to Vijay Nagar),Expressway,3,70,1578,49.3,43.2,Clear,33.0,0.0,0,0,1
2026-07-11 08:00,SEG_07,Annapurna Road Corridor (Ranjeet Hanuman to Mhow),Collector,2,40,729,27.2,43.9,Clear,33.0,0.0,0,0,1
2026-07-11 08:00,SEG_08,Vijay Nagar Central Junction (Brilliant to Scheme 54),Arterial,3,50,1468,35.4,43.0,Clear,33.0,0.0,0,0,1
2026-07-11 10:00,SEG_01,AB Road Central (Palasia to Geeta Bhawan),Arterial,3,50,1421,34.9,42.7,Clear,35.0,0.0,0,0,1
2026-07-11 10:00,SEG_02,Eastern Bypass Corridor (Rau to Kanadia),Highway,4,80,2537,56.6,46.6,Clear,35.0,0.0,0,0,1
2026-07-11 10:00,SEG_03,Ring Road Section 3 (Robot Square to Radisson),Arterial,3,55,1274,40.7,39.8,Clear,35.0,0.0,0,0,1
2026-07-11 10:00,SEG_04,Super Corridor West (Airport to MR10),Expressway,4,85,2590,63.1,38.3,Clear,35.0,0.0,0,0,1
2026-07-11 10:00,SEG_05,Bhawarkua Arterial (University to Tower Square),Collector,2,45,889,28.2,50.7,Clear,35.0,0.0,0,0,1
2026-07-11 10:00,SEG_06,MR-10 Expressway Link (Tigaria to Vijay Nagar),Expressway,3,70,1641,49.8,45.0,Clear,35.0,0.0,0,0,1
2026-07-11 10:00,SEG_07,Annapurna Road Corridor (Ranjeet Hanuman to Mhow),Collector,2,40,648,18.5,47.3,Clear,35.0,0.0,1,0,2
2026-07-11 10:00,SEG_08,Vijay Nagar Central Junction (Brilliant to Scheme 54),Arterial,3,50,1578,32.1,47.8,Clear,35.0,0.0,0,0,1
2026-07-11 12:00,SEG_01,AB Road Central (Palasia to Geeta Bhawan),Arterial,3,50,2081,21.8,66.5,Clear,33.6,0.0,0,0,2
2026-07-11 12:00,SEG_02,Eastern Bypass Corridor (Rau to Kanadia),Highway,4,80,3434,38.5,63.7,Clear,33.6,0.0,0,0,2
2026-07-11 12:00,SEG_03,Ring Road Section 3 (Robot Square to Radisson),Arterial,3,55,1876,14.0,73.5,Clear,33.6,0.0,1,0,3
2026-07-11 12:00,SEG_04,Super Corridor West (Airport to MR10),Expressway,4,85,3981,36.5,67.1,Clear,33.6,0.0,0,0,2
2026-07-11 12:00,SEG_05,Bhawarkua Arterial (University to Tower Square),Collector,2,45,1201,19.2,72.4,Clear,33.6,0.0,0,0,2
2026-07-11 12:00,SEG_06,MR-10 Expressway Link (Tigaria to Vijay Nagar),Expressway,3,70,2636,27.9,72.6,Clear,33.6,0.0,0,0,2
2026-07-11 12:00,SEG_07,Annapurna Road Corridor (Ranjeet Hanuman to Mhow),Collector,2,40,1059,19.6,63.3,Clear,33.6,0.0,0,0,2
2026-07-11 12:00,SEG_08,Vijay Nagar Central Junction (Brilliant to Scheme 54),Arterial,3,50,1993,23.9,66.3,Clear,33.6,0.0,0,0,2
2026-07-11 14:00,SEG_01,AB Road Central (Palasia to Geeta Bhawan),Arterial,3,50,2098,23.5,66.1,Cloudy,29.2,0.0,0,0,2
2026-07-11 14:00,SEG_02,Eastern Bypass Corridor (Rau to Kanadia),Highway,4,80,3458,21.3,70.9,Cloudy,29.2,0.0,1,0,3
2026-07-11 14:00,SEG_03,Ring Road Section 3 (Robot Square to Radisson),Arterial,3,55,1946,23.7,68.7,Cloudy,29.2,0.0,0,0,2
2026-07-11 14:00,SEG_04,Super Corridor West (Airport to MR10),Expressway,4,85,4173,34.2,71.7,Cloudy,29.2,0.0,0,0,2
2026-07-11 14:00,SEG_05,Bhawarkua Arterial (University to Tower Square),Collector,2,45,1111,20.4,63.4,Cloudy,29.2,0.0,0,0,2
2026-07-11 14:00,SEG_06,MR-10 Expressway Link (Tigaria to Vijay Nagar),Expressway,3,70,2377,35.7,66.3,Cloudy,29.2,0.0,0,0,2
2026-07-11 14:00,SEG_07,Annapurna Road Corridor (Ranjeet Hanuman to Mhow),Collector,2,40,929,22.8,58.9,Cloudy,29.2,0.0,0,0,1
2026-07-11 14:00,SEG_08,Vijay Nagar Central Junction (Brilliant to Scheme 54),Arterial,3,50,2146,21.8,69.7,Cloudy,29.2,0.0,0,0,2
2026-07-11 16:00,SEG_01,AB Road Central (Palasia to Geeta Bhawan),Arterial,3,50,1377,37.1,42.6,Clear,29.5,0.0,0,0,1
2026-07-11 16:00,SEG_02,Eastern Bypass Corridor (Rau to Kanadia),Highway,4,80,2199,61.9,37.7,Clear,29.5,0.0,0,0,1
2026-07-11 16:00,SEG_03,Ring Road Section 3 (Robot Square to Radisson),Arterial,3,55,1450,36.2,46.4,Clear,29.5,0.0,0,0,1
2026-07-11 16:00,SEG_04,Super Corridor West (Airport to MR10),Expressway,4,85,2506,63.2,40.8,Clear,29.5,0.0,0,0,1
2026-07-11 16:00,SEG_05,Bhawarkua Arterial (University to Tower Square),Collector,2,45,844,31.8,44.7,Clear,29.5,0.0,0,0,1
2026-07-11 16:00,SEG_06,MR-10 Expressway Link (Tigaria to Vijay Nagar),Expressway,3,70,1976,42.2,54.5,Clear,29.5,0.0,0,0,1
2026-07-11 16:00,SEG_07,Annapurna Road Corridor (Ranjeet Hanuman to Mhow),Collector,2,40,759,26.8,44.1,Clear,29.5,0.0,0,0,1
2026-07-11 16:00,SEG_08,Vijay Nagar Central Junction (Brilliant to Scheme 54),Arterial,3,50,1588,30.4,49.1,Clear,29.5,0.0,0,0,1
2026-07-11 18:00,SEG_01,AB Road Central (Palasia to Geeta Bhawan),Arterial,3,50,2562,13.2,83.8,Clear,26.6,0.0,0,0,3
2026-07-11 18:00,SEG_02,Eastern Bypass Corridor (Rau to Kanadia),Highway,4,80,4653,15.5,91.9,Clear,26.6,0.0,0,0,3
2026-07-11 18:00,SEG_03,Ring Road Section 3 (Robot Square to Radisson),Arterial,3,55,2269,15.7,80.7,Clear,26.6,0.0,0,0,3
2026-07-11 18:00,SEG_04,Super Corridor West (Airport to MR10),Expressway,4,85,4517,29.0,77.3,Clear,26.6,0.0,0,0,2
2026-07-11 18:00,SEG_05,Bhawarkua Arterial (University to Tower Square),Collector,2,45,1174,19.6,71.5,Clear,26.6,0.0,0,0,2
2026-07-11 18:00,SEG_06,MR-10 Expressway Link (Tigaria to Vijay Nagar),Expressway,3,70,3207,13.2,90.1,Clear,26.6,0.0,0,0,3
2026-07-11 18:00,SEG_07,Annapurna Road Corridor (Ranjeet Hanuman to Mhow),Collector,2,40,1393,8.8,91.5,Clear,26.6,0.0,0,0,3
2026-07-11 18:00,SEG_08,Vijay Nagar Central Junction (Brilliant to Scheme 54),Arterial,3,50,2038,24.9,62.5,Clear,26.6,0.0,0,0,2
2026-07-11 20:00,SEG_01,AB Road Central (Palasia to Geeta Bhawan),Arterial,3,50,2294,19.9,72.5,Clear,25.4,0.0,0,0,2
2026-07-11 20:00,SEG_02,Eastern Bypass Corridor (Rau to Kanadia),Highway,4,80,4218,25.5,83.3,Clear,25.4,0.0,0,0,2
2026-07-11 20:00,SEG_03,Ring Road Section 3 (Robot Square to Radisson),Arterial,3,55,1958,23.9,70.7,Clear,25.4,0.0,0,0,2
2026-07-11 20:00,SEG_04,Super Corridor West (Airport to MR10),Expressway,4,85,4719,24.3,85.1,Clear,25.4,0.0,0,0,3
2026-07-11 20:00,SEG_05,Bhawarkua Arterial (University to Tower Square),Collector,2,45,1372,10.4,82.7,Clear,25.4,0.0,0,0,3
2026-07-11 20:00,SEG_06,MR-10 Expressway Link (Tigaria to Vijay Nagar),Expressway,3,70,2890,20.8,82.4,Clear,25.4,0.0,0,0,3
2026-07-11 20:00,SEG_07,Annapurna Road Corridor (Ranjeet Hanuman to Mhow),Collector,2,40,1182,14.4,75.7,Clear,25.4,0.0,0,0,2
2026-07-11 20:00,SEG_08,Vijay Nagar Central Junction (Brilliant to Scheme 54),Arterial,3,50,2316,19.4,77.2,Clear,25.4,0.0,0,0,2
2026-07-11 22:00,SEG_01,AB Road Central (Palasia to Geeta Bhawan),Arterial,3,50,1314,35.6,37.6,Clear,22.7,0.0,0,0,1
2026-07-11 22:00,SEG_02,Eastern Bypass Corridor (Rau to Kanadia),Highway,4,80,3249,44.3,62.2,Clear,22.7,0.0,0,0,1
2026-07-11 22:00,SEG_03,Ring Road Section 3 (Robot Square to Radisson),Arterial,3,55,1388,36.9,44.0,Clear,22.7,0.0,0,0,1
2026-07-11 22:00,SEG_04,Super Corridor West (Airport to MR10),Expressway,4,85,2921,56.8,46.6,Clear,22.7,0.0,0,0,1
2026-07-11 22:00,SEG_05,Bhawarkua Arterial (University to Tower Square),Collector,2,45,851,27.8,47.4,Clear,22.7,0.0,0,0,1
2026-07-11 22:00,SEG_06,MR-10 Expressway Link (Tigaria to Vijay Nagar),Expressway,3,70,1771,48.0,44.7,Clear,22.7,0.0,0,0,1
2026-07-11 22:00,SEG_07,Annapurna Road Corridor (Ranjeet Hanuman to Mhow),Collector,2,40,762,25.3,45.0,Clear,22.7,0.0,0,0,1
2026-07-11 22:00,SEG_08,Vijay Nagar Central Junction (Brilliant to Scheme 54),Arterial,3,50,1748,28.5,53.7,Clear,22.7,0.0,0,0,1
2026-07-12 00:00,SEG_01,AB Road Central (Palasia to Geeta Bhawan),Arterial,3,50,561,29.4,29.0,Rainy,22.8,15.9,0,1,1
2026-07-12 00:00,SEG_02,Eastern Bypass Corridor (Rau to Kanadia),Highway,4,80,1296,58.1,24.8,Rainy,22.8,15.9,0,0,0
2026-07-12 00:00,SEG_03,Ring Road Section 3 (Robot Square to Radisson),Arterial,3,55,515,41.6,22.4,Rainy,22.8,15.9,0,0,0
2026-07-12 00:00,SEG_04,Super Corridor West (Airport to MR10),Expressway,4,85,850,66.6,17.7,Rainy,22.8,15.9,0,0,0
2026-07-12 00:00,SEG_05,Bhawarkua Arterial (University to Tower Square),Collector,2,45,257,36.9,19.4,Rainy,22.8,15.9,0,0,0
2026-07-12 00:00,SEG_06,MR-10 Expressway Link (Tigaria to Vijay Nagar),Expressway,3,70,618,54.0,18.1,Rainy,22.8,15.9,0,0,0
2026-07-12 00:00,SEG_07,Annapurna Road Corridor (Ranjeet Hanuman to Mhow),Collector,2,40,229,24.4,24.2,Rainy,22.8,15.9,0,1,1
2026-07-12 00:00,SEG_08,Vijay Nagar Central Junction (Brilliant to Scheme 54),Arterial,3,50,430,41.2,18.9,Rainy,22.8,15.9,0,0,0
2026-07-12 02:00,SEG_01,AB Road Central (Palasia to Geeta Bhawan),Arterial,3,50,482,38.8,18.5,Clear,21.0,0.0,0,1,0
2026-07-12 02:00,SEG_02,Eastern Bypass Corridor (Rau to Kanadia),Highway,4,80,1483,69.7,24.3,Clear,21.0,0.0,0,0,0
2026-07-12 02:00,SEG_03,Ring Road Section 3 (Robot Square to Radisson),Arterial,3,55,614,48.9,16.3,Clear,21.0,0.0,0,0,0
2026-07-12 02:00,SEG_04,Super Corridor West (Airport to MR10),Expressway,4,85,857,79.6,12.2,Clear,21.0,0.0,0,0,0
2026-07-12 02:00,SEG_05,Bhawarkua Arterial (University to Tower Square),Collector,2,45,273,40.8,14.5,Clear,21.0,0.0,0,0,0
2026-07-12 02:00,SEG_06,MR-10 Expressway Link (Tigaria to Vijay Nagar),Expressway,3,70,739,66.0,15.8,Clear,21.0,0.0,0,0,0
2026-07-12 02:00,SEG_07,Annapurna Road Corridor (Ranjeet Hanuman to Mhow),Collector,2,40,344,29.0,23.2,Clear,21.0,0.0,0,1,1
2026-07-12 02:00,SEG_08,Vijay Nagar Central Junction (Brilliant to Scheme 54),Arterial,3,50,625,46.2,15.4,Clear,21.0,0.0,0,0,0
2026-07-12 04:00,SEG_01,AB Road Central (Palasia to Geeta Bhawan),Arterial,3,50,485,36.7,18.7,Cloudy,23.9,0.0,0,1,0
2026-07-12 04:00,SEG_02,Eastern Bypass Corridor (Rau to Kanadia),Highway,4,80,1704,65.8,29.2,Cloudy,23.9,0.0,0,0,0
2026-07-12 04:00,SEG_03,Ring Road Section 3 (Robot Square to Radisson),Arterial,3,55,398,54.3,12.1,Cloudy,23.9,0.0,0,0,0
2026-07-12 04:00,SEG_04,Super Corridor West (Airport to MR10),Expressway,4,85,729,80.6,12.4,Cloudy,23.9,0.0,0,0,0
2026-07-12 04:00,SEG_05,Bhawarkua Arterial (University to Tower Square),Collector,2,45,239,41.1,15.5,Cloudy,23.9,0.0,0,0,0
2026-07-12 04:00,SEG_06,MR-10 Expressway Link (Tigaria to Vijay Nagar),Expressway,3,70,498,67.8,13.5,Cloudy,23.9,0.0,0,0,0
2026-07-12 04:00,SEG_07,Annapurna Road Corridor (Ranjeet Hanuman to Mhow),Collector,2,40,218,28.1,22.1,Cloudy,23.9,0.0,0,1,0
2026-07-12 04:00,SEG_08,Vijay Nagar Central Junction (Brilliant to Scheme 54),Arterial,3,50,586,47.9,16.4,Cloudy,23.9,0.0,0,0,0
2026-07-12 06:00,SEG_01,AB Road Central (Palasia to Geeta Bhawan),Arterial,3,50,1257,29.6,41.3,Clear,26.9,0.0,0,1,1
2026-07-12 06:00,SEG_02,Eastern Bypass Corridor (Rau to Kanadia),Highway,4,80,2637,53.9,47.1,Clear,26.9,0.0,0,0,1
2026-07-12 06:00,SEG_03,Ring Road Section 3 (Robot Square to Radisson),Arterial,3,55,1508,34.0,52.2,Clear,26.9,0.0,0,0,1
2026-07-12 06:00,SEG_04,Super Corridor West (Airport to MR10),Expressway,4,85,2897,55.9,50.5,Clear,26.9,0.0,0,0,1
2026-07-12 06:00,SEG_05,Bhawarkua Arterial (University to Tower Square),Collector,2,45,776,31.2,41.9,Clear,26.9,0.0,0,0,1
2026-07-12 06:00,SEG_06,MR-10 Expressway Link (Tigaria to Vijay Nagar),Expressway,3,70,1752,48.2,47.2,Clear,26.9,0.0,0,0,1
2026-07-12 06:00,SEG_07,Annapurna Road Corridor (Ranjeet Hanuman to Mhow),Collector,2,40,741,21.3,52.5,Clear,26.9,0.0,0,1,2
2026-07-12 06:00,SEG_08,Vijay Nagar Central Junction (Brilliant to Scheme 54),Arterial,3,50,1606,33.8,51.4,Clear,26.9,0.0,0,0,1
2026-07-12 08:00,SEG_01,AB Road Central (Palasia to Geeta Bhawan),Arterial,3,50,1424,25.8,50.9,Clear,33.0,0.0,0,1,2
2026-07-12 08:00,SEG_02,Eastern Bypass Corridor (Rau to Kanadia),Highway,4,80,2526,54.9,42.5,Clear,33.0,0.0,0,0,1
2026-07-12 08:00,SEG_03,Ring Road Section 3 (Robot Square to Radisson),Arterial,3,55,1405,36.1,48.2,Clear,33.0,0.0,0,0,1
2026-07-12 08:00,SEG_04,Super Corridor West (Airport to MR10),Expressway,4,85,3128,54.3,48.2,Clear,33.0,0.0,0,0,1
2026-07-12 08:00,SEG_05,Bhawarkua Arterial (University to Tower Square),Collector,2,45,804,29.6,43.9,Clear,33.0,0.0,0,0,1
2026-07-12 08:00,SEG_06,MR-10 Expressway Link (Tigaria to Vijay Nagar),Expressway,3,70,1491,53.5,36.5,Clear,33.0,0.0,0,0,1
2026-07-12 08:00,SEG_07,Annapurna Road Corridor (Ranjeet Hanuman to Mhow),Collector,2,40,672,23.0,46.3,Clear,33.0,0.0,0,1,1
2026-07-12 08:00,SEG_08,Vijay Nagar Central Junction (Brilliant to Scheme 54),Arterial,3,50,1405,34.5,40.9,Clear,33.0,0.0,0,0,1
2026-07-12 10:00,SEG_01,AB Road Central (Palasia to Geeta Bhawan),Arterial,3,50,1551,26.3,54.5,Clear,33.8,0.0,0,1,2
2026-07-12 10:00,SEG_02,Eastern Bypass Corridor (Rau to Kanadia),Highway,4,80,2416,56.9,40.8,Clear,33.8,0.0,0,0,1
2026-07-12 10:00,SEG_03,Ring Road Section 3 (Robot Square to Radisson),Arterial,3,55,1175,41.0,40.8,Clear,33.8,0.0,0,0,1
2026-07-12 10:00,SEG_04,Super Corridor West (Airport to MR10),Expressway,4,85,2576,59.4,40.9,Clear,33.8,0.0,0,0,1
2026-07-12 10:00,SEG_05,Bhawarkua Arterial (University to Tower Square),Collector,2,45,783,31.3,41.5,Clear,33.8,0.0,0,0,1
2026-07-12 10:00,SEG_06,MR-10 Expressway Link (Tigaria to Vijay Nagar),Expressway,3,70,1726,49.9,45.2,Clear,33.8,0.0,0,0,1
2026-07-12 10:00,SEG_07,Annapurna Road Corridor (Ranjeet Hanuman to Mhow),Collector,2,40,720,22.5,49.8,Clear,33.8,0.0,0,1,1
2026-07-12 10:00,SEG_08,Vijay Nagar Central Junction (Brilliant to Scheme 54),Arterial,3,50,1631,33.1,52.5,Clear,33.8,0.0,0,0,1
2026-07-12 12:00,SEG_01,AB Road Central (Palasia to Geeta Bhawan),Arterial,3,50,2158,16.0,72.4,Clear,34.8,0.0,0,1,3
2026-07-12 12:00,SEG_02,Eastern Bypass Corridor (Rau to Kanadia),Highway,4,80,3438,22.1,71.9,Clear,34.8,0.0,1,0,3
2026-07-12 12:00,SEG_03,Ring Road Section 3 (Robot Square to Radisson),Arterial,3,55,1773,30.6,60.6,Clear,34.8,0.0,0,0,1
2026-07-12 12:00,SEG_04,Super Corridor West (Airport to MR10),Expressway,4,85,4061,35.3,71.8,Clear,34.8,0.0,0,0,2
2026-07-12 12:00,SEG_05,Bhawarkua Arterial (University to Tower Square),Collector,2,45,1211,18.9,73.9,Clear,34.8,0.0,0,0,2
2026-07-12 12:00,SEG_06,MR-10 Expressway Link (Tigaria to Vijay Nagar),Expressway,3,70,2268,34.6,59.4,Clear,34.8,0.0,0,0,2
2026-07-12 12:00,SEG_07,Annapurna Road Corridor (Ranjeet Hanuman to Mhow),Collector,2,40,968,8.3,74.1,Clear,34.8,0.0,1,1,3
2026-07-12 12:00,SEG_08,Vijay Nagar Central Junction (Brilliant to Scheme 54),Arterial,3,50,1887,27.9,59.8,Clear,34.8,0.0,0,0,1
2026-07-12 14:00,SEG_01,AB Road Central (Palasia to Geeta Bhawan),Arterial,3,50,1832,22.8,63.1,Cloudy,28.6,1.2,0,1,2
2026-07-12 14:00,SEG_02,Eastern Bypass Corridor (Rau to Kanadia),Highway,4,80,3508,39.9,64.9,Cloudy,28.6,1.2,0,0,2
2026-07-12 14:00,SEG_03,Ring Road Section 3 (Robot Square to Radisson),Arterial,3,55,2083,22.9,68.8,Cloudy,28.6,1.2,0,0,2
2026-07-12 14:00,SEG_04,Super Corridor West (Airport to MR10),Expressway,4,85,3945,37.7,68.7,Cloudy,28.6,1.2,0,0,2
2026-07-12 14:00,SEG_05,Bhawarkua Arterial (University to Tower Square),Collector,2,45,1205,19.2,72.2,Cloudy,28.6,1.2,0,0,2
2026-07-12 14:00,SEG_06,MR-10 Expressway Link (Tigaria to Vijay Nagar),Expressway,3,70,2231,38.2,57.6,Cloudy,28.6,1.2,0,0,1
2026-07-12 14:00,SEG_07,Annapurna Road Corridor (Ranjeet Hanuman to Mhow),Collector,2,40,936,16.6,65.1,Cloudy,28.6,1.2,0,1,2
2026-07-12 14:00,SEG_08,Vijay Nagar Central Junction (Brilliant to Scheme 54),Arterial,3,50,2107,23.4,67.0,Cloudy,28.6,1.2,0,0,2
2026-07-12 16:00,SEG_01,AB Road Central (Palasia to Geeta Bhawan),Arterial,3,50,1502,26.8,48.3,Clear,31.9,0.0,0,1,2
2026-07-12 16:00,SEG_02,Eastern Bypass Corridor (Rau to Kanadia),Highway,4,80,2486,54.3,46.7,Clear,31.9,0.0,0,0,1
2026-07-12 16:00,SEG_03,Ring Road Section 3 (Robot Square to Radisson),Arterial,3,55,1526,36.5,46.8,Clear,31.9,0.0,0,0,1
2026-07-12 16:00,SEG_04,Super Corridor West (Airport to MR10),Expressway,4,85,2688,59.3,41.3,Clear,31.9,0.0,0,0,1
2026-07-12 16:00,SEG_05,Bhawarkua Arterial (University to Tower Square),Collector,2,45,742,31.0,40.2,Clear,31.9,0.0,0,0,1
2026-07-12 16:00,SEG_06,MR-10 Expressway Link (Tigaria to Vijay Nagar),Expressway,3,70,1595,51.3,40.2,Clear,31.9,0.0,0,0,1
2026-07-12 16:00,SEG_07,Annapurna Road Corridor (Ranjeet Hanuman to Mhow),Collector,2,40,702,24.4,43.4,Clear,31.9,0.0,0,1,1
2026-07-12 16:00,SEG_08,Vijay Nagar Central Junction (Brilliant to Scheme 54),Arterial,3,50,1417,33.4,44.3,Clear,31.9,0.0,0,0,1
2026-07-12 18:00,SEG_01,AB Road Central (Palasia to Geeta Bhawan),Arterial,3,50,2402,10.6,83.4,Clear,28.8,0.0,0,1,3
2026-07-12 18:00,SEG_02,Eastern Bypass Corridor (Rau to Kanadia),Highway,4,80,4722,16.0,88.9,Clear,28.8,0.0,0,0,3
2026-07-12 18:00,SEG_03,Ring Road Section 3 (Robot Square to Radisson),Arterial,3,55,2319,17.2,81.6,Clear,28.8,0.0,0,0,3
2026-07-12 18:00,SEG_04,Super Corridor West (Airport to MR10),Expressway,4,85,4838,21.6,87.5,Clear,28.8,0.0,0,0,3
2026-07-12 18:00,SEG_05,Bhawarkua Arterial (University to Tower Square),Collector,2,45,1382,10.9,86.1,Clear,28.8,0.0,0,0,3
2026-07-12 18:00,SEG_06,MR-10 Expressway Link (Tigaria to Vijay Nagar),Expressway,3,70,3091,16.8,85.3,Clear,28.8,0.0,0,0,3
2026-07-12 18:00,SEG_07,Annapurna Road Corridor (Ranjeet Hanuman to Mhow),Collector,2,40,1251,8.0,84.8,Clear,28.8,0.0,0,1,3
2026-07-12 18:00,SEG_08,Vijay Nagar Central Junction (Brilliant to Scheme 54),Arterial,3,50,2430,14.8,80.4,Clear,28.8,0.0,0,0,3
2026-07-12 20:00,SEG_01,AB Road Central (Palasia to Geeta Bhawan),Arterial,3,50,2194,15.7,71.9,Clear,26.3,0.0,0,1,3
2026-07-12 20:00,SEG_02,Eastern Bypass Corridor (Rau to Kanadia),Highway,4,80,3918,28.5,75.9,Clear,26.3,0.0,0,0,2
2026-07-12 20:00,SEG_03,Ring Road Section 3 (Robot Square to Radisson),Arterial,3,55,1997,22.7,71.9,Clear,26.3,0.0,0,0,2
2026-07-12 20:00,SEG_04,Super Corridor West (Airport to MR10),Expressway,4,85,4711,21.4,85.6,Clear,26.3,0.0,0,0,3
2026-07-12 20:00,SEG_05,Bhawarkua Arterial (University to Tower Square),Collector,2,45,1290,15.8,76.2,Clear,26.3,0.0,0,0,2
2026-07-12 20:00,SEG_06,MR-10 Expressway Link (Tigaria to Vijay Nagar),Expressway,3,70,3089,14.5,88.4,Clear,26.3,0.0,0,0,3
2026-07-12 20:00,SEG_07,Annapurna Road Corridor (Ranjeet Hanuman to Mhow),Collector,2,40,1206,11.0,78.3,Clear,26.3,0.0,0,1,3
2026-07-12 20:00,SEG_08,Vijay Nagar Central Junction (Brilliant to Scheme 54),Arterial,3,50,2196,20.2,69.5,Clear,26.3,0.0,0,0,2
2026-07-12 22:00,SEG_01,AB Road Central (Palasia to Geeta Bhawan),Arterial,3,50,1584,21.6,58.5,Foggy,17.4,0.0,0,1,2
2026-07-12 22:00,SEG_02,Eastern Bypass Corridor (Rau to Kanadia),Highway,4,80,3558,32.1,70.2,Foggy,17.4,0.0,0,0,2
2026-07-12 22:00,SEG_03,Ring Road Section 3 (Robot Square to Radisson),Arterial,3,55,1492,30.8,52.2,Foggy,17.4,0.0,0,0,1
2026-07-12 22:00,SEG_04,Super Corridor West (Airport to MR10),Expressway,4,85,2296,58.4,39.8,Foggy,17.4,0.0,0,0,1
2026-07-12 22:00,SEG_05,Bhawarkua Arterial (University to Tower Square),Collector,2,45,754,30.1,45.5,Foggy,17.4,0.0,0,0,1
2026-07-12 22:00,SEG_06,MR-10 Expressway Link (Tigaria to Vijay Nagar),Expressway,3,70,1812,42.4,50.1,Foggy,17.4,0.0,0,0,1
2026-07-12 22:00,SEG_07,Annapurna Road Corridor (Ranjeet Hanuman to Mhow),Collector,2,40,739,19.1,50.8,Foggy,17.4,0.0,0,1,2
2026-07-12 22:00,SEG_08,Vijay Nagar Central Junction (Brilliant to Scheme 54),Arterial,3,50,1319,32.1,45.0,Foggy,17.4,0.0,0,0,1
2026-07-13 00:00,SEG_01,AB Road Central (Palasia to Geeta Bhawan),Arterial,3,50,335,36.5,16.7,Cloudy,20.2,0.0,0,1,0
2026-07-13 00:00,SEG_02,Eastern Bypass Corridor (Rau to Kanadia),Highway,4,80,1314,72.5,18.3,Cloudy,20.2,0.0,0,0,0
2026-07-13 00:00,SEG_03,Ring Road Section 3 (Robot Square to Radisson),Arterial,3,55,311,52.2,6.5,Cloudy,20.2,0.0,0,0,0
2026-07-13 00:00,SEG_04,Super Corridor West (Airport to MR10),Expressway,4,85,668,80.6,10.0,Cloudy,20.2,0.0,0,0,0
2026-07-13 00:00,SEG_05,Bhawarkua Arterial (University to Tower Square),Collector,2,45,148,43.8,4.6,Cloudy,20.2,0.0,0,0,0
2026-07-13 00:00,SEG_06,MR-10 Expressway Link (Tigaria to Vijay Nagar),Expressway,3,70,318,67.5,6.5,Cloudy,20.2,0.0,0,0,0
2026-07-13 00:00,SEG_07,Annapurna Road Corridor (Ranjeet Hanuman to Mhow),Collector,2,40,169,32.2,15.9,Cloudy,20.2,0.0,0,1,0
2026-07-13 00:00,SEG_08,Vijay Nagar Central Junction (Brilliant to Scheme 54),Arterial,3,50,308,49.5,10.4,Cloudy,20.2,0.0,0,0,0
2026-07-13 02:00,SEG_01,AB Road Central (Palasia to Geeta Bhawan),Arterial,3,50,378,35.9,19.5,Clear,21.0,0.0,0,1,0
2026-07-13 02:00,SEG_02,Eastern Bypass Corridor (Rau to Kanadia),Highway,4,80,1300,73.3,23.0,Clear,21.0,0.0,0,0,0
2026-07-13 02:00,SEG_03,Ring Road Section 3 (Robot Square to Radisson),Arterial,3,55,396,52.0,14.0,Clear,21.0,0.0,0,0,0
2026-07-13 02:00,SEG_04,Super Corridor West (Airport to MR10),Expressway,4,85,658,82.8,7.6,Clear,21.0,0.0,0,0,0
2026-07-13 02:00,SEG_05,Bhawarkua Arterial (University to Tower Square),Collector,2,45,213,41.4,12.9,Clear,21.0,0.0,0,0,0
2026-07-13 02:00,SEG_06,MR-10 Expressway Link (Tigaria to Vijay Nagar),Expressway,3,70,296,69.7,5.8,Clear,21.0,0.0,0,0,0
2026-07-13 02:00,SEG_07,Annapurna Road Corridor (Ranjeet Hanuman to Mhow),Collector,2,40,185,29.1,15.0,Clear,21.0,0.0,0,1,0
2026-07-13 02:00,SEG_08,Vijay Nagar Central Junction (Brilliant to Scheme 54),Arterial,3,50,389,48.6,9.6,Clear,21.0,0.0,0,0,0
2026-07-13 04:00,SEG_01,AB Road Central (Palasia to Geeta Bhawan),Arterial,3,50,434,37.2,20.7,Clear,23.8,0.0,0,1,0
2026-07-13 04:00,SEG_02,Eastern Bypass Corridor (Rau to Kanadia),Highway,4,80,1158,72.1,16.2,Clear,23.8,0.0,0,0,0
2026-07-13 04:00,SEG_03,Ring Road Section 3 (Robot Square to Radisson),Arterial,3,55,434,53.4,13.6,Clear,23.8,0.0,0,0,0
2026-07-13 04:00,SEG_04,Super Corridor West (Airport to MR10),Expressway,4,85,892,81.2,13.1,Clear,23.8,0.0,0,0,0
2026-07-13 04:00,SEG_05,Bhawarkua Arterial (University to Tower Square),Collector,2,45,152,43.0,10.6,Clear,23.8,0.0,0,0,0
2026-07-13 04:00,SEG_06,MR-10 Expressway Link (Tigaria to Vijay Nagar),Expressway,3,70,350,68.9,4.7,Clear,23.8,0.0,0,0,0
2026-07-13 04:00,SEG_07,Annapurna Road Corridor (Ranjeet Hanuman to Mhow),Collector,2,40,146,29.5,18.8,Clear,23.8,0.0,0,1,0
2026-07-13 04:00,SEG_08,Vijay Nagar Central Junction (Brilliant to Scheme 54),Arterial,3,50,273,50,6.4,Clear,23.8,0.0,0,0,0
2026-07-13 06:00,SEG_01,AB Road Central (Palasia to Geeta Bhawan),Arterial,3,50,1293,29.2,46.9,Clear,26.8,0.0,0,1,1
2026-07-13 06:00,SEG_02,Eastern Bypass Corridor (Rau to Kanadia),Highway,4,80,2040,61.7,32.9,Clear,26.8,0.0,0,0,0
2026-07-13 06:00,SEG_03,Ring Road Section 3 (Robot Square to Radisson),Arterial,3,55,1425,36.6,49.3,Clear,26.8,0.0,0,0,1
2026-07-13 06:00,SEG_04,Super Corridor West (Airport to MR10),Expressway,4,85,2453,63.7,37.2,Clear,26.8,0.0,0,0,1
2026-07-13 06:00,SEG_05,Bhawarkua Arterial (University to Tower Square),Collector,2,45,702,22.0,49.3,Clear,26.8,0.0,1,0,2
2026-07-13 06:00,SEG_06,MR-10 Expressway Link (Tigaria to Vijay Nagar),Expressway,3,70,1710,49.7,43.4,Clear,26.8,0.0,0,0,1
2026-07-13 06:00,SEG_07,Annapurna Road Corridor (Ranjeet Hanuman to Mhow),Collector,2,40,738,21.7,49.4,Clear,26.8,0.0,0,1,2
2026-07-13 06:00,SEG_08,Vijay Nagar Central Junction (Brilliant to Scheme 54),Arterial,3,50,1317,37.9,40.2,Clear,26.8,0.0,0,0,1
2026-07-13 08:00,SEG_01,AB Road Central (Palasia to Geeta Bhawan),Arterial,3,50,2627,8.0,87.3,Clear,30.6,0.0,1,1,3
2026-07-13 08:00,SEG_02,Eastern Bypass Corridor (Rau to Kanadia),Highway,4,80,4178,22.9,81.8,Clear,30.6,0.0,0,0,3
2026-07-13 08:00,SEG_03,Ring Road Section 3 (Robot Square to Radisson),Arterial,3,55,2250,18.3,76.3,Clear,30.6,0.0,0,0,2
2026-07-13 08:00,SEG_04,Super Corridor West (Airport to MR10),Expressway,4,85,5306,14.5,91.7,Clear,30.6,0.0,0,0,3
2026-07-13 08:00,SEG_05,Bhawarkua Arterial (University to Tower Square),Collector,2,45,1480,9.6,89.8,Clear,30.6,0.0,0,0,3
2026-07-13 08:00,SEG_06,MR-10 Expressway Link (Tigaria to Vijay Nagar),Expressway,3,70,3203,12.3,91.2,Clear,30.6,0.0,0,0,3
2026-07-13 08:00,SEG_07,Annapurna Road Corridor (Ranjeet Hanuman to Mhow),Collector,2,40,1513,8.0,98.0,Clear,30.6,0.0,0,1,3
2026-07-13 08:00,SEG_08,Vijay Nagar Central Junction (Brilliant to Scheme 54),Arterial,3,50,2395,16.7,78.0,Clear,30.6,0.0,0,0,2
2026-07-13 10:00,SEG_01,AB Road Central (Palasia to Geeta Bhawan),Arterial,3,50,2723,8.0,92.9,Cloudy,29.7,0.0,0,1,3
2026-07-13 10:00,SEG_02,Eastern Bypass Corridor (Rau to Kanadia),Highway,4,80,4282,21.4,83.3,Cloudy,29.7,0.0,0,0,3
2026-07-13 10:00,SEG_03,Ring Road Section 3 (Robot Square to Radisson),Arterial,3,55,2306,17.0,82.4,Cloudy,29.7,0.0,0,0,3
2026-07-13 10:00,SEG_04,Super Corridor West (Airport to MR10),Expressway,4,85,5378,15.7,92.2,Cloudy,29.7,0.0,0,0,3
2026-07-13 10:00,SEG_05,Bhawarkua Arterial (University to Tower Square),Collector,2,45,1492,8.5,92.1,Cloudy,29.7,0.0,0,0,3
2026-07-13 10:00,SEG_06,MR-10 Expressway Link (Tigaria to Vijay Nagar),Expressway,3,70,2821,22.8,81.0,Cloudy,29.7,0.0,0,0,2
2026-07-13 10:00,SEG_07,Annapurna Road Corridor (Ranjeet Hanuman to Mhow),Collector,2,40,1292,8.0,85.0,Cloudy,29.7,0.0,0,1,3
2026-07-13 10:00,SEG_08,Vijay Nagar Central Junction (Brilliant to Scheme 54),Arterial,3,50,2263,20.6,70.6,Cloudy,29.7,0.0,0,0,2
2026-07-13 12:00,SEG_01,AB Road Central (Palasia to Geeta Bhawan),Arterial,3,50,1875,21.7,64.2,Clear,34.9,0.0,0,1,2
2026-07-13 12:00,SEG_02,Eastern Bypass Corridor (Rau to Kanadia),Highway,4,80,3152,46.5,55.4,Clear,34.9,0.0,0,0,1
2026-07-13 12:00,SEG_03,Ring Road Section 3 (Robot Square to Radisson),Arterial,3,55,1492,35.5,50.6,Clear,34.9,0.0,0,0,1
2026-07-13 12:00,SEG_04,Super Corridor West (Airport to MR10),Expressway,4,85,3807,39.8,66.0,Clear,34.9,0.0,0,0,2
2026-07-13 12:00,SEG_05,Bhawarkua Arterial (University to Tower Square),Collector,2,45,1014,24.1,61.0,Clear,34.9,0.0,0,0,1
2026-07-13 12:00,SEG_06,MR-10 Expressway Link (Tigaria to Vijay Nagar),Expressway,3,70,2098,40.2,56.2,Clear,34.9,0.0,0,0,1
2026-07-13 12:00,SEG_07,Annapurna Road Corridor (Ranjeet Hanuman to Mhow),Collector,2,40,924,17.8,63.9,Clear,34.9,0.0,0,1,2
2026-07-13 12:00,SEG_08,Vijay Nagar Central Junction (Brilliant to Scheme 54),Arterial,3,50,1566,33.4,45.3,Clear,34.9,0.0,0,0,1
2026-07-13 14:00,SEG_01,AB Road Central (Palasia to Geeta Bhawan),Arterial,3,50,1597,24.0,56.5,Cloudy,30.4,0.6,0,1,2
2026-07-13 14:00,SEG_02,Eastern Bypass Corridor (Rau to Kanadia),Highway,4,80,2957,49.2,53.6,Cloudy,30.4,0.6,0,0,1
2026-07-13 14:00,SEG_03,Ring Road Section 3 (Robot Square to Radisson),Arterial,3,55,1729,28.7,60.4,Cloudy,30.4,0.6,0,0,1
2026-07-13 14:00,SEG_04,Super Corridor West (Airport to MR10),Expressway,4,85,3348,49.4,57.7,Cloudy,30.4,0.6,0,0,1
2026-07-13 14:00,SEG_05,Bhawarkua Arterial (University to Tower Square),Collector,2,45,905,26.2,53.5,Cloudy,30.4,0.6,0,0,1
2026-07-13 14:00,SEG_06,MR-10 Expressway Link (Tigaria to Vijay Nagar),Expressway,3,70,2090,39.0,58.7,Cloudy,30.4,0.6,0,0,1
2026-07-13 14:00,SEG_07,Annapurna Road Corridor (Ranjeet Hanuman to Mhow),Collector,2,40,839,19.1,54.2,Cloudy,30.4,0.6,0,1,2
2026-07-13 14:00,SEG_08,Vijay Nagar Central Junction (Brilliant to Scheme 54),Arterial,3,50,1523,34.5,47.2,Cloudy,30.4,0.6,0,0,1
2026-07-13 16:00,SEG_01,AB Road Central (Palasia to Geeta Bhawan),Arterial,3,50,1838,21.0,64.4,Clear,30.1,0.0,0,1,2
2026-07-13 16:00,SEG_02,Eastern Bypass Corridor (Rau to Kanadia),Highway,4,80,2873,51.5,49.6,Clear,30.1,0.0,0,0,1
2026-07-13 16:00,SEG_03,Ring Road Section 3 (Robot Square to Radisson),Arterial,3,55,1468,36.3,47.1,Clear,30.1,0.0,0,0,1
2026-07-13 16:00,SEG_04,Super Corridor West (Airport to MR10),Expressway,4,85,3399,46.8,58.7,Clear,30.1,0.0,0,0,1
2026-07-13 16:00,SEG_05,Bhawarkua Arterial (University to Tower Square),Collector,2,45,902,27.6,49.5,Clear,30.1,0.0,0,0,1
2026-07-13 16:00,SEG_06,MR-10 Expressway Link (Tigaria to Vijay Nagar),Expressway,3,70,2328,36.1,63.3,Clear,30.1,0.0,0,0,2
2026-07-13 16:00,SEG_07,Annapurna Road Corridor (Ranjeet Hanuman to Mhow),Collector,2,40,843,20.9,53.2,Clear,30.1,0.0,0,1,2
2026-07-13 16:00,SEG_08,Vijay Nagar Central Junction (Brilliant to Scheme 54),Arterial,3,50,1846,25.7,61.4,Clear,30.1,0.0,0,0,2
2026-07-13 18:00,SEG_01,AB Road Central (Palasia to Geeta Bhawan),Arterial,3,50,2866,8.0,93.1,Cloudy,26.3,0.0,0,1,3
2026-07-13 18:00,SEG_02,Eastern Bypass Corridor (Rau to Kanadia),Highway,4,80,5105,16.1,96.6,Cloudy,26.3,0.0,0,0,3
2026-07-13 18:00,SEG_03,Ring Road Section 3 (Robot Square to Radisson),Arterial,3,55,2394,13.2,82.8,Cloudy,26.3,0.0,0,0,3
2026-07-13 18:00,SEG_04,Super Corridor West (Airport to MR10),Expressway,4,85,4790,10.4,91.9,Cloudy,26.3,0.0,1,0,3
2026-07-13 18:00,SEG_05,Bhawarkua Arterial (University to Tower Square),Collector,2,45,1518,8.0,94.5,Cloudy,26.3,0.0,0,0,3
2026-07-13 18:00,SEG_06,MR-10 Expressway Link (Tigaria to Vijay Nagar),Expressway,3,70,3500,12.5,98.0,Cloudy,26.3,0.0,0,0,3
2026-07-13 18:00,SEG_07,Annapurna Road Corridor (Ranjeet Hanuman to Mhow),Collector,2,40,1520,8.0,96.1,Cloudy,26.3,0.0,0,1,3
2026-07-13 18:00,SEG_08,Vijay Nagar Central Junction (Brilliant to Scheme 54),Arterial,3,50,2426,14.9,79.4,Cloudy,26.3,0.0,0,0,3
2026-07-13 20:00,SEG_01,AB Road Central (Palasia to Geeta Bhawan),Arterial,3,50,2333,13.1,81.0,Clear,24.3,0.0,0,1,3
2026-07-13 20:00,SEG_02,Eastern Bypass Corridor (Rau to Kanadia),Highway,4,80,4515,17.8,87.8,Clear,24.3,0.0,0,0,3
2026-07-13 20:00,SEG_03,Ring Road Section 3 (Robot Square to Radisson),Arterial,3,55,2545,8.0,91.6,Clear,24.3,0.0,0,0,3
2026-07-13 20:00,SEG_04,Super Corridor West (Airport to MR10),Expressway,4,85,5786,15.9,98.0,Clear,24.3,0.0,0,0,3
2026-07-13 20:00,SEG_05,Bhawarkua Arterial (University to Tower Square),Collector,2,45,1415,11.3,87.8,Clear,24.3,0.0,0,0,3
2026-07-13 20:00,SEG_06,MR-10 Expressway Link (Tigaria to Vijay Nagar),Expressway,3,70,2760,25.7,77.1,Clear,24.3,0.0,0,0,2
2026-07-13 20:00,SEG_07,Annapurna Road Corridor (Ranjeet Hanuman to Mhow),Collector,2,40,1443,8.0,90.7,Clear,24.3,0.0,0,1,3
2026-07-13 20:00,SEG_08,Vijay Nagar Central Junction (Brilliant to Scheme 54),Arterial,3,50,2467,12.8,84.7,Clear,24.3,0.0,0,0,3
2026-07-13 22:00,SEG_01,AB Road Central (Palasia to Geeta Bhawan),Arterial,3,50,1346,26.9,46.2,Cloudy,21.4,0.0,0,1,1
2026-07-13 22:00,SEG_02,Eastern Bypass Corridor (Rau to Kanadia),Highway,4,80,2943,50.1,52.7,Cloudy,21.4,0.0,0,0,1
2026-07-13 22:00,SEG_03,Ring Road Section 3 (Robot Square to Radisson),Arterial,3,55,1046,45.0,34.2,Cloudy,21.4,0.0,0,0,0
2026-07-13 22:00,SEG_04,Super Corridor West (Airport to MR10),Expressway,4,85,2444,64.1,40.5,Cloudy,21.4,0.0,0,0,1
2026-07-13 22:00,SEG_05,Bhawarkua Arterial (University to Tower Square),Collector,2,45,695,34.6,35.7,Cloudy,21.4,0.0,0,0,1
2026-07-13 22:00,SEG_06,MR-10 Expressway Link (Tigaria to Vijay Nagar),Expressway,3,70,1766,47.0,46.6,Cloudy,21.4,0.0,0,0,1
2026-07-13 22:00,SEG_07,Annapurna Road Corridor (Ranjeet Hanuman to Mhow),Collector,2,40,754,21.1,50.7,Cloudy,21.4,0.0,0,1,2
2026-07-13 22:00,SEG_08,Vijay Nagar Central Junction (Brilliant to Scheme 54),Arterial,3,50,1432,34.9,45.0,Cloudy,21.4,0.0,0,0,1
2026-07-14 00:00,SEG_01,AB Road Central (Palasia to Geeta Bhawan),Arterial,3,50,384,38.3,16.3,Clear,20.7,0.0,0,1,0
2026-07-14 00:00,SEG_02,Eastern Bypass Corridor (Rau to Kanadia),Highway,4,80,1452,70.9,23.3,Clear,20.7,0.0,0,0,0
2026-07-14 00:00,SEG_03,Ring Road Section 3 (Robot Square to Radisson),Arterial,3,55,325,52.8,8.6,Clear,20.7,0.0,0,0,0
2026-07-14 00:00,SEG_04,Super Corridor West (Airport to MR10),Expressway,4,85,592,83.1,5.2,Clear,20.7,0.0,0,0,0
2026-07-14 00:00,SEG_05,Bhawarkua Arterial (University to Tower Square),Collector,2,45,176,44.7,6.0,Clear,20.7,0.0,0,0,0
2026-07-14 00:00,SEG_06,MR-10 Expressway Link (Tigaria to Vijay Nagar),Expressway,3,70,410,68.1,11.9,Clear,20.7,0.0,0,0,0
2026-07-14 00:00,SEG_07,Annapurna Road Corridor (Ranjeet Hanuman to Mhow),Collector,2,40,212,30.2,15.4,Clear,20.7,0.0,0,1,0
2026-07-14 00:00,SEG_08,Vijay Nagar Central Junction (Brilliant to Scheme 54),Arterial,3,50,438,49.1,13.0,Clear,20.7,0.0,0,0,0
2026-07-14 02:00,SEG_01,AB Road Central (Palasia to Geeta Bhawan),Arterial,3,50,395,39.5,17.0,Cloudy,22.0,0.0,0,1,0
2026-07-14 02:00,SEG_02,Eastern Bypass Corridor (Rau to Kanadia),Highway,4,80,1254,71.6,19.4,Cloudy,22.0,0.0,0,0,0
2026-07-14 02:00,SEG_03,Ring Road Section 3 (Robot Square to Radisson),Arterial,3,55,279,55,7.1,Cloudy,22.0,0.0,0,0,0
2026-07-14 02:00,SEG_04,Super Corridor West (Airport to MR10),Expressway,4,85,666,81.1,9.9,Cloudy,22.0,0.0,0,0,0
2026-07-14 02:00,SEG_05,Bhawarkua Arterial (University to Tower Square),Collector,2,45,167,42.1,9.8,Cloudy,22.0,0.0,0,0,0
2026-07-14 02:00,SEG_06,MR-10 Expressway Link (Tigaria to Vijay Nagar),Expressway,3,70,419,68.3,7.1,Cloudy,22.0,0.0,0,0,0
2026-07-14 02:00,SEG_07,Annapurna Road Corridor (Ranjeet Hanuman to Mhow),Collector,2,40,205,30.0,17.5,Cloudy,22.0,0.0,0,1,0
2026-07-14 02:00,SEG_08,Vijay Nagar Central Junction (Brilliant to Scheme 54),Arterial,3,50,383,48.9,9.0,Cloudy,22.0,0.0,0,0,0
2026-07-14 04:00,SEG_01,AB Road Central (Palasia to Geeta Bhawan),Arterial,3,50,373,38.8,17.1,Clear,25.4,0.0,0,1,0
2026-07-14 04:00,SEG_02,Eastern Bypass Corridor (Rau to Kanadia),Highway,4,80,1287,73.1,20.6,Clear,25.4,0.0,0,0,0
2026-07-14 04:00,SEG_03,Ring Road Section 3 (Robot Square to Radisson),Arterial,3,55,272,53.8,6.8,Clear,25.4,0.0,0,0,0
2026-07-14 04:00,SEG_04,Super Corridor West (Airport to MR10),Expressway,4,85,762,80.2,13.2,Clear,25.4,0.0,0,0,0
2026-07-14 04:00,SEG_05,Bhawarkua Arterial (University to Tower Square),Collector,2,45,212,42.9,12.1,Clear,25.4,0.0,0,0,0
2026-07-14 04:00,SEG_06,MR-10 Expressway Link (Tigaria to Vijay Nagar),Expressway,3,70,492,66.9,9.0,Clear,25.4,0.0,0,0,0
2026-07-14 04:00,SEG_07,Annapurna Road Corridor (Ranjeet Hanuman to Mhow),Collector,2,40,169,29.9,17.2,Clear,25.4,0.0,0,1,0
2026-07-14 04:00,SEG_08,Vijay Nagar Central Junction (Brilliant to Scheme 54),Arterial,3,50,291,49.5,9.2,Clear,25.4,0.0,0,0,0
2026-07-14 06:00,SEG_01,AB Road Central (Palasia to Geeta Bhawan),Arterial,3,50,1205,30.1,41.6,Cloudy,25.4,0.0,0,1,1
2026-07-14 06:00,SEG_02,Eastern Bypass Corridor (Rau to Kanadia),Highway,4,80,2523,56.8,47.0,Cloudy,25.4,0.0,0,0,1
2026-07-14 06:00,SEG_03,Ring Road Section 3 (Robot Square to Radisson),Arterial,3,55,1121,44.0,34.3,Cloudy,25.4,0.0,0,0,0
2026-07-14 06:00,SEG_04,Super Corridor West (Airport to MR10),Expressway,4,85,2807,58.6,47.7,Cloudy,25.4,0.0,0,0,1
2026-07-14 06:00,SEG_05,Bhawarkua Arterial (University to Tower Square),Collector,2,45,633,36.2,35.2,Cloudy,25.4,0.0,0,0,0
2026-07-14 06:00,SEG_06,MR-10 Expressway Link (Tigaria to Vijay Nagar),Expressway,3,70,1648,50.4,42.4,Cloudy,25.4,0.0,0,0,1
2026-07-14 06:00,SEG_07,Annapurna Road Corridor (Ranjeet Hanuman to Mhow),Collector,2,40,725,22.1,49.9,Cloudy,25.4,0.0,0,1,2
2026-07-14 06:00,SEG_08,Vijay Nagar Central Junction (Brilliant to Scheme 54),Arterial,3,50,1163,39.4,32.6,Cloudy,25.4,0.0,0,0,0
2026-07-14 08:00,SEG_01,AB Road Central (Palasia to Geeta Bhawan),Arterial,3,50,2461,13.0,80.5,Cloudy,17.2,0.0,0,1,3
2026-07-14 08:00,SEG_02,Eastern Bypass Corridor (Rau to Kanadia),Highway,4,80,3927,29.3,72.2,Cloudy,17.2,0.0,0,0,2
2026-07-14 08:00,SEG_03,Ring Road Section 3 (Robot Square to Radisson),Arterial,3,55,2557,10.4,90.7,Cloudy,17.2,0.0,0,0,3
2026-07-14 08:00,SEG_04,Super Corridor West (Airport to MR10),Expressway,4,85,5335,13.4,96.0,Cloudy,17.2,0.0,0,0,3
2026-07-14 08:00,SEG_05,Bhawarkua Arterial (University to Tower Square),Collector,2,45,1518,8.0,95.1,Cloudy,17.2,0.0,0,0,3
2026-07-14 08:00,SEG_06,MR-10 Expressway Link (Tigaria to Vijay Nagar),Expressway,3,70,3069,16.1,86.5,Cloudy,17.2,0.0,0,0,3
2026-07-14 08:00,SEG_07,Annapurna Road Corridor (Ranjeet Hanuman to Mhow),Collector,2,40,1266,9.1,83.3,Cloudy,17.2,0.0,0,1,3
2026-07-14 08:00,SEG_08,Vijay Nagar Central Junction (Brilliant to Scheme 54),Arterial,3,50,3028,8.7,98.0,Cloudy,17.2,0.0,0,0,3
2026-07-14 10:00,SEG_01,AB Road Central (Palasia to Geeta Bhawan),Arterial,3,50,2226,14.7,74.6,Cloudy,19.3,0.0,0,1,3
2026-07-14 10:00,SEG_02,Eastern Bypass Corridor (Rau to Kanadia),Highway,4,80,4557,16.0,91.9,Cloudy,19.3,0.0,0,0,3
2026-07-14 10:00,SEG_03,Ring Road Section 3 (Robot Square to Radisson),Arterial,3,55,2430,14.6,86.6,Cloudy,19.3,0.0,0,0,3
2026-07-14 10:00,SEG_04,Super Corridor West (Airport to MR10),Expressway,4,85,4805,23.0,86.3,Cloudy,19.3,0.0,0,0,3
2026-07-14 10:00,SEG_05,Bhawarkua Arterial (University to Tower Square),Collector,2,45,1226,16.1,74.6,Cloudy,19.3,0.0,0,0,2
2026-07-14 10:00,SEG_06,MR-10 Expressway Link (Tigaria to Vijay Nagar),Expressway,3,70,3394,14.6,92.9,Cloudy,19.3,0.0,0,0,3
2026-07-14 10:00,SEG_07,Annapurna Road Corridor (Ranjeet Hanuman to Mhow),Collector,2,40,1140,13.2,72.7,Cloudy,19.3,0.0,0,1,3
2026-07-14 10:00,SEG_08,Vijay Nagar Central Junction (Brilliant to Scheme 54),Arterial,3,50,2584,12.0,88.3,Cloudy,19.3,0.0,0,0,3
2026-07-14 12:00,SEG_01,AB Road Central (Palasia to Geeta Bhawan),Arterial,3,50,1555,25.6,51.6,Clear,33.9,0.0,0,1,2
2026-07-14 12:00,SEG_02,Eastern Bypass Corridor (Rau to Kanadia),Highway,4,80,2590,54.6,46.2,Clear,33.9,0.0,0,0,1
2026-07-14 12:00,SEG_03,Ring Road Section 3 (Robot Square to Radisson),Arterial,3,55,1787,30.2,62.3,Clear,33.9,0.0,0,0,1
2026-07-14 12:00,SEG_04,Super Corridor West (Airport to MR10),Expressway,4,85,3279,49.7,57.6,Clear,33.9,0.0,0,0,1
2026-07-14 12:00,SEG_05,Bhawarkua Arterial (University to Tower Square),Collector,2,45,958,26.2,55.4,Clear,33.9,0.0,0,0,1
2026-07-14 12:00,SEG_06,MR-10 Expressway Link (Tigaria to Vijay Nagar),Expressway,3,70,2238,35.5,63.1,Clear,33.9,0.0,0,0,2
2026-07-14 12:00,SEG_07,Annapurna Road Corridor (Ranjeet Hanuman to Mhow),Collector,2,40,808,21.1,50.6,Clear,33.9,0.0,0,1,2
2026-07-14 12:00,SEG_08,Vijay Nagar Central Junction (Brilliant to Scheme 54),Arterial,3,50,1845,27.6,58.1,Clear,33.9,0.0,0,0,1
2026-07-14 14:00,SEG_01,AB Road Central (Palasia to Geeta Bhawan),Arterial,3,50,1817,21.6,63.0,Clear,35.2,0.0,0,1,2
2026-07-14 14:00,SEG_02,Eastern Bypass Corridor (Rau to Kanadia),Highway,4,80,3546,35.6,65.0,Clear,35.2,0.0,0,0,2
2026-07-14 14:00,SEG_03,Ring Road Section 3 (Robot Square to Radisson),Arterial,3,55,1824,29.4,61.7,Clear,35.2,0.0,0,0,2
2026-07-14 14:00,SEG_04,Super Corridor West (Airport to MR10),Expressway,4,85,3283,48.8,57.7,Clear,35.2,0.0,0,0,1
2026-07-14 14:00,SEG_05,Bhawarkua Arterial (University to Tower Square),Collector,2,45,920,28.7,54.4,Clear,35.2,0.0,0,0,1
2026-07-14 14:00,SEG_06,MR-10 Expressway Link (Tigaria to Vijay Nagar),Expressway,3,70,1917,27.8,60.3,Clear,35.2,0.0,1,0,2
2026-07-14 14:00,SEG_07,Annapurna Road Corridor (Ranjeet Hanuman to Mhow),Collector,2,40,924,19.3,57.9,Clear,35.2,0.0,0,1,2
2026-07-14 14:00,SEG_08,Vijay Nagar Central Junction (Brilliant to Scheme 54),Arterial,3,50,1744,31.5,52.0,Clear,35.2,0.0,0,0,1
2026-07-14 16:00,SEG_01,AB Road Central (Palasia to Geeta Bhawan),Arterial,3,50,1786,22.1,59.2,Clear,29.2,0.0,0,1,2
2026-07-14 16:00,SEG_02,Eastern Bypass Corridor (Rau to Kanadia),Highway,4,80,2851,48.4,54.3,Clear,29.2,0.0,0,0,1
2026-07-14 16:00,SEG_03,Ring Road Section 3 (Robot Square to Radisson),Arterial,3,55,1615,32.2,53.7,Clear,29.2,0.0,0,0,1
2026-07-14 16:00,SEG_04,Super Corridor West (Airport to MR10),Expressway,4,85,2844,56.4,48.9,Clear,29.2,0.0,0,0,1
2026-07-14 16:00,SEG_05,Bhawarkua Arterial (University to Tower Square),Collector,2,45,826,29.9,48.9,Clear,29.2,0.0,0,0,1
2026-07-14 16:00,SEG_06,MR-10 Expressway Link (Tigaria to Vijay Nagar),Expressway,3,70,1955,42.0,51.8,Clear,29.2,0.0,0,0,1
2026-07-14 16:00,SEG_07,Annapurna Road Corridor (Ranjeet Hanuman to Mhow),Collector,2,40,823,20.2,56.4,Clear,29.2,0.0,0,1,2
2026-07-14 16:00,SEG_08,Vijay Nagar Central Junction (Brilliant to Scheme 54),Arterial,3,50,1774,29.5,54.5,Clear,29.2,0.0,0,0,1
2026-07-14 18:00,SEG_01,AB Road Central (Palasia to Geeta Bhawan),Arterial,3,50,2614,10.1,90.4,Clear,26.6,0.0,0,1,3
2026-07-14 18:00,SEG_02,Eastern Bypass Corridor (Rau to Kanadia),Highway,4,80,4180,26.2,81.4,Clear,26.6,0.0,0,0,2
2026-07-14 18:00,SEG_03,Ring Road Section 3 (Robot Square to Radisson),Arterial,3,55,2690,10.9,93.3,Clear,26.6,0.0,0,0,3
2026-07-14 18:00,SEG_04,Super Corridor West (Airport to MR10),Expressway,4,85,4800,23.0,87.4,Clear,26.6,0.0,0,0,3
2026-07-14 18:00,SEG_05,Bhawarkua Arterial (University to Tower Square),Collector,2,45,1711,8.3,98.0,Clear,26.6,0.0,0,0,3
2026-07-14 18:00,SEG_06,MR-10 Expressway Link (Tigaria to Vijay Nagar),Expressway,3,70,3181,10.6,92.2,Clear,26.6,0.0,0,0,3
2026-07-14 18:00,SEG_07,Annapurna Road Corridor (Ranjeet Hanuman to Mhow),Collector,2,40,1257,8.5,84.0,Clear,26.6,0.0,0,1,3
2026-07-14 18:00,SEG_08,Vijay Nagar Central Junction (Brilliant to Scheme 54),Arterial,3,50,2700,8.2,93.8,Clear,26.6,0.0,0,0,3
2026-07-14 20:00,SEG_01,AB Road Central (Palasia to Geeta Bhawan),Arterial,3,50,2705,8.0,92.6,Clear,23.4,0.0,0,1,3
2026-07-14 20:00,SEG_02,Eastern Bypass Corridor (Rau to Kanadia),Highway,4,80,4212,22.1,79.0,Clear,23.4,0.0,0,0,3
2026-07-14 20:00,SEG_03,Ring Road Section 3 (Robot Square to Radisson),Arterial,3,55,2371,14.3,81.8,Clear,23.4,0.0,0,0,3
2026-07-14 20:00,SEG_04,Super Corridor West (Airport to MR10),Expressway,4,85,4945,18.1,85.8,Clear,23.4,0.0,0,0,3
2026-07-14 20:00,SEG_05,Bhawarkua Arterial (University to Tower Square),Collector,2,45,1592,8.0,94.2,Clear,23.4,0.0,0,0,3
2026-07-14 20:00,SEG_06,MR-10 Expressway Link (Tigaria to Vijay Nagar),Expressway,3,70,2723,24.0,76.5,Clear,23.4,0.0,0,0,2
2026-07-14 20:00,SEG_07,Annapurna Road Corridor (Ranjeet Hanuman to Mhow),Collector,2,40,1397,8.0,93.3,Clear,23.4,0.0,0,1,3
2026-07-14 20:00,SEG_08,Vijay Nagar Central Junction (Brilliant to Scheme 54),Arterial,3,50,2454,15.4,81.9,Clear,23.4,0.0,0,0,3
2026-07-14 22:00,SEG_01,AB Road Central (Palasia to Geeta Bhawan),Arterial,3,50,1264,30.1,44.1,Clear,22.0,0.0,0,1,1
2026-07-14 22:00,SEG_02,Eastern Bypass Corridor (Rau to Kanadia),Highway,4,80,2795,51.6,48.4,Clear,22.0,0.0,0,0,1
2026-07-14 22:00,SEG_03,Ring Road Section 3 (Robot Square to Radisson),Arterial,3,55,1277,38.7,43.3,Clear,22.0,0.0,0,0,1
2026-07-14 22:00,SEG_04,Super Corridor West (Airport to MR10),Expressway,4,85,2006,67.4,34.7,Clear,22.0,0.0,0,0,0
2026-07-14 22:00,SEG_05,Bhawarkua Arterial (University to Tower Square),Collector,2,45,701,35.6,39.4,Clear,22.0,0.0,0,0,1
2026-07-14 22:00,SEG_06,MR-10 Expressway Link (Tigaria to Vijay Nagar),Expressway,3,70,1320,54.6,35.1,Clear,22.0,0.0,0,0,0
2026-07-14 22:00,SEG_07,Annapurna Road Corridor (Ranjeet Hanuman to Mhow),Collector,2,40,631,23.5,40.3,Clear,22.0,0.0,0,1,1
2026-07-14 22:00,SEG_08,Vijay Nagar Central Junction (Brilliant to Scheme 54),Arterial,3,50,1218,38.8,33.2,Clear,22.0,0.0,0,0,1
2026-07-15 00:00,SEG_01,AB Road Central (Palasia to Geeta Bhawan),Arterial,3,50,416,40.7,14.0,Foggy,17.6,0.0,0,0,0
2026-07-15 00:00,SEG_02,Eastern Bypass Corridor (Rau to Kanadia),Highway,4,80,1063,63.9,24.2,Foggy,17.6,0.0,0,0,0
2026-07-15 00:00,SEG_03,Ring Road Section 3 (Robot Square to Radisson),Arterial,3,55,272,46.8,12.8,Foggy,17.6,0.0,0,0,0
2026-07-15 00:00,SEG_04,Super Corridor West (Airport to MR10),Expressway,4,85,530,71.3,9.6,Foggy,17.6,0.0,0,0,0
2026-07-15 00:00,SEG_05,Bhawarkua Arterial (University to Tower Square),Collector,2,45,216,37.0,12.9,Foggy,17.6,0.0,0,0,0
2026-07-15 00:00,SEG_06,MR-10 Expressway Link (Tigaria to Vijay Nagar),Expressway,3,70,336,59.7,14.6,Foggy,17.6,0.0,0,0,0
2026-07-15 00:00,SEG_07,Annapurna Road Corridor (Ranjeet Hanuman to Mhow),Collector,2,40,201,32.9,17.3,Foggy,17.6,0.0,0,0,0
2026-07-15 00:00,SEG_08,Vijay Nagar Central Junction (Brilliant to Scheme 54),Arterial,3,50,327,42.0,13.2,Foggy,17.6,0.0,0,0,0
2026-07-15 02:00,SEG_01,AB Road Central (Palasia to Geeta Bhawan),Arterial,3,50,336,30.4,21.6,Clear,24.0,0.0,1,0,1
2026-07-15 02:00,SEG_02,Eastern Bypass Corridor (Rau to Kanadia),Highway,4,80,1204,73.4,19.6,Clear,24.0,0.0,0,0,0
2026-07-15 02:00,SEG_03,Ring Road Section 3 (Robot Square to Radisson),Arterial,3,55,305,54.2,8.8,Clear,24.0,0.0,0,0,0
2026-07-15 02:00,SEG_04,Super Corridor West (Airport to MR10),Expressway,4,85,779,81.7,11.7,Clear,24.0,0.0,0,0,0
2026-07-15 02:00,SEG_05,Bhawarkua Arterial (University to Tower Square),Collector,2,45,159,43.6,9.4,Clear,24.0,0.0,0,0,0
2026-07-15 02:00,SEG_06,MR-10 Expressway Link (Tigaria to Vijay Nagar),Expressway,3,70,360,70,6.3,Clear,24.0,0.0,0,0,0
2026-07-15 02:00,SEG_07,Annapurna Road Corridor (Ranjeet Hanuman to Mhow),Collector,2,40,173,39.9,7.3,Clear,24.0,0.0,0,0,0
2026-07-15 02:00,SEG_08,Vijay Nagar Central Junction (Brilliant to Scheme 54),Arterial,3,50,300,48.8,8.5,Clear,24.0,0.0,0,0,0
2026-07-15 04:00,SEG_01,AB Road Central (Palasia to Geeta Bhawan),Arterial,3,50,323,47.6,11.3,Clear,24.2,0.0,0,0,0
2026-07-15 04:00,SEG_02,Eastern Bypass Corridor (Rau to Kanadia),Highway,4,80,1272,72.9,22.9,Clear,24.2,0.0,0,0,0
2026-07-15 04:00,SEG_03,Ring Road Section 3 (Robot Square to Radisson),Arterial,3,55,410,53.2,10.3,Clear,24.2,0.0,0,0,0
2026-07-15 04:00,SEG_04,Super Corridor West (Airport to MR10),Expressway,4,85,717,81.6,11.8,Clear,24.2,0.0,0,0,0
2026-07-15 04:00,SEG_05,Bhawarkua Arterial (University to Tower Square),Collector,2,45,241,44.0,8.9,Clear,24.2,0.0,0,0,0
2026-07-15 04:00,SEG_06,MR-10 Expressway Link (Tigaria to Vijay Nagar),Expressway,3,70,371,67.7,11.0,Clear,24.2,0.0,0,0,0
2026-07-15 04:00,SEG_07,Annapurna Road Corridor (Ranjeet Hanuman to Mhow),Collector,2,40,136,37.8,7.9,Clear,24.2,0.0,0,0,0
2026-07-15 04:00,SEG_08,Vijay Nagar Central Junction (Brilliant to Scheme 54),Arterial,3,50,413,48.9,10.6,Clear,24.2,0.0,0,0,0
2026-07-15 06:00,SEG_01,AB Road Central (Palasia to Geeta Bhawan),Arterial,3,50,1455,34.7,44.0,Clear,27.1,0.0,0,0,1
2026-07-15 06:00,SEG_02,Eastern Bypass Corridor (Rau to Kanadia),Highway,4,80,2237,59.2,39.4,Clear,27.1,0.0,0,0,1
2026-07-15 06:00,SEG_03,Ring Road Section 3 (Robot Square to Radisson),Arterial,3,55,1180,42.2,38.7,Clear,27.1,0.0,0,0,1
2026-07-15 06:00,SEG_04,Super Corridor West (Airport to MR10),Expressway,4,85,2830,56.0,48.9,Clear,27.1,0.0,0,0,1
2026-07-15 06:00,SEG_05,Bhawarkua Arterial (University to Tower Square),Collector,2,45,771,33.6,41.5,Clear,27.1,0.0,0,0,1
2026-07-15 06:00,SEG_06,MR-10 Expressway Link (Tigaria to Vijay Nagar),Expressway,3,70,1429,52.1,38.9,Clear,27.1,0.0,0,0,1
2026-07-15 06:00,SEG_07,Annapurna Road Corridor (Ranjeet Hanuman to Mhow),Collector,2,40,664,28.4,42.3,Clear,27.1,0.0,0,0,1
2026-07-15 06:00,SEG_08,Vijay Nagar Central Junction (Brilliant to Scheme 54),Arterial,3,50,1074,40.3,31.6,Clear,27.1,0.0,0,0,0
2026-07-15 08:00,SEG_01,AB Road Central (Palasia to Geeta Bhawan),Arterial,3,50,2456,15.0,79.1,Clear,31.8,0.0,0,0,3
2026-07-15 08:00,SEG_02,Eastern Bypass Corridor (Rau to Kanadia),Highway,4,80,5284,13.2,98.0,Clear,31.8,0.0,0,0,3
2026-07-15 08:00,SEG_03,Ring Road Section 3 (Robot Square to Radisson),Arterial,3,55,2549,10.5,93.1,Clear,31.8,0.0,0,0,3
2026-07-15 08:00,SEG_04,Super Corridor West (Airport to MR10),Expressway,4,85,5512,14.9,97.9,Clear,31.8,0.0,0,0,3
2026-07-15 08:00,SEG_05,Bhawarkua Arterial (University to Tower Square),Collector,2,45,1345,12.1,80.0,Clear,31.8,0.0,0,0,3
2026-07-15 08:00,SEG_06,MR-10 Expressway Link (Tigaria to Vijay Nagar),Expressway,3,70,2983,18.3,87.0,Clear,31.8,0.0,0,0,3
2026-07-15 08:00,SEG_07,Annapurna Road Corridor (Ranjeet Hanuman to Mhow),Collector,2,40,1153,15.3,75.0,Clear,31.8,0.0,0,0,2
2026-07-15 08:00,SEG_08,Vijay Nagar Central Junction (Brilliant to Scheme 54),Arterial,3,50,2674,10.4,89.0,Clear,31.8,0.0,0,0,3
2026-07-15 10:00,SEG_01,AB Road Central (Palasia to Geeta Bhawan),Arterial,3,50,2622,10.4,90.8,Clear,33.0,0.0,0,0,3
2026-07-15 10:00,SEG_02,Eastern Bypass Corridor (Rau to Kanadia),Highway,4,80,4062,25.3,81.2,Clear,33.0,0.0,0,0,2
2026-07-15 10:00,SEG_03,Ring Road Section 3 (Robot Square to Radisson),Arterial,3,55,2163,18.2,76.1,Clear,33.0,0.0,0,0,2
2026-07-15 10:00,SEG_04,Super Corridor West (Airport to MR10),Expressway,4,85,5133,15.6,93.3,Clear,33.0,0.0,0,0,3
2026-07-15 10:00,SEG_05,Bhawarkua Arterial (University to Tower Square),Collector,2,45,1228,16.7,73.7,Clear,33.0,0.0,0,0,2
2026-07-15 10:00,SEG_06,MR-10 Expressway Link (Tigaria to Vijay Nagar),Expressway,3,70,3306,11.4,95.5,Clear,33.0,0.0,0,0,3
2026-07-15 10:00,SEG_07,Annapurna Road Corridor (Ranjeet Hanuman to Mhow),Collector,2,40,1238,12.5,82.1,Clear,33.0,0.0,0,0,2
2026-07-15 10:00,SEG_08,Vijay Nagar Central Junction (Brilliant to Scheme 54),Arterial,3,50,2533,14.4,83.6,Clear,33.0,0.0,0,0,3
2026-07-15 12:00,SEG_01,AB Road Central (Palasia to Geeta Bhawan),Arterial,3,50,1637,29.6,50.9,Clear,32.3,0.0,0,0,1
2026-07-15 12:00,SEG_02,Eastern Bypass Corridor (Rau to Kanadia),Highway,4,80,3116,46.5,53.8,Clear,32.3,0.0,0,0,1
2026-07-15 12:00,SEG_03,Ring Road Section 3 (Robot Square to Radisson),Arterial,3,55,1651,34.0,51.9,Clear,32.3,0.0,0,0,1
2026-07-15 12:00,SEG_04,Super Corridor West (Airport to MR10),Expressway,4,85,3485,48.5,57.4,Clear,32.3,0.0,0,0,1
2026-07-15 12:00,SEG_05,Bhawarkua Arterial (University to Tower Square),Collector,2,45,882,30.4,49.2,Clear,32.3,0.0,0,0,1
2026-07-15 12:00,SEG_06,MR-10 Expressway Link (Tigaria to Vijay Nagar),Expressway,3,70,1802,47.9,45.1,Clear,32.3,0.0,0,0,1
2026-07-15 12:00,SEG_07,Annapurna Road Corridor (Ranjeet Hanuman to Mhow),Collector,2,40,1020,18.7,62.9,Clear,32.3,0.0,0,0,2
2026-07-15 12:00,SEG_08,Vijay Nagar Central Junction (Brilliant to Scheme 54),Arterial,3,50,1508,32.1,47.3,Clear,32.3,0.0,0,0,1
2026-07-15 14:00,SEG_01,AB Road Central (Palasia to Geeta Bhawan),Arterial,3,50,1977,26.7,61.4,Cloudy,16.4,0.0,0,0,2
2026-07-15 14:00,SEG_02,Eastern Bypass Corridor (Rau to Kanadia),Highway,4,80,2816,51.4,47.8,Cloudy,16.4,0.0,0,0,1
2026-07-15 14:00,SEG_03,Ring Road Section 3 (Robot Square to Radisson),Arterial,3,55,1541,35.5,50.8,Cloudy,16.4,0.0,0,0,1
2026-07-15 14:00,SEG_04,Super Corridor West (Airport to MR10),Expressway,4,85,3275,49.0,57.6,Cloudy,16.4,0.0,0,0,1
2026-07-15 14:00,SEG_05,Bhawarkua Arterial (University to Tower Square),Collector,2,45,902,28.4,52.8,Cloudy,16.4,0.0,0,0,1
2026-07-15 14:00,SEG_06,MR-10 Expressway Link (Tigaria to Vijay Nagar),Expressway,3,70,1719,48.6,46.7,Cloudy,16.4,0.0,0,0,1
2026-07-15 14:00,SEG_07,Annapurna Road Corridor (Ranjeet Hanuman to Mhow),Collector,2,40,789,27.3,48.6,Cloudy,16.4,0.0,0,0,1
2026-07-15 14:00,SEG_08,Vijay Nagar Central Junction (Brilliant to Scheme 54),Arterial,3,50,1894,26.7,60.1,Cloudy,16.4,0.0,0,0,2
2026-07-15 16:00,SEG_01,AB Road Central (Palasia to Geeta Bhawan),Arterial,3,50,1687,29.0,56.3,Clear,30.7,0.0,0,0,1
2026-07-15 16:00,SEG_02,Eastern Bypass Corridor (Rau to Kanadia),Highway,4,80,3024,49.0,51.9,Clear,30.7,0.0,0,0,1
2026-07-15 16:00,SEG_03,Ring Road Section 3 (Robot Square to Radisson),Arterial,3,55,1591,32.2,52.8,Clear,30.7,0.0,0,0,1
2026-07-15 16:00,SEG_04,Super Corridor West (Airport to MR10),Expressway,4,85,3273,52.1,52.1,Clear,30.7,0.0,0,0,1
2026-07-15 16:00,SEG_05,Bhawarkua Arterial (University to Tower Square),Collector,2,45,863,30.1,47.3,Clear,30.7,0.0,0,0,1
2026-07-15 16:00,SEG_06,MR-10 Expressway Link (Tigaria to Vijay Nagar),Expressway,3,70,1904,43.3,49.8,Clear,30.7,0.0,0,0,1
2026-07-15 16:00,SEG_07,Annapurna Road Corridor (Ranjeet Hanuman to Mhow),Collector,2,40,927,20.8,56.8,Clear,30.7,0.0,0,0,1
2026-07-15 16:00,SEG_08,Vijay Nagar Central Junction (Brilliant to Scheme 54),Arterial,3,50,1665,32.8,50.4,Clear,30.7,0.0,0,0,1
2026-07-15 18:00,SEG_01,AB Road Central (Palasia to Geeta Bhawan),Arterial,3,50,2609,10.8,88.5,Clear,28.8,0.0,0,0,3
2026-07-15 18:00,SEG_02,Eastern Bypass Corridor (Rau to Kanadia),Highway,4,80,5102,16.3,93.6,Clear,28.8,0.0,0,0,3
2026-07-15 18:00,SEG_03,Ring Road Section 3 (Robot Square to Radisson),Arterial,3,55,2527,9.6,90.8,Clear,28.8,0.0,0,0,3
2026-07-15 18:00,SEG_04,Super Corridor West (Airport to MR10),Expressway,4,85,6066,14.8,98.0,Clear,28.8,0.0,0,0,3
2026-07-15 18:00,SEG_05,Bhawarkua Arterial (University to Tower Square),Collector,2,45,1732,8.7,98.0,Clear,28.8,0.0,0,0,3
2026-07-15 18:00,SEG_06,MR-10 Expressway Link (Tigaria to Vijay Nagar),Expressway,3,70,2921,19.1,82.2,Clear,28.8,0.0,0,0,3
2026-07-15 18:00,SEG_07,Annapurna Road Corridor (Ranjeet Hanuman to Mhow),Collector,2,40,1398,8.0,89.0,Clear,28.8,0.0,0,0,3
2026-07-15 18:00,SEG_08,Vijay Nagar Central Junction (Brilliant to Scheme 54),Arterial,3,50,3043,10.4,95.3,Clear,28.8,0.0,0,0,3
2026-07-15 20:00,SEG_01,AB Road Central (Palasia to Geeta Bhawan),Arterial,3,50,2553,13.2,84.6,Cloudy,23.0,0.0,0,0,3
2026-07-15 20:00,SEG_02,Eastern Bypass Corridor (Rau to Kanadia),Highway,4,80,4836,9.9,97.5,Cloudy,23.0,0.0,1,0,3
2026-07-15 20:00,SEG_03,Ring Road Section 3 (Robot Square to Radisson),Arterial,3,55,2565,11.9,92.4,Cloudy,23.0,0.0,0,0,3
2026-07-15 20:00,SEG_04,Super Corridor West (Airport to MR10),Expressway,4,85,4407,29.3,75.2,Cloudy,23.0,0.0,0,0,2
2026-07-15 20:00,SEG_05,Bhawarkua Arterial (University to Tower Square),Collector,2,45,1411,12.0,83.2,Cloudy,23.0,0.0,0,0,3
2026-07-15 20:00,SEG_06,MR-10 Expressway Link (Tigaria to Vijay Nagar),Expressway,3,70,3047,16.4,85.5,Cloudy,23.0,0.0,0,0,3
2026-07-15 20:00,SEG_07,Annapurna Road Corridor (Ranjeet Hanuman to Mhow),Collector,2,40,1402,8.0,90.9,Cloudy,23.0,0.0,0,0,3
2026-07-15 20:00,SEG_08,Vijay Nagar Central Junction (Brilliant to Scheme 54),Arterial,3,50,2565,8.0,86.1,Cloudy,23.0,0.0,1,0,3
2026-07-15 22:00,SEG_01,AB Road Central (Palasia to Geeta Bhawan),Arterial,3,50,1167,40.1,36.6,Cloudy,20.6,0.0,0,0,0
2026-07-15 22:00,SEG_02,Eastern Bypass Corridor (Rau to Kanadia),Highway,4,80,2653,54.4,45.0,Cloudy,20.6,0.0,0,0,1
2026-07-15 22:00,SEG_03,Ring Road Section 3 (Robot Square to Radisson),Arterial,3,55,1529,33.6,52.1,Cloudy,20.6,0.0,0,0,1
2026-07-15 22:00,SEG_04,Super Corridor West (Airport to MR10),Expressway,4,85,2484,39.9,47.9,Cloudy,20.6,0.0,1,0,2
2026-07-15 22:00,SEG_05,Bhawarkua Arterial (University to Tower Square),Collector,2,45,817,30.7,48.5,Cloudy,20.6,0.0,0,0,1
2026-07-15 22:00,SEG_06,MR-10 Expressway Link (Tigaria to Vijay Nagar),Expressway,3,70,1610,49.1,42.4,Cloudy,20.6,0.0,0,0,1
2026-07-15 22:00,SEG_07,Annapurna Road Corridor (Ranjeet Hanuman to Mhow),Collector,2,40,693,29.5,43.1,Cloudy,20.6,0.0,0,0,1
2026-07-15 22:00,SEG_08,Vijay Nagar Central Junction (Brilliant to Scheme 54),Arterial,3,50,1381,36.4,43.8,Cloudy,20.6,0.0,0,0,1
